k,rep,call_idx,call_time_ms
1,1,1,1202.360387
1,2,1,1380.288582
1,3,1,1207.314238
1,4,1,1210.993125
1,5,1,1214.496152
1,6,1,1204.662962
1,7,1,1215.700448
1,8,1,1203.619188
1,9,1,1212.889558
1,10,1,1383.040275
1,11,1,1200.606008
1,12,1,1212.974493
1,13,1,1209.826957
1,14,1,1202.596369
1,15,1,1218.926072
1,16,1,1213.524541
1,17,1,1213.660506
1,18,1,1385.447619
1,19,1,1215.810079
1,20,1,1215.721350
1,21,1,1203.547600
1,22,1,1212.861407
1,23,1,1382.032365
1,24,1,1212.240248
1,25,1,1213.806452
1,26,1,1207.910430
1,27,1,1218.894353
1,28,1,1207.472363
1,29,1,1201.102488
1,30,1,1212.361962
1,31,1,1208.204526
1,32,1,1222.235345
1,33,1,1214.871373
1,34,1,1210.191297
1,35,1,1215.112384
1,36,1,1206.962314
1,37,1,1218.228561
1,38,1,1216.482985
1,39,1,1214.584704
1,40,1,1208.267844
1,41,1,1214.144371
1,42,1,1213.833166
1,43,1,1205.651416
1,44,1,1210.919997
1,45,1,1383.895093
1,46,1,1210.328280
1,47,1,1210.860760
1,48,1,1205.431082
1,49,1,1391.179258
1,50,1,1379.352544
3,1,1,1211.630458
3,1,2,1205.538436
3,1,3,1200.359864
3,2,1,1201.054669
3,2,2,1215.888192
3,2,3,1202.703532
3,3,1,1385.494251
3,3,2,1207.461850
3,3,3,1201.014359
3,4,1,1215.884370
3,4,2,1210.907520
3,4,3,1207.333391
3,5,1,1383.023738
3,5,2,1202.457019
3,5,3,1206.550645
3,6,1,1202.974567
3,6,2,1206.722126
3,6,3,1217.886409
3,7,1,1215.371684
3,7,2,1217.063542
3,7,3,1210.039092
3,8,1,1206.667208
3,8,2,1224.848151
3,8,3,1202.335759
3,9,1,1223.375144
3,9,2,1211.765439
3,9,3,1210.121343
3,10,1,1204.942139
3,10,2,1209.602348
3,10,3,1212.633413
3,11,1,1388.256870
3,11,2,1202.697554
3,11,3,1202.373090
3,12,1,1384.311989
3,12,2,1202.352625
3,12,3,1215.534342
3,13,1,1218.071190
3,13,2,1211.016305
3,13,3,1203.697719
3,14,1,1207.657979
3,14,2,1204.317437
3,14,3,1364.235373
3,15,1,1230.359019
3,15,2,1211.175036
3,15,3,1207.069948
3,16,1,1384.958845
3,16,2,1205.342511
3,16,3,1218.322052
3,17,1,1213.770934
3,17,2,1210.364407
3,17,3,1216.995904
3,18,1,1227.711408
3,18,2,1208.552696
3,18,3,1202.274415
3,19,1,1388.686866
3,19,2,1205.519395
3,19,3,1202.810028
3,20,1,1235.521354
3,20,2,1212.340035
3,20,3,1206.026480
3,21,1,1218.530025
3,21,2,1215.982814
3,21,3,1203.322400
3,22,1,1386.978805
3,22,2,1210.349821
3,22,3,1211.494482
3,23,1,1385.697344
3,23,2,1213.869170
3,23,3,1204.395636
3,24,1,1212.816553
3,24,2,1209.548974
3,24,3,1212.984702
3,25,1,1217.912008
3,25,2,1208.630655
3,25,3,1213.632077
3,26,1,1213.623134
3,26,2,1207.328475
3,26,3,1208.288558
3,27,1,1208.199703
3,27,2,1210.593417
3,27,3,1208.539063
3,28,1,1222.963283
3,28,2,1203.852256
3,28,3,1205.810515
3,29,1,1227.562768
3,29,2,1204.735492
3,29,3,1203.457105
3,30,1,1386.395304
3,30,2,1230.006554
3,30,3,1209.116678
3,31,1,1216.829523
3,31,2,1387.562746
3,31,3,1216.113193
3,32,1,1207.245480
3,32,2,1208.718926
3,32,3,1218.719881
3,33,1,1218.984941
3,33,2,1217.105206
3,33,3,1212.847793
3,34,1,1369.572639
3,34,2,1216.243126
3,34,3,1228.060145
3,35,1,1381.615863
3,35,2,1211.042339
3,35,3,1220.259493
3,36,1,1217.166383
3,36,2,1213.716753
3,36,3,1208.472975
3,37,1,1213.040010
3,37,2,1216.674177
3,37,3,1203.999339
3,38,1,1214.939609
3,38,2,1211.376249
3,38,3,1208.386517
3,39,1,1212.950215
3,39,2,1205.606175
3,39,3,1199.067799
3,40,1,1207.738977
3,40,2,1211.890212
3,40,3,1204.341100
3,41,1,1224.759398
3,41,2,1212.151847
3,41,3,1215.752950
3,42,1,1220.547418
3,42,2,1213.535568
3,42,3,1216.689675
3,43,1,1217.618152
3,43,2,1206.105258
3,43,3,1208.082675
3,44,1,1218.761822
3,44,2,1216.984143
3,44,3,1214.676585
3,45,1,1384.047972
3,45,2,1215.621469
3,45,3,1209.385498
3,46,1,1207.770968
3,46,2,1203.989561
3,46,3,1211.182899
3,47,1,1217.724264
3,47,2,1203.482852
3,47,3,1203.636418
3,48,1,1384.950545
3,48,2,1203.961402
3,48,3,1212.711479
3,49,1,1207.056417
3,49,2,1206.087945
3,49,3,1206.205080
3,50,1,1289.199368
3,50,2,1206.415516
3,50,3,1203.373125
5,1,1,1207.181071
5,1,2,1206.685961
5,1,3,1210.307235
5,1,4,1221.664388
5,1,5,1207.464733
5,2,1,1206.346021
5,2,2,1209.603320
5,2,3,1211.435462
5,2,4,1207.107537
5,2,5,1213.396795
5,3,1,1213.235475
5,3,2,1207.192084
5,3,3,1210.945244
5,3,4,1229.375496
5,3,5,1213.095795
5,4,1,1215.040346
5,4,2,1206.275811
5,4,3,1215.454209
5,4,4,1219.064878
5,4,5,1217.666024
5,5,1,1217.353603
5,5,2,1323.379264
5,5,3,1210.013395
5,5,4,1394.022489
5,5,5,1205.935178
5,6,1,1233.676742
5,6,2,1388.346812
5,6,3,1214.287214
5,6,4,1209.343170
5,6,5,1208.288208
5,7,1,1210.920868
5,7,2,1205.059155
5,7,3,1213.215583
5,7,4,1206.179668
5,7,5,1212.881904
5,8,1,1236.800019
5,8,2,1213.583680
5,8,3,1214.522572
5,8,4,1222.334744
5,8,5,1208.015418
5,9,1,1209.542734
5,9,2,1221.359596
5,9,3,1212.485914
5,9,4,1221.705855
5,9,5,1213.174871
5,10,1,1219.829275
5,10,2,1212.226177
5,10,3,1204.766012
5,10,4,1222.918300
5,10,5,1208.198145
5,11,1,1230.534867
5,11,2,1212.921770
5,11,3,1218.711812
5,11,4,1210.448551
5,11,5,1207.388113
5,12,1,1228.456158
5,12,2,1207.102397
5,12,3,1205.098955
5,12,4,1213.292769
5,12,5,1209.171638
5,13,1,1221.463665
5,13,2,1213.048505
5,13,3,1216.942762
5,13,4,1220.892105
5,13,5,1231.724964
5,14,1,1216.071776
5,14,2,1219.270840
5,14,3,1211.642712
5,14,4,1207.387387
5,14,5,1219.202235
5,15,1,1201.155548
5,15,2,1222.199476
5,15,3,1211.095964
5,15,4,1206.086599
5,15,5,1204.856342
5,16,1,1218.063408
5,16,2,1215.062679
5,16,3,1205.996138
5,16,4,1218.986680
5,16,5,1208.541720
5,17,1,1212.178046
5,17,2,1212.645450
5,17,3,1203.119648
5,17,4,1213.006747
5,17,5,1217.426708
5,18,1,1211.963593
5,18,2,1211.695581
5,18,3,1217.351063
5,18,4,1224.001174
5,18,5,1228.416595
5,19,1,1206.023203
5,19,2,1212.616505
5,19,3,1215.499205
5,19,4,1215.116102
5,19,5,1205.744211
5,20,1,1209.689114
5,20,2,1218.462362
5,20,3,1204.100507
5,20,4,1216.011376
5,20,5,1204.045021
5,21,1,1211.684329
5,21,2,1206.989029
5,21,3,1208.686478
5,21,4,1201.947243
5,21,5,1205.370460
5,22,1,1217.996862
5,22,2,1206.607629
5,22,3,1209.976039
5,22,4,1208.221861
5,22,5,1208.954053
5,23,1,1223.186899
5,23,2,1204.766738
5,23,3,1208.819640
5,23,4,1220.902573
5,23,5,1216.768692
5,24,1,1222.823224
5,24,2,1206.852074
5,24,3,1216.465236
5,24,4,1212.033915
5,24,5,1204.014361
5,25,1,1222.740967
5,25,2,1213.160980
5,25,3,1208.902996
5,25,4,1208.975023
5,25,5,1200.654172
5,26,1,1209.545574
5,26,2,1215.657605
5,26,3,1207.521874
5,26,4,1209.898389
5,26,5,1214.673818
5,27,1,1215.155905
5,27,2,1217.169674
5,27,3,1212.199457
5,27,4,1212.773638
5,27,5,1216.560058
5,28,1,1215.959262
5,28,2,1207.178225
5,28,3,1207.385818
5,28,4,1213.458711
5,28,5,1212.243773
5,29,1,1215.532355
5,29,2,1215.514821
5,29,3,1222.048815
5,29,4,1221.639530
5,29,5,1206.520160
5,30,1,1217.175444
5,30,2,1214.584721
5,30,3,1215.779109
5,30,4,1217.440589
5,30,5,1218.273300
5,31,1,1219.687722
5,31,2,1216.088855
5,31,3,1205.425540
5,31,4,1211.372692
5,31,5,1216.059326
5,32,1,1217.179982
5,32,2,1232.633527
5,32,3,1218.905622
5,32,4,1228.157017
5,32,5,1217.312293
5,33,1,1210.353669
5,33,2,1221.309678
5,33,3,1214.818405
5,33,4,1219.496290
5,33,5,1226.340546
5,34,1,1203.639973
5,34,2,1205.071596
5,34,3,1202.786442
5,34,4,1221.701287
5,34,5,1213.461487
5,35,1,1203.596998
5,35,2,1222.617656
5,35,3,1232.182326
5,35,4,1205.273652
5,35,5,1223.253343
5,36,1,1221.437891
5,36,2,1222.624866
5,36,3,1210.073349
5,36,4,1214.292064
5,36,5,1220.331235
5,37,1,1219.067891
5,37,2,1207.667734
5,37,3,1206.803713
5,37,4,1202.868530
5,37,5,1222.085272
5,38,1,1218.989021
5,38,2,1207.526786
5,38,3,1203.163598
5,38,4,1214.188915
5,38,5,1211.750454
5,39,1,1218.094894
5,39,2,1212.417939
5,39,3,1209.750338
5,39,4,1203.525450
5,39,5,1207.692208
5,40,1,1223.635341
5,40,2,1210.687358
5,40,3,1208.291632
5,40,4,1216.437500
5,40,5,1212.285648
5,41,1,1212.084892
5,41,2,1213.139078
5,41,3,1202.165998
5,41,4,1216.994284
5,41,5,1218.478269
5,42,1,1212.340810
5,42,2,1203.528576
5,42,3,1206.971984
5,42,4,1218.579264
5,42,5,1219.723301
5,43,1,1207.987968
5,43,2,1215.031950
5,43,3,1206.085195
5,43,4,1209.092979
5,43,5,1208.442874
5,44,1,1219.058258
5,44,2,1203.276969
5,44,3,1208.192977
5,44,4,1207.877655
5,44,5,1221.341402
5,45,1,1217.324742
5,45,2,1209.290336
5,45,3,1212.908391
5,45,4,1209.470730
5,45,5,1222.246925
5,46,1,1209.389001
5,46,2,1213.123323
5,46,3,1220.280894
5,46,4,1206.144934
5,46,5,1211.459071
5,47,1,1218.268801
5,47,2,1222.051047
5,47,3,1208.756012
5,47,4,1216.393877
5,47,5,1223.360133
5,48,1,1224.561862
5,48,2,1200.436739
5,48,3,1211.704395
5,48,4,1216.906441
5,48,5,1225.358177
5,49,1,1204.220002
5,49,2,1207.304273
5,49,3,1211.485342
5,49,4,1227.174563
5,49,5,1231.354423
5,50,1,1208.172944
5,50,2,1211.515790
5,50,3,1222.361820
5,50,4,1225.174905
5,50,5,1215.971352
10,1,1,1210.923893
10,1,2,1225.886508
10,1,3,1225.473130
10,1,4,1226.855195
10,1,5,1209.690074
10,1,6,1210.154724
10,1,7,1222.793360
10,1,8,1206.862429
10,1,9,1215.199813
10,1,10,1215.087431
10,2,1,1216.640912
10,2,2,1208.075645
10,2,3,1219.792064
10,2,4,1209.967051
10,2,5,1215.440311
10,2,6,1215.546063
10,2,7,1207.646700
10,2,8,1209.582539
10,2,9,1225.736639
10,2,10,1218.779805
10,3,1,1219.914965
10,3,2,1210.140128
10,3,3,1222.889717
10,3,4,1206.115994
10,3,5,1221.207203
10,3,6,1207.228095
10,3,7,1209.794904
10,3,8,1212.861608
10,3,9,1214.964891
10,3,10,1220.875798
10,4,1,1212.476546
10,4,2,1230.025030
10,4,3,1222.240073
10,4,4,1221.082464
10,4,5,1208.973383
10,4,6,1224.885819
10,4,7,1208.726757
10,4,8,1224.959772
10,4,9,1224.036547
10,4,10,1224.994472
10,5,1,1208.176474
10,5,2,1232.731473
10,5,3,1221.731186
10,5,4,1215.766110
10,5,5,1221.729277
10,5,6,1206.132687
10,5,7,1222.183640
10,5,8,1211.895569
10,5,9,1228.298669
10,5,10,1215.651368
10,6,1,1221.035759
10,6,2,1221.378595
10,6,3,1209.514366
10,6,4,1207.619991
10,6,5,1204.336145
10,6,6,1215.333152
10,6,7,1213.702711
10,6,8,1217.283311
10,6,9,1203.715186
10,6,10,1224.337214
10,7,1,1222.032459
10,7,2,1219.294859
10,7,3,1214.578158
10,7,4,1214.460808
10,7,5,1218.131143
10,7,6,1207.533700
10,7,7,1218.011803
10,7,8,1223.858415
10,7,9,1222.335185
10,7,10,1216.105238
10,8,1,1217.529813
10,8,2,1229.887147
10,8,3,1216.342892
10,8,4,1220.046876
10,8,5,1211.926693
10,8,6,1218.477967
10,8,7,1220.735989
10,8,8,1217.913227
10,8,9,1217.022245
10,8,10,1224.876037
10,9,1,1216.185722
10,9,2,1228.254163
10,9,3,1211.517082
10,9,4,1222.693109
10,9,5,1224.710390
10,9,6,1220.383369
10,9,7,1217.525082
10,9,8,1216.951228
10,9,9,1213.010868
10,9,10,1212.938686
10,10,1,1208.291825
10,10,2,1226.011722
10,10,3,1217.205319
10,10,4,1216.704704
10,10,5,1216.618532
10,10,6,1215.990505
10,10,7,1221.399112
10,10,8,1215.293083
10,10,9,1209.752173
10,10,10,1219.449545
10,11,1,1207.295498
10,11,2,1219.828354
10,11,3,1220.934882
10,11,4,1226.086716
10,11,5,1219.881557
10,11,6,1216.914410
10,11,7,1218.745733
10,11,8,1223.228050
10,11,9,1218.183675
10,11,10,1233.301745
10,12,1,1213.952997
10,12,2,1211.925148
10,12,3,1219.892745
10,12,4,1221.237862
10,12,5,1223.772447
10,12,6,1217.210795
10,12,7,1224.964088
10,12,8,1213.443126
10,12,9,1221.466879
10,12,10,1236.649014
10,13,1,1206.673468
10,13,2,1213.433338
10,13,3,1226.975741
10,13,4,1227.355118
10,13,5,1217.426401
10,13,6,1213.096013
10,13,7,1220.742925
10,13,8,1215.360584
10,13,9,1217.772343
10,13,10,1215.358862
10,14,1,1211.946437
10,14,2,1224.984954
10,14,3,1213.928482
10,14,4,1217.396260
10,14,5,1205.482198
10,14,6,1228.642513
10,14,7,1216.923096
10,14,8,1213.110927
10,14,9,1205.281591
10,14,10,1219.513871
10,15,1,1218.239390
10,15,2,1222.836437
10,15,3,1205.144327
10,15,4,1222.633631
10,15,5,1215.054773
10,15,6,1207.926400
10,15,7,1215.097012
10,15,8,1230.746635
10,15,9,1219.134290
10,15,10,1219.948363
10,16,1,1210.920276
10,16,2,1207.641973
10,16,3,1205.662773
10,16,4,1200.998168
10,16,5,1203.269419
10,16,6,1202.440660
10,16,7,1209.049686
10,16,8,1198.887827
10,16,9,1215.404612
10,16,10,1205.665390
10,17,1,1208.384759
10,17,2,1209.136911
10,17,3,1226.036003
10,17,4,1202.200811
10,17,5,1226.301983
10,17,6,1222.578240
10,17,7,1203.957541
10,17,8,1216.589466
10,17,9,1216.248272
10,17,10,1212.642599
10,18,1,1208.681696
10,18,2,1215.736382
10,18,3,1219.777154
10,18,4,1216.555327
10,18,5,1220.848980
10,18,6,1213.636902
10,18,7,1218.347289
10,18,8,1226.501353
10,18,9,1213.019700
10,18,10,1209.638454
10,19,1,1205.134332
10,19,2,1205.548089
10,19,3,1215.284462
10,19,4,1201.123013
10,19,5,1197.767848
10,19,6,1214.609525
10,19,7,1226.056589
10,19,8,1207.575257
10,19,9,1209.213799
10,19,10,1216.352826
10,20,1,1209.177927
10,20,2,1213.240154
10,20,3,1214.577168
10,20,4,1215.179177
10,20,5,1221.696527
10,20,6,1218.707251
10,20,7,1217.240731
10,20,8,1212.711905
10,20,9,1214.334546
10,20,10,1218.012724
10,21,1,1210.801708
10,21,2,1223.256896
10,21,3,1218.110979
10,21,4,1215.220989
10,21,5,1215.688983
10,21,6,1217.406589
10,21,7,1222.897869
10,21,8,1216.622307
10,21,9,1220.110962
10,21,10,1210.583176
10,22,1,1210.049719
10,22,2,1213.855027
10,22,3,1210.712398
10,22,4,1209.252502
10,22,5,1223.396785
10,22,6,1213.518298
10,22,7,1229.142880
10,22,8,1213.831325
10,22,9,1204.675183
10,22,10,1216.850265
10,23,1,1234.848830
10,23,2,1218.706880
10,23,3,1215.028371
10,23,4,1224.606587
10,23,5,1213.579926
10,23,6,1205.731479
10,23,7,1214.716043
10,23,8,1206.262752
10,23,9,1206.757438
10,23,10,1214.692800
10,24,1,1206.069450
10,24,2,1205.585285
10,24,3,1225.196204
10,24,4,1210.073503
10,24,5,1202.109731
10,24,6,1210.439188
10,24,7,1210.031678
10,24,8,1202.903642
10,24,9,1201.969568
10,24,10,1221.620711
10,25,1,1243.990388
10,25,2,1205.243787
10,25,3,1204.619643
10,25,4,1220.545622
10,25,5,1221.446358
10,25,6,1205.362495
10,25,7,1280.514119
10,25,8,1216.807956
10,25,9,1219.365716
10,25,10,1206.054230
10,26,1,1229.184881
10,26,2,1202.348978
10,26,3,1204.436926
10,26,4,1219.964593
10,26,5,1206.715776
10,26,6,1206.577339
10,26,7,1204.789652
10,26,8,1221.928332
10,26,9,1200.418897
10,26,10,1222.327468
10,27,1,1238.195759
10,27,2,1204.998440
10,27,3,1208.555805
10,27,4,1221.330611
10,27,5,1209.448517
10,27,6,1206.300250
10,27,7,1203.960138
10,27,8,1209.973610
10,27,9,1217.954457
10,27,10,1213.697831
10,28,1,1209.450134
10,28,2,1207.640415
10,28,3,1208.282789
10,28,4,1207.485772
10,28,5,1211.477657
10,28,6,1201.143762
10,28,7,1202.879568
10,28,8,1221.444151
10,28,9,1208.543288
10,28,10,1207.880459
10,29,1,1224.282890
10,29,2,1209.355861
10,29,3,1208.197575
10,29,4,1214.312620
10,29,5,1205.210572
10,29,6,1207.206915
10,29,7,1214.073971
10,29,8,1203.845233
10,29,9,1200.207064
10,29,10,1206.864580
10,30,1,1241.148545
10,30,2,1220.402012
10,30,3,1204.883533
10,30,4,1221.299602
10,30,5,1220.563224
10,30,6,1230.000496
10,30,7,1219.195266
10,30,8,1201.650611
10,30,9,1222.608140
10,30,10,1208.280593
10,31,1,1208.357923
10,31,2,1201.959950
10,31,3,1205.118643
10,31,4,1210.222776
10,31,5,1204.000731
10,31,6,1220.483326
10,31,7,1204.797559
10,31,8,1224.340504
10,31,9,1205.247517
10,31,10,1206.841509
10,32,1,1214.824630
10,32,2,1219.299263
10,32,3,1214.886401
10,32,4,1211.491463
10,32,5,1212.651497
10,32,6,1216.173440
10,32,7,1224.998502
10,32,8,1220.054477
10,32,9,1213.325615
10,32,10,1213.144542
10,33,1,1242.998648
10,33,2,1206.326557
10,33,3,1235.085627
10,33,4,1209.818559
10,33,5,1212.733967
10,33,6,1220.600057
10,33,7,1206.817521
10,33,8,1215.757327
10,33,9,1215.127043
10,33,10,1203.865618
10,34,1,1247.079573
10,34,2,1206.070610
10,34,3,1209.099398
10,34,4,1205.585551
10,34,5,1219.749860
10,34,6,1205.752185
10,34,7,1202.389559
10,34,8,1207.303219
10,34,9,1207.912970
10,34,10,1205.733564
10,35,1,1215.331109
10,35,2,1211.377399
10,35,3,1201.062347
10,35,4,1212.530887
10,35,5,1209.001861
10,35,6,1209.584711
10,35,7,1208.835941
10,35,8,1213.808051
10,35,9,1209.644646
10,35,10,1217.693318
10,36,1,1218.033529
10,36,2,1222.564043
10,36,3,1205.899433
10,36,4,1209.374917
10,36,5,1207.688888
10,36,6,1204.591234
10,36,7,1205.046819
10,36,8,1214.593361
10,36,9,1220.777643
10,36,10,1210.859090
10,37,1,1200.115184
10,37,2,1216.481949
10,37,3,1217.087390
10,37,4,1204.954924
10,37,5,1207.910418
10,37,6,1203.843909
10,37,7,1205.536062
10,37,8,1216.020009
10,37,9,1201.389594
10,37,10,1219.975421
10,38,1,1216.501125
10,38,2,1202.047485
10,38,3,1214.390055
10,38,4,1201.671501
10,38,5,1209.299856
10,38,6,1219.623329
10,38,7,1206.754143
10,38,8,1214.019081
10,38,9,1213.924929
10,38,10,1219.135490
10,39,1,1217.283884
10,39,2,1218.174985
10,39,3,1208.920654
10,39,4,1212.210108
10,39,5,1204.948123
10,39,6,1201.169609
10,39,7,1210.477104
10,39,8,1208.969845
10,39,9,1204.546428
10,39,10,1212.853556
10,40,1,1225.925151
10,40,2,1218.105524
10,40,3,1208.965707
10,40,4,1201.040999
10,40,5,1204.399237
10,40,6,1210.987350
10,40,7,1214.869434
10,40,8,1210.500011
10,40,9,1220.370151
10,40,10,1210.645560
10,41,1,1224.520929
10,41,2,1206.511639
10,41,3,1205.783729
10,41,4,1227.088853
10,41,5,1211.765306
10,41,6,1210.799073
10,41,7,1207.908777
10,41,8,1227.906924
10,41,9,1206.929121
10,41,10,1203.375502
10,42,1,1215.385760
10,42,2,1230.341283
10,42,3,1220.228988
10,42,4,1206.119947
10,42,5,1207.189360
10,42,6,1218.401252
10,42,7,1223.970595
10,42,8,1206.692668
10,42,9,1211.376724
10,42,10,1215.999421
10,43,1,1216.982893
10,43,2,1230.737061
10,43,3,1221.866778
10,43,4,1218.543244
10,43,5,1209.783555
10,43,6,1210.799964
10,43,7,1204.460643
10,43,8,1205.692833
10,43,9,1205.556566
10,43,10,1208.879378
10,44,1,1216.910442
10,44,2,1208.884801
10,44,3,1221.736448
10,44,4,1212.739521
10,44,5,1224.183599
10,44,6,1207.370805
10,44,7,1223.580109
10,44,8,1208.797770
10,44,9,1207.770827
10,44,10,1222.757845
10,45,1,1222.673936
10,45,2,1209.961819
10,45,3,1205.172351
10,45,4,1223.976914
10,45,5,1293.794400
10,45,6,1230.419055
10,45,7,1213.618406
10,45,8,1204.206104
10,45,9,1223.237661
10,45,10,1212.517874
10,46,1,1222.188495
10,46,2,1207.452014
10,46,3,1215.999300
10,46,4,1208.501596
10,46,5,1207.811711
10,46,6,1208.096014
10,46,7,1203.374750
10,46,8,1218.398115
10,46,9,1208.418722
10,46,10,1209.505893
10,47,1,1222.633620
10,47,2,1220.982217
10,47,3,1208.521062
10,47,4,1381.244454
10,47,5,1202.529959
10,47,6,1220.718700
10,47,7,1207.423801
10,47,8,1210.654536
10,47,9,1209.022788
10,47,10,1208.142939
10,48,1,1211.483816
10,48,2,1211.194072
10,48,3,1208.759849
10,48,4,1203.133274
10,48,5,1223.827899
10,48,6,1211.461239
10,48,7,1222.578811
10,48,8,1202.324278
10,48,9,1218.720514
10,48,10,1209.381919
10,49,1,1223.769092
10,49,2,1208.809749
10,49,3,1206.185407
10,49,4,1382.566223
10,49,5,1207.953133
10,49,6,1219.379001
10,49,7,1203.772411
10,49,8,1208.096229
10,49,9,1213.526982
10,49,10,1205.331509
10,50,1,1372.630851
10,50,2,1208.606951
10,50,3,1210.806334
10,50,4,1251.616423
10,50,5,1205.100700
10,50,6,1230.936505
10,50,7,1221.884872
10,50,8,1205.277689
10,50,9,1207.182029
10,50,10,1209.331720
30,1,1,1218.535655
30,1,2,1207.307470
30,1,3,1203.089071
30,1,4,1205.760726
30,1,5,1223.135866
30,1,6,1222.570761
30,1,7,1219.844306
30,1,8,1210.016426
30,1,9,1207.815861
30,1,10,1227.400292
30,1,11,1208.492894
30,1,12,1209.939205
30,1,13,1209.788175
30,1,14,1204.924973
30,1,15,1208.711219
30,1,16,1212.186977
30,1,17,1230.673049
30,1,18,1215.512655
30,1,19,1213.247897
30,1,20,1206.928474
30,1,21,1238.156654
30,1,22,1224.783765
30,1,23,1208.594527
30,1,24,1211.230303
30,1,25,1210.159425
30,1,26,1210.169828
30,1,27,1204.428553
30,1,28,1205.957500
30,1,29,1205.130935
30,1,30,1206.437579
30,2,1,1203.152000
30,2,2,1204.899665
30,2,3,1229.868130
30,2,4,1208.998937
30,2,5,1208.665777
30,2,6,1217.639736
30,2,7,1204.223291
30,2,8,1228.935353
30,2,9,1225.872134
30,2,10,1206.855742
30,2,11,1205.329769
30,2,12,1204.656828
30,2,13,1219.029905
30,2,14,1218.125189
30,2,15,1222.485671
30,2,16,1222.897715
30,2,17,1228.785817
30,2,18,1216.984591
30,2,19,1210.861122
30,2,20,1203.211188
30,2,21,1209.745233
30,2,22,1203.696979
30,2,23,1206.627131
30,2,24,1200.860032
30,2,25,1227.266208
30,2,26,1220.225273
30,2,27,1218.249379
30,2,28,1209.682497
30,2,29,1224.079939
30,2,30,1203.401523
30,3,1,1259.246080
30,3,2,1206.435792
30,3,3,1209.809543
30,3,4,1226.008681
30,3,5,1204.470411
30,3,6,1214.619231
30,3,7,1206.660617
30,3,8,1213.569871
30,3,9,1222.481797
30,3,10,1254.696808
30,3,11,1209.827091
30,3,12,1205.499596
30,3,13,1205.072549
30,3,14,1205.658870
30,3,15,1377.122728
30,3,16,1205.966313
30,3,17,1204.938499
30,3,18,1211.006738
30,3,19,1204.061940
30,3,20,1207.083718
30,3,21,1203.810759
30,3,22,1211.937705
30,3,23,1209.356696
30,3,24,1208.708987
30,3,25,1208.065185
30,3,26,1206.025456
30,3,27,1203.985288
30,3,28,1211.594498
30,3,29,1395.358488
30,3,30,1205.357527
30,4,1,1235.397378
30,4,2,1218.206154
30,4,3,1391.978218
30,4,4,1204.215485
30,4,5,1386.814738
30,4,6,1220.711299
30,4,7,1214.770994
30,4,8,1314.036725
30,4,9,1380.052877
30,4,10,1207.553712
30,4,11,1383.918686
30,4,12,1220.499259
30,4,13,1384.068589
30,4,14,1216.387446
30,4,15,1210.919931
30,4,16,1208.481137
30,4,17,1208.963893
30,4,18,1213.752785
30,4,19,1215.690340
30,4,20,1382.513357
30,4,21,1207.890407
30,4,22,1389.640656
30,4,23,1384.523663
30,4,24,1204.547588
30,4,25,1205.482534
30,4,26,1210.043743
30,4,27,1212.313171
30,4,28,1381.593182
30,4,29,1205.548995
30,4,30,1209.338451
30,5,1,1218.500830
30,5,2,1203.736205
30,5,3,1261.500707
30,5,4,1214.369880
30,5,5,1208.261060
30,5,6,1202.874144
30,5,7,1209.125668
30,5,8,1203.151422
30,5,9,1385.804598
30,5,10,1213.103485
30,5,11,1211.028483
30,5,12,1216.269011
30,5,13,1208.700690
30,5,14,1204.557033
30,5,15,1204.130236
30,5,16,1204.736304
30,5,17,1208.552292
30,5,18,1385.545031
30,5,19,1218.576017
30,5,20,1216.260491
30,5,21,1208.882399
30,5,22,1393.112505
30,5,23,1202.670985
30,5,24,1209.885791
30,5,25,1218.633542
30,5,26,1209.644893
30,5,27,1383.725711
30,5,28,1212.325269
30,5,29,1206.781925
30,5,30,1383.874454
30,6,1,1208.147693
30,6,2,1384.490178
30,6,3,1221.062543
30,6,4,1211.163428
30,6,5,1217.927144
30,6,6,1384.991828
30,6,7,1220.218115
30,6,8,1386.058644
30,6,9,1202.932837
30,6,10,1204.630822
30,6,11,1233.926173
30,6,12,1386.446346
30,6,13,1381.621017
30,6,14,1205.315594
30,6,15,1385.784014
30,6,16,1206.952877
30,6,17,1205.648351
30,6,18,1379.934066
30,6,19,1217.790655
30,6,20,1217.854643
30,6,21,1207.094210
30,6,22,1211.732544
30,6,23,1211.418470
30,6,24,1210.743806
30,6,25,1384.640560
30,6,26,1218.711412
30,6,27,1385.432218
30,6,28,1212.782034
30,6,29,1383.563620
30,6,30,1204.307201
30,7,1,1214.015759
30,7,2,1211.914143
30,7,3,1211.394022
30,7,4,1382.851803
30,7,5,1210.469477
30,7,6,1211.877825
30,7,7,1212.286267
30,7,8,1204.651482
30,7,9,1404.267151
30,7,10,1221.556650
30,7,11,1205.970837
30,7,12,1210.166124
30,7,13,1214.977605
30,7,14,1218.191229
30,7,15,1210.307425
30,7,16,1207.119609
30,7,17,1216.931360
30,7,18,1216.648961
30,7,19,1384.116405
30,7,20,1386.744346
30,7,21,1386.610189
30,7,22,1218.746215
30,7,23,1384.519566
30,7,24,1216.908405
30,7,25,1384.793721
30,7,26,1212.064152
30,7,27,1222.026525
30,7,28,1211.152383
30,7,29,1384.107083
30,7,30,1211.780100
30,8,1,1210.558072
30,8,2,1212.209449
30,8,3,1385.707739
30,8,4,1385.217592
30,8,5,1207.014460
30,8,6,1210.787174
30,8,7,1225.809782
30,8,8,1385.196399
30,8,9,1210.073701
30,8,10,1225.928280
30,8,11,1213.063642
30,8,12,1383.233882
30,8,13,1210.141669
30,8,14,1379.812927
30,8,15,1210.653641
30,8,16,1215.708251
30,8,17,1206.742598
30,8,18,1376.340150
30,8,19,1213.158697
30,8,20,1380.112609
30,8,21,1377.901096
30,8,22,1376.333544
30,8,23,1214.627313
30,8,24,1379.750776
30,8,25,1377.018715
30,8,26,1212.499686
30,8,27,1381.558330
30,8,28,1222.230289
30,8,29,1215.780245
30,8,30,1216.126494
30,9,1,1217.886125
30,9,2,1209.301640
30,9,3,1376.259871
30,9,4,1377.940154
30,9,5,1212.674765
30,9,6,1207.870536
30,9,7,1379.553433
30,9,8,1212.991638
30,9,9,1213.941295
30,9,10,1383.481599
30,9,11,1375.888684
30,9,12,1210.955088
30,9,13,1210.563460
30,9,14,1215.291412
30,9,15,1378.943080
30,9,16,1214.144173
30,9,17,1209.551158
30,9,18,1208.091413
30,9,19,1224.756721
30,9,20,1202.134108
30,9,21,1216.799929
30,9,22,1215.265145
30,9,23,1207.379415
30,9,24,1206.565601
30,9,25,1212.210060
30,9,26,1217.878462
30,9,27,1204.292787
30,9,28,1375.686799
30,9,29,1210.279528
30,9,30,1218.338862
30,10,1,1216.776587
30,10,2,1375.985510
30,10,3,1212.745402
30,10,4,1214.109711
30,10,5,1212.697924
30,10,6,1203.376160
30,10,7,1205.277521
30,10,8,1209.067341
30,10,9,1215.711714
30,10,10,1202.706199
30,10,11,1379.733479
30,10,12,1206.681096
30,10,13,1221.816220
30,10,14,1286.802044
30,10,15,1210.532992
30,10,16,1211.395321
30,10,17,1218.924691
30,10,18,1208.686412
30,10,19,1213.642495
30,10,20,1215.711962
30,10,21,1209.985945
30,10,22,1208.393202
30,10,23,1207.417809
30,10,24,1211.449263
30,10,25,1215.214840
30,10,26,1208.312360
30,10,27,1212.744412
30,10,28,1210.435939
30,10,29,1208.610103
30,10,30,1209.143633
30,11,1,1216.607705
30,11,2,1214.772658
30,11,3,1216.117264
30,11,4,1220.885216
30,11,5,1212.870874
30,11,6,1213.991861
30,11,7,1234.188359
30,11,8,1210.808864
30,11,9,1209.025981
30,11,10,1216.896456
30,11,11,1217.971858
30,11,12,1215.236643
30,11,13,1219.122751
30,11,14,1216.279462
30,11,15,1214.876330
30,11,16,1218.289369
30,11,17,1203.750738
30,11,18,1209.297051
30,11,19,1206.077811
30,11,20,1211.178413
30,11,21,1218.743774
30,11,22,1207.945134
30,11,23,1209.678900
30,11,24,1213.182025
30,11,25,1215.686358
30,11,26,1216.943540
30,11,27,1206.851766
30,11,28,1216.796362
30,11,29,1220.391241
30,11,30,1217.298151
30,12,1,1392.966725
30,12,2,1212.805197
30,12,3,1213.818557
30,12,4,1217.765461
30,12,5,1204.403545
30,12,6,1219.359140
30,12,7,1218.212429
30,12,8,1216.719870
30,12,9,1207.885088
30,12,10,1200.688177
30,12,11,1211.928364
30,12,12,1218.826211
30,12,13,1217.067306
30,12,14,1205.180143
30,12,15,1216.224591
30,12,16,1220.532876
30,12,17,1213.310147
30,12,18,1202.402288
30,12,19,1218.737560
30,12,20,1218.589707
30,12,21,1208.760792
30,12,22,1214.828197
30,12,23,1216.301255
30,12,24,1218.876023
30,12,25,1208.474185
30,12,26,1216.525015
30,12,27,1219.654414
30,12,28,1217.300411
30,12,29,1214.521736
30,12,30,1206.409750
30,13,1,1313.115697
30,13,2,1204.305232
30,13,3,1210.174594
30,13,4,1213.565672
30,13,5,1211.444647
30,13,6,1221.275863
30,13,7,1207.189881
30,13,8,1217.343822
30,13,9,1210.044117
30,13,10,1211.437343
30,13,11,1213.173921
30,13,12,1207.358275
30,13,13,1212.653310
30,13,14,1224.308712
30,13,15,1208.150931
30,13,16,1206.732992
30,13,17,1216.375458
30,13,18,1214.790158
30,13,19,1215.408860
30,13,20,1214.903183
30,13,21,1210.724846
30,13,22,1208.782009
30,13,23,1210.567933
30,13,24,1211.676125
30,13,25,1207.023025
30,13,26,1211.348791
30,13,27,1218.807070
30,13,28,1215.698016
30,13,29,1210.216035
30,13,30,1206.782584
30,14,1,1223.872581
30,14,2,1212.578216
30,14,3,1212.634805
30,14,4,1211.022792
30,14,5,1219.751701
30,14,6,1222.724823
30,14,7,1209.242173
30,14,8,1224.755230
30,14,9,1220.361262
30,14,10,1223.921191
30,14,11,1212.682124
30,14,12,1217.610707
30,14,13,1209.924360
30,14,14,1213.407972
30,14,15,1214.278674
30,14,16,1205.451503
30,14,17,1219.155696
30,14,18,1226.335717
30,14,19,1207.776711
30,14,20,1208.346809
30,14,21,1206.379829
30,14,22,1212.541264
30,14,23,1221.613304
30,14,24,1218.560875
30,14,25,1213.865665
30,14,26,1224.590169
30,14,27,1215.660056
30,14,28,1209.426356
30,14,29,1219.396790
30,14,30,1224.262839
30,15,1,1218.185597
30,15,2,1214.152431
30,15,3,1213.063049
30,15,4,1215.929443
30,15,5,1224.180596
30,15,6,1223.967409
30,15,7,1217.386727
30,15,8,1218.168025
30,15,9,1219.708283
30,15,10,1210.026920
30,15,11,1228.735633
30,15,12,1210.204666
30,15,13,1223.114044
30,15,14,1206.479131
30,15,15,1211.870579
30,15,16,1218.530754
30,15,17,1221.116068
30,15,18,1212.742277
30,15,19,1209.204123
30,15,20,1208.473534
30,15,21,1210.647905
30,15,22,1216.693126
30,15,23,1212.236797
30,15,24,1208.927416
30,15,25,1205.242319
30,15,26,1219.988091
30,15,27,1203.820367
30,15,28,1211.399720
30,15,29,1215.621936
30,15,30,1220.726963
30,16,1,1210.981290
30,16,2,1202.637281
30,16,3,1219.793263
30,16,4,1221.295629
30,16,5,1214.430331
30,16,6,1205.054131
30,16,7,1213.584432
30,16,8,1216.632934
30,16,9,1219.076143
30,16,10,1203.680239
30,16,11,1219.125008
30,16,12,1231.647707
30,16,13,1217.755051
30,16,14,1207.501586
30,16,15,1209.919394
30,16,16,1213.119958
30,16,17,1220.467380
30,16,18,1213.659105
30,16,19,1211.421302
30,16,20,1214.834641
30,16,21,1215.402997
30,16,22,1227.439148
30,16,23,1217.167882
30,16,24,1210.670866
30,16,25,1223.524349
30,16,26,1216.144572
30,16,27,1209.133647
30,16,28,1207.943983
30,16,29,1216.921241
30,16,30,1210.327464
30,17,1,1213.672846
30,17,2,1212.501912
30,17,3,1223.833188
30,17,4,1214.120474
30,17,5,1215.103332
30,17,6,1212.341457
30,17,7,1224.335619
30,17,8,1223.357893
30,17,9,1208.615171
30,17,10,1215.160910
30,17,11,1214.775830
30,17,12,1216.603610
30,17,13,1218.675888
30,17,14,1389.889254
30,17,15,1208.875937
30,17,16,1222.249353
30,17,17,1208.621279
30,17,18,1213.977372
30,17,19,1209.956146
30,17,20,1214.369329
30,17,21,1212.751575
30,17,22,1222.575408
30,17,23,1217.603834
30,17,24,1209.598706
30,17,25,1215.321099
30,17,26,1228.118309
30,17,27,1218.989006
30,17,28,1221.916100
30,17,29,1225.077658
30,17,30,1217.205247
30,18,1,1212.257963
30,18,2,1213.149395
30,18,3,1214.872905
30,18,4,1210.283228
30,18,5,1214.727877
30,18,6,1213.887093
30,18,7,1214.063542
30,18,8,1216.328270
30,18,9,1214.164055
30,18,10,1211.442476
30,18,11,1209.100049
30,18,12,1214.938110
30,18,13,1220.595532
30,18,14,1219.517004
30,18,15,1210.226479
30,18,16,1235.181679
30,18,17,1217.041695
30,18,18,1216.319115
30,18,19,1208.108400
30,18,20,1214.049883
30,18,21,1211.428561
30,18,22,1221.456682
30,18,23,1222.883204
30,18,24,1219.360674
30,18,25,1218.421220
30,18,26,1216.160092
30,18,27,1231.344470
30,18,28,1223.476480
30,18,29,1218.205679
30,18,30,1216.480362
30,19,1,1214.495653
30,19,2,1224.421692
30,19,3,1207.934445
30,19,4,1218.388739
30,19,5,1205.890989
30,19,6,1218.498518
30,19,7,1219.048492
30,19,8,1215.649095
30,19,9,1222.557077
30,19,10,1224.553617
30,19,11,1225.336660
30,19,12,1216.835179
30,19,13,1217.781292
30,19,14,1216.165695
30,19,15,1223.439514
30,19,16,1215.781618
30,19,17,1209.366681
30,19,18,1220.985121
30,19,19,1210.647636
30,19,20,1218.063520
30,19,21,1218.681520
30,19,22,1216.902139
30,19,23,1220.827998
30,19,24,1214.362545
30,19,25,1217.241278
30,19,26,1220.172799
30,19,27,1216.546267
30,19,28,1208.468167
30,19,29,1203.583199
30,19,30,1218.056772
30,20,1,1223.623781
30,20,2,1216.226410
30,20,3,1216.554702
30,20,4,1222.184231
30,20,5,1209.516860
30,20,6,1220.498630
30,20,7,1215.938328
30,20,8,1222.735917
30,20,9,1210.437749
30,20,10,1216.986761
30,20,11,1218.782110
30,20,12,1207.232117
30,20,13,1213.929848
30,20,14,1222.624689
30,20,15,1219.326385
30,20,16,1214.373218
30,20,17,1222.572337
30,20,18,1217.656915
30,20,19,1217.400839
30,20,20,1220.285520
30,20,21,1221.888450
30,20,22,1220.505406
30,20,23,1219.485882
30,20,24,1222.334614
30,20,25,1218.137174
30,20,26,1218.262774
30,20,27,1210.915937
30,20,28,1215.167609
30,20,29,1210.731272
30,20,30,1214.256958
30,21,1,1231.568858
30,21,2,1205.121648
30,21,3,1311.271823
30,21,4,1378.574215
30,21,5,1220.520329
30,21,6,1219.514367
30,21,7,1209.794900
30,21,8,1215.761748
30,21,9,1219.736361
30,21,10,1378.839884
30,21,11,1229.123359
30,21,12,1204.446014
30,21,13,1218.754134
30,21,14,1215.255963
30,21,15,1218.242763
30,21,16,1217.210589
30,21,17,1222.278881
30,21,18,1228.078714
30,21,19,1205.802358
30,21,20,1219.267971
30,21,21,1380.064404
30,21,22,1223.428964
30,21,23,1225.788553
30,21,24,1213.757239
30,21,25,1223.740877
30,21,26,1230.194767
30,21,27,1221.189586
30,21,28,1223.524085
30,21,29,1235.645049
30,21,30,1222.548213
30,22,1,1224.186930
30,22,2,1219.466000
30,22,3,1225.438690
30,22,4,1212.891550
30,22,5,1368.002744
30,22,6,1212.744309
30,22,7,1206.890302
30,22,8,1216.439356
30,22,9,1369.076775
30,22,10,1215.736462
30,22,11,1213.587732
30,22,12,1374.433456
30,22,13,1373.942251
30,22,14,1217.001486
30,22,15,1374.062833
30,22,16,1213.226589
30,22,17,1215.958577
30,22,18,1233.073344
30,22,19,1373.393685
30,22,20,1372.331710
30,22,21,1210.872518
30,22,22,1208.984950
30,22,23,1219.816009
30,22,24,1210.865064
30,22,25,1339.972726
30,22,26,1207.843853
30,22,27,1375.158892
30,22,28,1215.290077
30,22,29,1207.739099
30,22,30,1217.379541
30,23,1,1219.856805
30,23,2,1215.660745
30,23,3,1208.366681
30,23,4,1373.436772
30,23,5,1218.199075
30,23,6,1372.937874
30,23,7,1210.364524
30,23,8,1213.236846
30,23,9,1372.761962
30,23,10,1222.015697
30,23,11,1216.197094
30,23,12,1206.735002
30,23,13,1217.728668
30,23,14,1215.786184
30,23,15,1217.389998
30,23,16,1208.506169
30,23,17,1383.683018
30,23,18,1378.647943
30,23,19,1208.122455
30,23,20,1218.222286
30,23,21,1212.325043
30,23,22,1218.750928
30,23,23,1210.472833
30,23,24,1205.399165
30,23,25,1373.801974
30,23,26,1212.518447
30,23,27,1372.911085
30,23,28,1210.892465
30,23,29,1223.194184
30,23,30,1390.637376
30,24,1,1331.665881
30,24,2,1217.957211
30,24,3,1215.559336
30,24,4,1385.191960
30,24,5,1210.719974
30,24,6,1217.712299
30,24,7,1378.919183
30,24,8,1222.768174
30,24,9,1220.178140
30,24,10,1208.911418
30,24,11,1210.669624
30,24,12,1381.905448
30,24,13,1204.214662
30,24,14,1207.394086
30,24,15,1374.943892
30,24,16,1215.945465
30,24,17,1373.947751
30,24,18,1222.970415
30,24,19,1211.470250
30,24,20,1386.395683
30,24,21,1221.090395
30,24,22,1221.002168
30,24,23,1375.335819
30,24,24,1377.131078
30,24,25,1218.097498
30,24,26,1376.257790
30,24,27,1381.222473
30,24,28,1211.676015
30,24,29,1217.348861
30,24,30,1216.647782
30,25,1,1214.250423
30,25,2,1342.218908
30,25,3,1205.897880
30,25,4,1215.647002
30,25,5,1211.310530
30,25,6,1212.247346
30,25,7,1380.767856
30,25,8,1375.828537
30,25,9,1210.956316
30,25,10,1378.176398
30,25,11,1219.233959
30,25,12,1208.711948
30,25,13,1380.480142
30,25,14,1382.468644
30,25,15,1206.276296
30,25,16,1208.177452
30,25,17,1209.896556
30,25,18,1221.503882
30,25,19,1377.322275
30,25,20,1210.226206
30,25,21,1215.566651
30,25,22,1223.242135
30,25,23,1211.550529
30,25,24,1209.021636
30,25,25,1223.036358
30,25,26,1379.117951
30,25,27,1374.510358
30,25,28,1208.870581
30,25,29,1208.091917
30,25,30,1378.767432
30,26,1,1209.929909
30,26,2,1210.646303
30,26,3,1206.996831
30,26,4,1211.290380
30,26,5,1217.423466
30,26,6,1208.456602
30,26,7,1374.653490
30,26,8,1211.600694
30,26,9,1375.244959
30,26,10,1374.487550
30,26,11,1213.833405
30,26,12,1218.315195
30,26,13,1378.420140
30,26,14,1215.834956
30,26,15,1212.857458
30,26,16,1384.613180
30,26,17,1376.531854
30,26,18,1208.453906
30,26,19,1212.974978
30,26,20,1218.419650
30,26,21,1213.290129
30,26,22,1212.346222
30,26,23,1218.556173
30,26,24,1379.235569
30,26,25,1213.139722
30,26,26,1207.752375
30,26,27,1222.550460
30,26,28,1380.011484
30,26,29,1373.999052
30,26,30,1206.691082
30,27,1,1211.441696
30,27,2,1379.292692
30,27,3,1213.631109
30,27,4,1208.339728
30,27,5,1374.616091
30,27,6,1205.383619
30,27,7,1216.215922
30,27,8,1375.645385
30,27,9,1208.851576
30,27,10,1215.315087
30,27,11,1377.121359
30,27,12,1202.607008
30,27,13,1212.496111
30,27,14,1379.376860
30,27,15,1208.755332
30,27,16,1218.822550
30,27,17,1215.395820
30,27,18,1375.257938
30,27,19,1378.691379
30,27,20,1206.373063
30,27,21,1214.675158
30,27,22,1213.270140
30,27,23,1220.434309
30,27,24,1215.021933
30,27,25,1207.566659
30,27,26,1383.474354
30,27,27,1217.855984
30,27,28,1374.794517
30,27,29,1206.450802
30,27,30,1329.131654
30,28,1,1206.897693
30,28,2,1218.261956
30,28,3,1209.434354
30,28,4,1220.938636
30,28,5,1214.783117
30,28,6,1373.868785
30,28,7,1206.580879
30,28,8,1223.401015
30,28,9,1222.813994
30,28,10,1381.824701
30,28,11,1220.677640
30,28,12,1219.951090
30,28,13,1227.211959
30,28,14,1207.351085
30,28,15,1221.530461
30,28,16,1220.805596
30,28,17,1223.587625
30,28,18,1210.756818
30,28,19,1211.230502
30,28,20,1374.374494
30,28,21,1228.164719
30,28,22,1370.855568
30,28,23,1214.950470
30,28,24,1214.062734
30,28,25,1208.337373
30,28,26,1204.780620
30,28,27,1215.336761
30,28,28,1206.201565
30,28,29,1218.145989
30,28,30,1222.905527
30,29,1,1210.437015
30,29,2,1216.885184
30,29,3,1207.106758
30,29,4,1217.779950
30,29,5,1214.569354
30,29,6,1214.988187
30,29,7,1221.384675
30,29,8,1207.734882
30,29,9,1215.887997
30,29,10,1212.651620
30,29,11,1213.304732
30,29,12,1221.193796
30,29,13,1220.307604
30,29,14,1215.635962
30,29,15,1213.716499
30,29,16,1222.627154
30,29,17,1213.850827
30,29,18,1215.747742
30,29,19,1205.311507
30,29,20,1204.784667
30,29,21,1205.833313
30,29,22,1207.977922
30,29,23,1205.254936
30,29,24,1214.778950
30,29,25,1215.005632
30,29,26,1206.003715
30,29,27,1215.984538
30,29,28,1215.216865
30,29,29,1210.095201
30,29,30,1211.588139
30,30,1,1213.938842
30,30,2,1207.715885
30,30,3,1218.941531
30,30,4,1206.606309
30,30,5,1212.765891
30,30,6,1204.749804
30,30,7,1219.898294
30,30,8,1202.413114
30,30,9,1368.654873
30,30,10,1208.637032
30,30,11,1377.287711
30,30,12,1372.023054
30,30,13,1217.247483
30,30,14,1204.072291
30,30,15,1215.908532
30,30,16,1218.322372
30,30,17,1373.898259
30,30,18,1209.337448
30,30,19,1224.091097
30,30,20,1205.954261
30,30,21,1213.643043
30,30,22,1208.111310
30,30,23,1216.834762
30,30,24,1215.837721
30,30,25,1210.459736
30,30,26,1208.318856
30,30,27,1208.055828
30,30,28,1213.833926
30,30,29,1216.476704
30,30,30,1209.894721
30,31,1,1211.862558
30,31,2,1214.377612
30,31,3,1216.503594
30,31,4,1375.925980
30,31,5,1218.885320
30,31,6,1377.546137
30,31,7,1216.103289
30,31,8,1216.940354
30,31,9,1379.686556
30,31,10,1210.970817
30,31,11,1209.513109
30,31,12,1216.614081
30,31,13,1219.188948
30,31,14,1215.235849
30,31,15,1208.130122
30,31,16,1216.703724
30,31,17,1207.034408
30,31,18,1217.793612
30,31,19,1217.181202
30,31,20,1372.251890
30,31,21,1211.483236
30,31,22,1223.126530
30,31,23,1213.682850
30,31,24,1214.764770
30,31,25,1202.527440
30,31,26,1219.766776
30,31,27,1217.307129
30,31,28,1205.822662
30,31,29,1211.598129
30,31,30,1215.948488
30,32,1,1210.235145
30,32,2,1209.907752
30,32,3,1212.110035
30,32,4,1216.936528
30,32,5,1218.762368
30,32,6,1208.649639
30,32,7,1211.113094
30,32,8,1216.352885
30,32,9,1223.219525
30,32,10,1213.827602
30,32,11,1377.943872
30,32,12,1216.638965
30,32,13,1376.498368
30,32,14,1212.401176
30,32,15,1211.851803
30,32,16,1212.293457
30,32,17,1379.601304
30,32,18,1212.474826
30,32,19,1216.036201
30,32,20,1210.195756
30,32,21,1212.620035
30,32,22,1206.375924
30,32,23,1204.441470
30,32,24,1217.459149
30,32,25,1211.374593
30,32,26,1374.455738
30,32,27,1217.153864
30,32,28,1378.420655
30,32,29,1212.860042
30,32,30,1218.931455
30,33,1,1210.010357
30,33,2,1207.402179
30,33,3,1206.163146
30,33,4,1218.246053
30,33,5,1377.871586
30,33,6,1209.608213
30,33,7,1218.574948
30,33,8,1210.895198
30,33,9,1204.233730
30,33,10,1212.825224
30,33,11,1378.006775
30,33,12,1219.219037
30,33,13,1209.214636
30,33,14,1381.602142
30,33,15,1210.319406
30,33,16,1218.954346
30,33,17,1212.787564
30,33,18,1217.301473
30,33,19,1374.672729
30,33,20,1217.894585
30,33,21,1216.270230
30,33,22,1210.100059
30,33,23,1220.243825
30,33,24,1210.400376
30,33,25,1206.262023
30,33,26,1218.993044
30,33,27,1214.912361
30,33,28,1216.337315
30,33,29,1215.860885
30,33,30,1218.028588
30,34,1,1206.849297
30,34,2,1209.299259
30,34,3,1229.020725
30,34,4,1375.208691
30,34,5,1206.104800
30,34,6,1377.386714
30,34,7,1208.050924
30,34,8,1213.594067
30,34,9,1368.996772
30,34,10,1204.900566
30,34,11,1381.578561
30,34,12,1210.408854
30,34,13,1208.987655
30,34,14,1211.778183
30,34,15,1207.715314
30,34,16,1202.037049
30,34,17,1377.851359
30,34,18,1217.261916
30,34,19,1206.175918
30,34,20,1215.031071
30,34,21,1206.696985
30,34,22,1212.213616
30,34,23,1207.338390
30,34,24,1212.067793
30,34,25,1208.831035
30,34,26,1208.857817
30,34,27,1210.090131
30,34,28,1375.674156
30,34,29,1216.046524
30,34,30,1208.910878
30,35,1,1215.711984
30,35,2,1208.309477
30,35,3,1382.521331
30,35,4,1214.995598
30,35,5,1214.385440
30,35,6,1221.139955
30,35,7,1211.489082
30,35,8,1210.820580
30,35,9,1214.812701
30,35,10,1217.858337
30,35,11,1218.173659
30,35,12,1218.144874
30,35,13,1210.834901
30,35,14,1215.435080
30,35,15,1202.801605
30,35,16,1212.320087
30,35,17,1214.888365
30,35,18,1210.865216
30,35,19,1215.270326
30,35,20,1206.437558
30,35,21,1217.106658
30,35,22,1217.341648
30,35,23,1214.734609
30,35,24,1202.976471
30,35,25,1216.490583
30,35,26,1376.197698
30,35,27,1224.801831
30,35,28,1218.289254
30,35,29,1370.170005
30,35,30,1221.420880
30,36,1,1211.243318
30,36,2,1221.492908
30,36,3,1210.590449
30,36,4,1223.888079
30,36,5,1212.591274
30,36,6,1219.258484
30,36,7,1214.706885
30,36,8,1221.462402
30,36,9,1213.729745
30,36,10,1220.228160
30,36,11,1217.280199
30,36,12,1216.915275
30,36,13,1216.477136
30,36,14,1216.968329
30,36,15,1209.827271
30,36,16,1227.888882
30,36,17,1220.983573
30,36,18,1205.244340
30,36,19,1214.678298
30,36,20,1215.567426
30,36,21,1221.531148
30,36,22,1386.432280
30,36,23,1213.366453
30,36,24,1207.585885
30,36,25,1217.401891
30,36,26,1217.373508
30,36,27,1214.790661
30,36,28,1211.606946
30,36,29,1211.995795
30,36,30,1216.945171
30,37,1,1217.459490
30,37,2,1201.806222
30,37,3,1207.931518
30,37,4,1220.956592
30,37,5,1216.845032
30,37,6,1208.746596
30,37,7,1233.263287
30,37,8,1215.586422
30,37,9,1214.561961
30,37,10,1201.967503
30,37,11,1209.289666
30,37,12,1217.137042
30,37,13,1203.540810
30,37,14,1207.726284
30,37,15,1209.467443
30,37,16,1221.712790
30,37,17,1211.275789
30,37,18,1199.604655
30,37,19,1211.697204
30,37,20,1223.804509
30,37,21,1197.347204
30,37,22,1197.177183
30,37,23,1208.706951
30,37,24,1215.962713
30,37,25,1219.218745
30,37,26,1213.327559
30,37,27,1229.710288
30,37,28,1211.674774
30,37,29,1213.026523
30,37,30,1207.656637
30,38,1,1214.616008
30,38,2,1208.256759
30,38,3,1210.810933
30,38,4,1208.602983
30,38,5,1206.503057
30,38,6,1220.733066
30,38,7,1221.277851
30,38,8,1205.778539
30,38,9,1215.877626
30,38,10,1205.626357
30,38,11,1214.904265
30,38,12,1204.090941
30,38,13,1218.112090
30,38,14,1212.660655
30,38,15,1204.872596
30,38,16,1214.817643
30,38,17,1211.124778
30,38,18,1214.545513
30,38,19,1201.971695
30,38,20,1207.749828
30,38,21,1216.126318
30,38,22,1216.938444
30,38,23,1214.721571
30,38,24,1205.150163
30,38,25,1205.501005
30,38,26,1208.244929
30,38,27,1218.578481
30,38,28,1208.247457
30,38,29,1201.757742
30,38,30,1203.985542
30,39,1,1203.362363
30,39,2,1211.464836
30,39,3,1213.562043
30,39,4,1205.612030
30,39,5,1218.665829
30,39,6,1219.032035
30,39,7,1205.044454
30,39,8,1201.394494
30,39,9,1214.893845
30,39,10,1235.700024
30,39,11,1204.813896
30,39,12,1216.809568
30,39,13,1207.137566
30,39,14,1212.873712
30,39,15,1209.538772
30,39,16,1215.126774
30,39,17,1215.775120
30,39,18,1216.066487
30,39,19,1223.001789
30,39,20,1215.447171
30,39,21,1232.232734
30,39,22,1206.419427
30,39,23,1216.832406
30,39,24,1207.104679
30,39,25,1213.462819
30,39,26,1202.918907
30,39,27,1204.087023
30,39,28,1217.200944
30,39,29,1213.178051
30,39,30,1371.621755
30,40,1,1207.089506
30,40,2,1209.187078
30,40,3,1203.608419
30,40,4,1209.534604
30,40,5,1210.385184
30,40,6,1216.641267
30,40,7,1208.114012
30,40,8,1218.937948
30,40,9,1207.555606
30,40,10,1210.869636
30,40,11,1209.588299
30,40,12,1373.395207
30,40,13,1215.737669
30,40,14,1207.054643
30,40,15,1257.986469
30,40,16,1209.780915
30,40,17,1202.321628
30,40,18,1219.064408
30,40,19,1212.487501
30,40,20,1202.391820
30,40,21,1214.155971
30,40,22,1206.337041
30,40,23,1378.325108
30,40,24,1207.786548
30,40,25,1372.452756
30,40,26,1208.310611
30,40,27,1215.898873
30,40,28,1200.055605
30,40,29,1200.169053
30,40,30,1206.872498
30,41,1,1251.132015
30,41,2,1206.517481
30,41,3,1210.790365
30,41,4,1210.733380
30,41,5,1208.326113
30,41,6,1211.772014
30,41,7,1204.942387
30,41,8,1203.937483
30,41,9,1209.772928
30,41,10,1205.578167
30,41,11,1206.291262
30,41,12,1207.245203
30,41,13,1311.511527
30,41,14,1213.339576
30,41,15,1204.213290
30,41,16,1211.170320
30,41,17,1217.512497
30,41,18,1212.369198
30,41,19,1391.453896
30,41,20,1202.261757
30,41,21,1219.352186
30,41,22,1208.264846
30,41,23,1218.061414
30,41,24,1207.777090
30,41,25,1214.150693
30,41,26,1218.793871
30,41,27,1388.282670
30,41,28,1219.595153
30,41,29,1211.947809
30,41,30,1209.990948
30,42,1,1220.006771
30,42,2,1387.362738
30,42,3,1207.417765
30,42,4,1211.262115
30,42,5,1214.800078
30,42,6,1208.446485
30,42,7,1210.733406
30,42,8,1208.742911
30,42,9,1213.810915
30,42,10,1387.336166
30,42,11,1213.639630
30,42,12,1213.864746
30,42,13,1388.242536
30,42,14,1385.179494
30,42,15,1208.591241
30,42,16,1209.369514
30,42,17,1209.348423
30,42,18,1201.035012
30,42,19,1216.074424
30,42,20,1212.423667
30,42,21,1212.121721
30,42,22,1385.221474
30,42,23,1207.100143
30,42,24,1214.606188
30,42,25,1387.666046
30,42,26,1204.731019
30,42,27,1203.804558
30,42,28,1219.910780
30,42,29,1202.871774
30,42,30,1388.270368
30,43,1,1232.440594
30,43,2,1206.950985
30,43,3,1199.639450
30,43,4,1210.464882
30,43,5,1203.241994
30,43,6,1209.354427
30,43,7,1385.308822
30,43,8,1382.486967
30,43,9,1205.750304
30,43,10,1208.208001
30,43,11,1383.680911
30,43,12,1384.292963
30,43,13,1205.334732
30,43,14,1392.474077
30,43,15,1208.786063
30,43,16,1199.593002
30,43,17,1209.220350
30,43,18,1212.254308
30,43,19,1220.587496
30,43,20,1199.611743
30,43,21,1207.502582
30,43,22,1200.926029
30,43,23,1213.569434
30,43,24,1201.807497
30,43,25,1200.273540
30,43,26,1390.697549
30,43,27,1214.729296
30,43,28,1371.257622
30,43,29,1205.757646
30,43,30,1217.022741
30,44,1,1213.513321
30,44,2,1206.923074
30,44,3,1380.356535
30,44,4,1215.053316
30,44,5,1385.344400
30,44,6,1210.986996
30,44,7,1212.474485
30,44,8,1207.171599
30,44,9,1205.714283
30,44,10,1204.600921
30,44,11,1375.857659
30,44,12,1373.600450
30,44,13,1216.703567
30,44,14,1210.765965
30,44,15,1208.358076
30,44,16,1379.294477
30,44,17,1212.869796
30,44,18,1209.535345
30,44,19,1217.308336
30,44,20,1210.473485
30,44,21,1206.257078
30,44,22,1213.518579
30,44,23,1375.771365
30,44,24,1209.937492
30,44,25,1211.016003
30,44,26,1209.374238
30,44,27,1205.653058
30,44,28,1205.451118
30,44,29,1233.078496
30,44,30,1207.538150
30,45,1,1210.187552
30,45,2,1210.407952
30,45,3,1211.857096
30,45,4,1204.573651
30,45,5,1214.422465
30,45,6,1206.457034
30,45,7,1373.594757
30,45,8,1211.164276
30,45,9,1206.921843
30,45,10,1206.360375
30,45,11,1371.577023
30,45,12,1214.702955
30,45,13,1207.214125
30,45,14,1201.090472
30,45,15,1213.409460
30,45,16,1226.241648
30,45,17,1371.143268
30,45,18,1212.690499
30,45,19,1205.949554
30,45,20,1208.905923
30,45,21,1205.887889
30,45,22,1209.627737
30,45,23,1211.092254
30,45,24,1373.625984
30,45,25,1200.838866
30,45,26,1211.000094
30,45,27,1212.166361
30,45,28,1208.719829
30,45,29,1212.056646
30,45,30,1373.044032
30,46,1,1221.345232
30,46,2,1375.809833
30,46,3,1206.396459
30,46,4,1210.917147
30,46,5,1207.679336
30,46,6,1223.551727
30,46,7,1373.392021
30,46,8,1214.832465
30,46,9,1201.388053
30,46,10,1218.453215
30,46,11,1205.275398
30,46,12,1207.644263
30,46,13,1211.248943
30,46,14,1204.119747
30,46,15,1215.881397
30,46,16,1204.920696
30,46,17,1201.641296
30,46,18,1205.820873
30,46,19,1211.722887
30,46,20,1202.863611
30,46,21,1215.960724
30,46,22,1377.936607
30,46,23,1210.033765
30,46,24,1207.529537
30,46,25,1371.860460
30,46,26,1207.956535
30,46,27,1376.812525
30,46,28,1215.633850
30,46,29,1208.828839
30,46,30,1206.598778
30,47,1,1217.913957
30,47,2,1208.303260
30,47,3,1216.597078
30,47,4,1212.333370
30,47,5,1218.013595
30,47,6,1203.053871
30,47,7,1205.719072
30,47,8,1371.716055
30,47,9,1205.925945
30,47,10,1209.608071
30,47,11,1374.704425
30,47,12,1201.747221
30,47,13,1221.316777
30,47,14,1213.142721
30,47,15,1210.655185
30,47,16,1374.458387
30,47,17,1377.184585
30,47,18,1214.695046
30,47,19,1202.299837
30,47,20,1373.105467
30,47,21,1207.716616
30,47,22,1207.347658
30,47,23,1206.761514
30,47,24,1215.289171
30,47,25,1207.661217
30,47,26,1213.955490
30,47,27,1206.271769
30,47,28,1384.444908
30,47,29,1216.522625
30,47,30,1225.557910
30,48,1,1207.923476
30,48,2,1217.267904
30,48,3,1232.155963
30,48,4,1204.116431
30,48,5,1220.017022
30,48,6,1219.036866
30,48,7,1207.532910
30,48,8,1223.752444
30,48,9,1210.318527
30,48,10,1204.211521
30,48,11,1209.297835
30,48,12,1218.246805
30,48,13,1206.614458
30,48,14,1222.445020
30,48,15,1218.479422
30,48,16,1210.072296
30,48,17,1222.446375
30,48,18,1223.599712
30,48,19,1214.511224
30,48,20,1210.759177
30,48,21,1213.632488
30,48,22,1221.328682
30,48,23,1217.101474
30,48,24,1208.311658
30,48,25,1231.666910
30,48,26,1216.091462
30,48,27,1204.445966
30,48,28,1223.792100
30,48,29,1208.512532
30,48,30,1211.942241
30,49,1,1219.078206
30,49,2,1214.682167
30,49,3,1221.132690
30,49,4,1366.794288
30,49,5,1215.045006
30,49,6,1368.682583
30,49,7,1381.476656
30,49,8,1205.207211
30,49,9,1213.233779
30,49,10,1207.286834
30,49,11,1209.268060
30,49,12,1205.546448
30,49,13,1210.449163
30,49,14,1203.492927
30,49,15,1218.582756
30,49,16,1208.022879
30,49,17,1212.164801
30,49,18,1216.102899
30,49,19,1205.216697
30,49,20,1370.308128
30,49,21,1209.212526
30,49,22,1210.801460
30,49,23,1217.200636
30,49,24,1220.394659
30,49,25,1207.557498
30,49,26,1207.542620
30,49,27,1375.589882
30,49,28,1210.857251
30,49,29,1214.950828
30,49,30,1214.702373
30,50,1,1217.520634
30,50,2,1209.192098
30,50,3,1216.512849
30,50,4,1204.949996
30,50,5,1217.547256
30,50,6,1219.180305
30,50,7,1203.569388
30,50,8,1214.156716
30,50,9,1388.199362
30,50,10,1209.151475
30,50,11,1204.619332
30,50,12,1365.213907
30,50,13,1206.558504
30,50,14,1226.686236
30,50,15,1208.724789
30,50,16,1217.663396
30,50,17,1201.188577
30,50,18,1370.505435
30,50,19,1203.824106
30,50,20,1213.198508
30,50,21,1223.320067
30,50,22,1203.273153
30,50,23,1228.478352
30,50,24,1254.437810
30,50,25,1394.413885
30,50,26,1401.802375
30,50,27,1398.350171
30,50,28,1398.307188
30,50,29,1388.936787
30,50,30,1257.237636
60,1,1,1221.976430
60,1,2,1374.188670
60,1,3,1216.806802
60,1,4,1208.042614
60,1,5,1207.315259
60,1,6,1205.617155
60,1,7,1202.904102
60,1,8,1221.286491
60,1,9,1205.411155
60,1,10,1209.674790
60,1,11,1371.586314
60,1,12,1218.696443
60,1,13,1375.331985
60,1,14,1372.240667
60,1,15,1377.129544
60,1,16,1379.393748
60,1,17,1211.341242
60,1,18,1216.141073
60,1,19,1218.545249
60,1,20,1229.104119
60,1,21,1388.886350
60,1,22,1210.748784
60,1,23,1216.471288
60,1,24,1220.095931
60,1,25,1391.202438
60,1,26,1210.836985
60,1,27,1207.555483
60,1,28,1400.629554
60,1,29,1213.124526
60,1,30,1394.719971
60,1,31,1211.252064
60,1,32,1382.940663
60,1,33,1212.866797
60,1,34,1210.589558
60,1,35,1385.250671
60,1,36,1212.589623
60,1,37,1210.857315
60,1,38,1373.641978
60,1,39,1376.219313
60,1,40,1210.991166
60,1,41,1218.593796
60,1,42,1374.172078
60,1,43,1212.581440
60,1,44,1389.884183
60,1,45,1213.737494
60,1,46,1374.291443
60,1,47,1219.775588
60,1,48,1219.504439
60,1,49,1378.398340
60,1,50,1210.771922
60,1,51,1211.935890
60,1,52,1219.453053
60,1,53,1218.998031
60,1,54,1388.293988
60,1,55,1210.838637
60,1,56,1219.415098
60,1,57,1374.230311
60,1,58,1385.920846
60,1,59,1216.200975
60,1,60,1389.414448
60,2,1,1210.906524
60,2,2,1213.558842
60,2,3,1375.753352
60,2,4,1375.627213
60,2,5,1372.985894
60,2,6,1385.981107
60,2,7,1214.630253
60,2,8,1217.156756
60,2,9,1214.859031
60,2,10,1213.361015
60,2,11,1382.126319
60,2,12,1220.214289
60,2,13,1212.203784
60,2,14,1377.682559
60,2,15,1217.113256
60,2,16,1381.691257
60,2,17,1218.480591
60,2,18,1383.820317
60,2,19,1218.293346
60,2,20,1221.075167
60,2,21,1215.105194
60,2,22,1228.114076
60,2,23,1380.743492
60,2,24,1220.112767
60,2,25,1214.806760
60,2,26,1215.381683
60,2,27,1215.684965
60,2,28,1218.701739
60,2,29,1377.659997
60,2,30,1212.790135
60,2,31,1215.198418
60,2,32,1217.768068
60,2,33,1217.818806
60,2,34,1208.374285
60,2,35,1207.157954
60,2,36,1406.098282
60,2,37,1370.682643
60,2,38,1204.363835
60,2,39,1214.386173
60,2,40,1212.716192
60,2,41,1381.625053
60,2,42,1212.190660
60,2,43,1216.841627
60,2,44,1221.902977
60,2,45,1376.681478
60,2,46,1215.590756
60,2,47,1216.422587
60,2,48,1218.857940
60,2,49,1211.312626
60,2,50,1216.608212
60,2,51,1214.825554
60,2,52,1216.627858
60,2,53,1219.241501
60,2,54,1210.079402
60,2,55,1218.707175
60,2,56,1222.967737
60,2,57,1220.051816
60,2,58,1378.942998
60,2,59,1215.350504
60,2,60,1390.583825
60,3,1,1379.893814
60,3,2,1211.807509
60,3,3,1376.377141
60,3,4,1215.160634
60,3,5,1220.730858
60,3,6,1385.911883
60,3,7,1228.113860
60,3,8,1223.049228
60,3,9,1374.926357
60,3,10,1217.420846
60,3,11,1220.773500
60,3,12,1377.681359
60,3,13,1222.250792
60,3,14,1215.796469
60,3,15,1370.161385
60,3,16,1213.757295
60,3,17,1382.746582
60,3,18,1369.427658
60,3,19,1208.953902
60,3,20,1383.895758
60,3,21,1209.974556
60,3,22,1213.987877
60,3,23,1219.385729
60,3,24,1210.477260
60,3,25,1218.561749
60,3,26,1212.135910
60,3,27,1215.806470
60,3,28,1216.517193
60,3,29,1214.137623
60,3,30,1207.086270
60,3,31,1212.925440
60,3,32,1383.725703
60,3,33,1216.801714
60,3,34,1214.121151
60,3,35,1390.558022
60,3,36,1373.033968
60,3,37,1218.486358
60,3,38,1368.978723
60,3,39,1216.550278
60,3,40,1211.814939
60,3,41,1212.704782
60,3,42,1210.639104
60,3,43,1371.606374
60,3,44,1216.468316
60,3,45,1372.591867
60,3,46,1215.360384
60,3,47,1346.668005
60,3,48,1291.498150
60,3,49,1269.273385
60,3,50,1366.537736
60,3,51,1213.419709
60,3,52,1225.595964
60,3,53,1370.067569
60,3,54,1210.337945
60,3,55,1213.686833
60,3,56,1218.448043
60,3,57,1371.439755
60,3,58,1213.482789
60,3,59,1214.331304
60,3,60,1215.236403
60,4,1,1207.833585
60,4,2,1212.430579
60,4,3,1211.506851
60,4,4,1216.104373
60,4,5,1217.182237
60,4,6,1207.371365
60,4,7,1216.785670
60,4,8,1373.555701
60,4,9,1210.766993
60,4,10,1381.537255
60,4,11,1211.419278
60,4,12,1216.758058
60,4,13,1385.144554
60,4,14,1212.477025
60,4,15,1213.463982
60,4,16,1211.136133
60,4,17,1383.767809
60,4,18,1209.402450
60,4,19,1215.920815
60,4,20,1214.789294
60,4,21,1218.239880
60,4,22,1386.823336
60,4,23,1214.301383
60,4,24,1372.131027
60,4,25,1218.645090
60,4,26,1322.919760
60,4,27,1215.850202
60,4,28,1376.893779
60,4,29,1219.802620
60,4,30,1214.110735
60,4,31,1218.555655
60,4,32,1377.137211
60,4,33,1212.312815
60,4,34,1215.279347
60,4,35,1206.137020
60,4,36,1207.161048
60,4,37,1210.901441
60,4,38,1218.454139
60,4,39,1384.950788
60,4,40,1209.124050
60,4,41,1213.609858
60,4,42,1213.581017
60,4,43,1212.259357
60,4,44,1225.322722
60,4,45,1212.324166
60,4,46,1212.461748
60,4,47,1383.690528
60,4,48,1210.504451
60,4,49,1215.308837
60,4,50,1214.673015
60,4,51,1209.708306
60,4,52,1211.344889
60,4,53,1212.465661
60,4,54,1386.988486
60,4,55,1208.474533
60,4,56,1210.761166
60,4,57,1212.919747
60,4,58,1217.840877
60,4,59,1213.467387
60,4,60,1382.521770
60,5,1,1216.197204
60,5,2,1386.047223
60,5,3,1382.880399
60,5,4,1211.426487
60,5,5,1215.833862
60,5,6,1382.394893
60,5,7,1224.938849
60,5,8,1210.085278
60,5,9,1212.199104
60,5,10,1375.889439
60,5,11,1376.033748
60,5,12,1212.982118
60,5,13,1381.073498
60,5,14,1215.745917
60,5,15,1384.809000
60,5,16,1395.161719
60,5,17,1205.065451
60,5,18,1212.307700
60,5,19,1209.608449
60,5,20,1210.025273
60,5,21,1379.841715
60,5,22,1217.240414
60,5,23,1379.962937
60,5,24,1376.446191
60,5,25,1215.682942
60,5,26,1215.564951
60,5,27,1379.383132
60,5,28,1213.836221
60,5,29,1214.647152
60,5,30,1211.253862
60,5,31,1381.632535
60,5,32,1215.415113
60,5,33,1217.596499
60,5,34,1221.569322
60,5,35,1216.431549
60,5,36,1388.078809
60,5,37,1380.694271
60,5,38,1378.808677
60,5,39,1210.344503
60,5,40,1208.674505
60,5,41,1212.549083
60,5,42,1215.458592
60,5,43,1211.008403
60,5,44,1380.673641
60,5,45,1215.990668
60,5,46,1214.789044
60,5,47,1205.760182
60,5,48,1209.427202
60,5,49,1214.932641
60,5,50,1219.071033
60,5,51,1226.626909
60,5,52,1208.992627
60,5,53,1379.029755
60,5,54,1214.084513
60,5,55,1205.066090
60,5,56,1375.166994
60,5,57,1380.419960
60,5,58,1376.166425
60,5,59,1380.936383
60,5,60,1211.297037
60,6,1,1379.406307
60,6,2,1214.370485
60,6,3,1210.034248
60,6,4,1209.763993
60,6,5,1215.777125
60,6,6,1213.317181
60,6,7,1379.836604
60,6,8,1207.450572
60,6,9,1213.378298
60,6,10,1213.112511
60,6,11,1210.148871
60,6,12,1209.400112
60,6,13,1218.044898
60,6,14,1217.568479
60,6,15,1209.296918
60,6,16,1213.595560
60,6,17,1378.169077
60,6,18,1226.495380
60,6,19,1379.815143
60,6,20,1216.247106
60,6,21,1382.616262
60,6,22,1211.387470
60,6,23,1214.182575
60,6,24,1378.037800
60,6,25,1375.231520
60,6,26,1221.483379
60,6,27,1217.909239
60,6,28,1219.999125
60,6,29,1217.618528
60,6,30,1220.342308
60,6,31,1216.744892
60,6,32,1374.069244
60,6,33,1376.665510
60,6,34,1387.913484
60,6,35,1373.833455
60,6,36,1373.815104
60,6,37,1209.951268
60,6,38,1215.270202
60,6,39,1210.420463
60,6,40,1206.847599
60,6,41,1208.942733
60,6,42,1218.144363
60,6,43,1373.485257
60,6,44,1215.191672
60,6,45,1213.473889
60,6,46,1376.613538
60,6,47,1202.990085
60,6,48,1338.637980
60,6,49,1214.041066
60,6,50,1387.005447
60,6,51,1369.792376
60,6,52,1217.110989
60,6,53,1215.955369
60,6,54,1376.809375
60,6,55,1370.282289
60,6,56,1370.887687
60,6,57,1381.025772
60,6,58,1385.742726
60,6,59,1369.240380
60,6,60,1380.313555
60,7,1,1207.908796
60,7,2,1217.305116
60,7,3,1370.450280
60,7,4,1214.088373
60,7,5,1371.004787
60,7,6,1372.007907
60,7,7,1366.505102
60,7,8,1210.002366
60,7,9,1384.290526
60,7,10,1212.628502
60,7,11,1213.746123
60,7,12,1217.081466
60,7,13,1373.528709
60,7,14,1214.231945
60,7,15,1205.899940
60,7,16,1380.490730
60,7,17,1216.506536
60,7,18,1377.237989
60,7,19,1219.015124
60,7,20,1380.259344
60,7,21,1216.833529
60,7,22,1380.357589
60,7,23,1384.259026
60,7,24,1214.402359
60,7,25,1216.061273
60,7,26,1381.076908
60,7,27,1217.850909
60,7,28,1209.382540
60,7,29,1402.655889
60,7,30,1392.136406
60,7,31,1388.254063
60,7,32,1216.513917
60,7,33,1391.360731
60,7,34,1374.688733
60,7,35,1372.918225
60,7,36,1384.699065
60,7,37,1389.666997
60,7,38,1214.902846
60,7,39,1219.846072
60,7,40,1210.416154
60,7,41,1389.552258
60,7,42,1372.325441
60,7,43,1388.004119
60,7,44,1215.856879
60,7,45,1388.357133
60,7,46,1216.028196
60,7,47,1215.173007
60,7,48,1387.781861
60,7,49,1218.898994
60,7,50,1214.107726
60,7,51,1207.908367
60,7,52,1220.032001
60,7,53,1218.583453
60,7,54,1385.177956
60,7,55,1217.149605
60,7,56,1377.415687
60,7,57,1216.307433
60,7,58,1219.460903
60,7,59,1386.616669
60,7,60,1219.381504
60,8,1,1223.600703
60,8,2,1374.649674
60,8,3,1382.254401
60,8,4,1212.448145
60,8,5,1219.479030
60,8,6,1390.925251
60,8,7,1216.111248
60,8,8,1218.213556
60,8,9,1217.197775
60,8,10,1214.857394
60,8,11,1385.863914
60,8,12,1230.101639
60,8,13,1379.547858
60,8,14,1216.551832
60,8,15,1387.349645
60,8,16,1376.896744
60,8,17,1216.010346
60,8,18,1215.046588
60,8,19,1217.431732
60,8,20,1379.798344
60,8,21,1216.489580
60,8,22,1391.368165
60,8,23,1387.825039
60,8,24,1221.810962
60,8,25,1213.426824
60,8,26,1378.089278
60,8,27,1376.303062
60,8,28,1217.296101
60,8,29,1386.922857
60,8,30,1212.758283
60,8,31,1214.994230
60,8,32,1393.032576
60,8,33,1383.482609
60,8,34,1382.728951
60,8,35,1218.567570
60,8,36,1375.549679
60,8,37,1389.581937
60,8,38,1212.936558
60,8,39,1214.610066
60,8,40,1376.549913
60,8,41,1211.770104
60,8,42,1221.209398
60,8,43,1376.696245
60,8,44,1218.573862
60,8,45,1212.763413
60,8,46,1397.310227
60,8,47,1218.877934
60,8,48,1215.317604
60,8,49,1217.003722
60,8,50,1211.502739
60,8,51,1213.744854
60,8,52,1219.329800
60,8,53,1212.607796
60,8,54,1212.999992
60,8,55,1381.872512
60,8,56,1395.302321
60,8,57,1221.931971
60,8,58,1211.289962
60,8,59,1395.742951
60,8,60,1394.270926
60,9,1,1211.625167
60,9,2,1392.631951
60,9,3,1217.499809
60,9,4,1223.835791
60,9,5,1212.752752
60,9,6,1213.732217
60,9,7,1214.752687
60,9,8,1215.252526
60,9,9,1374.573821
60,9,10,1216.323180
60,9,11,1393.989903
60,9,12,1393.729324
60,9,13,1208.871616
60,9,14,1211.320193
60,9,15,1215.407754
60,9,16,1214.140238
60,9,17,1210.505950
60,9,18,1209.504006
60,9,19,1225.617392
60,9,20,1211.997077
60,9,21,1383.340577
60,9,22,1223.369432
60,9,23,1212.691434
60,9,24,1213.229500
60,9,25,1214.372789
60,9,26,1209.087288
60,9,27,1221.541190
60,9,28,1216.412110
60,9,29,1381.406776
60,9,30,1221.076622
60,9,31,1378.579653
60,9,32,1217.449171
60,9,33,1219.262844
60,9,34,1221.127368
60,9,35,1222.310131
60,9,36,1237.542168
60,9,37,1215.675894
60,9,38,1220.991926
60,9,39,1220.887180
60,9,40,1220.215840
60,9,41,1224.027387
60,9,42,1228.544676
60,9,43,1213.414842
60,9,44,1384.064447
60,9,45,1223.582412
60,9,46,1222.695433
60,9,47,1217.633619
60,9,48,1224.166029
60,9,49,1218.560948
60,9,50,1214.788168
60,9,51,1374.409228
60,9,52,1374.222456
60,9,53,1225.001230
60,9,54,1207.963352
60,9,55,1224.773396
60,9,56,1374.080645
60,9,57,1213.852814
60,9,58,1212.029114
60,9,59,1377.026352
60,9,60,1385.966339
60,10,1,1375.728003
60,10,2,1374.101585
60,10,3,1218.305009
60,10,4,1215.723395
60,10,5,1375.981078
60,10,6,1223.438563
60,10,7,1216.731176
60,10,8,1374.544202
60,10,9,1224.781513
60,10,10,1218.997172
60,10,11,1217.809784
60,10,12,1375.852268
60,10,13,1222.813719
60,10,14,1220.725607
60,10,15,1217.130554
60,10,16,1218.373048
60,10,17,1210.715075
60,10,18,1219.328376
60,10,19,1372.658323
60,10,20,1210.951617
60,10,21,1209.471206
60,10,22,1216.935938
60,10,23,1218.794365
60,10,24,1214.347455
60,10,25,1225.353768
60,10,26,1217.061142
60,10,27,1208.541867
60,10,28,1208.467215
60,10,29,1221.432977
60,10,30,1216.059599
60,10,31,1219.296963
60,10,32,1373.634040
60,10,33,1213.674671
60,10,34,1221.986904
60,10,35,1217.706685
60,10,36,1210.592266
60,10,37,1213.815724
60,10,38,1225.050167
60,10,39,1375.988692
60,10,40,1202.205035
60,10,41,1212.401784
60,10,42,1212.918522
60,10,43,1384.790097
60,10,44,1229.395741
60,10,45,1217.110572
60,10,46,1215.641127
60,10,47,1207.961371
60,10,48,1212.205710
60,10,49,1213.488562
60,10,50,1378.894516
60,10,51,1221.562700
60,10,52,1216.947282
60,10,53,1218.507982
60,10,54,1216.802022
60,10,55,1205.642098
60,10,56,1217.869343
60,10,57,1380.517631
60,10,58,1222.180411
60,10,59,1218.651390
60,10,60,1208.557308
60,11,1,1388.963389
60,11,2,1384.488364
60,11,3,1375.058328
60,11,4,1214.115871
60,11,5,1377.988984
60,11,6,1219.767696
60,11,7,1219.839262
60,11,8,1378.028478
60,11,9,1221.655977
60,11,10,1219.224009
60,11,11,1207.873000
60,11,12,1212.025136
60,11,13,1211.129178
60,11,14,1220.330088
60,11,15,1211.779951
60,11,16,1213.263229
60,11,17,1221.032564
60,11,18,1211.365004
60,11,19,1211.807101
60,11,20,1217.512706
60,11,21,1211.472220
60,11,22,1216.594674
60,11,23,1207.803409
60,11,24,1204.610629
60,11,25,1219.354369
60,11,26,1377.470284
60,11,27,1221.159687
60,11,28,1207.618835
60,11,29,1378.644493
60,11,30,1221.978925
60,11,31,1214.690216
60,11,32,1207.903943
60,11,33,1216.823639
60,11,34,1207.888954
60,11,35,1228.253743
60,11,36,1210.316896
60,11,37,1222.516846
60,11,38,1211.075537
60,11,39,1211.593222
60,11,40,1208.264065
60,11,41,1376.271750
60,11,42,1377.153998
60,11,43,1379.434208
60,11,44,1204.364295
60,11,45,1379.932464
60,11,46,1377.133029
60,11,47,1390.777449
60,11,48,1377.112537
60,11,49,1219.119236
60,11,50,1217.508696
60,11,51,1377.469620
60,11,52,1377.521521
60,11,53,1213.004940
60,11,54,1388.517650
60,11,55,1373.783320
60,11,56,1375.979899
60,11,57,1398.403393
60,11,58,1393.804924
60,11,59,1206.747851
60,11,60,1221.411540
60,12,1,1210.710845
60,12,2,1218.299404
60,12,3,1376.930527
60,12,4,1401.120343
60,12,5,1379.304889
60,12,6,1393.290263
60,12,7,1234.244931
60,12,8,1216.695711
60,12,9,1221.927349
60,12,10,1377.966951
60,12,11,1211.779565
60,12,12,1220.024720
60,12,13,1209.469048
60,12,14,1239.687751
60,12,15,1218.233772
60,12,16,1374.483952
60,12,17,1217.192618
60,12,18,1379.764747
60,12,19,1376.340036
60,12,20,1215.308748
60,12,21,1393.250976
60,12,22,1225.731553
60,12,23,1377.149874
60,12,24,1215.179303
60,12,25,1210.445471
60,12,26,1375.770299
60,12,27,1217.286281
60,12,28,1374.200070
60,12,29,1386.207552
60,12,30,1376.259955
60,12,31,1218.083807
60,12,32,1395.844991
60,12,33,1387.305215
60,12,34,1381.875874
60,12,35,1377.634950
60,12,36,1214.303710
60,12,37,1221.049091
60,12,38,1214.407905
60,12,39,1376.877978
60,12,40,1381.506879
60,12,41,1217.274920
60,12,42,1213.393728
60,12,43,1236.477140
60,12,44,1222.788468
60,12,45,1399.079433
60,12,46,1379.920787
60,12,47,1393.353608
60,12,48,1215.897187
60,12,49,1219.613641
60,12,50,1222.241876
60,12,51,1223.190245
60,12,52,1378.559312
60,12,53,1225.444565
60,12,54,1223.598521
60,12,55,1387.128049
60,12,56,1224.023883
60,12,57,1247.333422
60,12,58,1223.296442
60,12,59,1241.980513
60,12,60,1379.930160
60,13,1,1215.864527
60,13,2,1220.840627
60,13,3,1221.133663
60,13,4,1211.870514
60,13,5,1226.017436
60,13,6,1214.357913
60,13,7,1372.566010
60,13,8,1370.999975
60,13,9,1222.599220
60,13,10,1209.161392
60,13,11,1374.582215
60,13,12,1218.375013
60,13,13,1214.405247
60,13,14,1212.938082
60,13,15,1217.057995
60,13,16,1207.807493
60,13,17,1379.035796
60,13,18,1226.085480
60,13,19,1385.507326
60,13,20,1386.404280
60,13,21,1226.328268
60,13,22,1207.073840
60,13,23,1213.898326
60,13,24,1388.599271
60,13,25,1218.408482
60,13,26,1390.414868
60,13,27,1387.585436
60,13,28,1389.718761
60,13,29,1392.200412
60,13,30,1218.993923
60,13,31,1392.733156
60,13,32,1212.595293
60,13,33,1222.338675
60,13,34,1388.317478
60,13,35,1235.195700
60,13,36,1223.666655
60,13,37,1219.286570
60,13,38,1235.113156
60,13,39,1386.448399
60,13,40,1389.473055
60,13,41,1389.653912
60,13,42,1390.876397
60,13,43,1210.399696
60,13,44,1230.929461
60,13,45,1395.514521
60,13,46,1386.903241
60,13,47,1385.203577
60,13,48,1213.382084
60,13,49,1212.986595
60,13,50,1211.179810
60,13,51,1375.613715
60,13,52,1205.830764
60,13,53,1376.785685
60,13,54,1210.307781
60,13,55,1214.730495
60,13,56,1217.186572
60,13,57,1389.629248
60,13,58,1207.510940
60,13,59,1220.828360
60,13,60,1220.144885
60,14,1,1223.153945
60,14,2,1210.255356
60,14,3,1209.503025
60,14,4,1381.883584
60,14,5,1232.343939
60,14,6,1209.430729
60,14,7,1218.142782
60,14,8,1213.730333
60,14,9,1387.492229
60,14,10,1215.092156
60,14,11,1213.544781
60,14,12,1214.798493
60,14,13,1382.640414
60,14,14,1374.417262
60,14,15,1376.944693
60,14,16,1219.288689
60,14,17,1212.804045
60,14,18,1212.206625
60,14,19,1209.925656
60,14,20,1224.743834
60,14,21,1215.798784
60,14,22,1211.124050
60,14,23,1384.201897
60,14,24,1214.483438
60,14,25,1223.685125
60,14,26,1211.948566
60,14,27,1224.131862
60,14,28,1385.289271
60,14,29,1214.289706
60,14,30,1221.069945
60,14,31,1222.885020
60,14,32,1211.487281
60,14,33,1217.566118
60,14,34,1222.283837
60,14,35,1215.952872
60,14,36,1209.861167
60,14,37,1214.939913
60,14,38,1218.169143
60,14,39,1210.584669
60,14,40,1220.442927
60,14,41,1216.090522
60,14,42,1222.906247
60,14,43,1207.264303
60,14,44,1211.367949
60,14,45,1213.579165
60,14,46,1216.624483
60,14,47,1212.913635
60,14,48,1383.339294
60,14,49,1215.897706
60,14,50,1223.713256
60,14,51,1221.216764
60,14,52,1213.153612
60,14,53,1223.975950
60,14,54,1384.803359
60,14,55,1382.050471
60,14,56,1213.266951
60,14,57,1212.605859
60,14,58,1230.164585
60,14,59,1210.010880
60,14,60,1381.618041
60,15,1,1216.144358
60,15,2,1214.803047
60,15,3,1211.433063
60,15,4,1221.915124
60,15,5,1224.585637
60,15,6,1387.522558
60,15,7,1380.048453
60,15,8,1214.441565
60,15,9,1214.081423
60,15,10,1215.178298
60,15,11,1214.409636
60,15,12,1225.111380
60,15,13,1217.327808
60,15,14,1218.329151
60,15,15,1225.408484
60,15,16,1219.817251
60,15,17,1220.255845
60,15,18,1377.393176
60,15,19,1212.544737
60,15,20,1216.651445
60,15,21,1384.663178
60,15,22,1213.347525
60,15,23,1218.837339
60,15,24,1384.694801
60,15,25,1212.372633
60,15,26,1388.179567
60,15,27,1213.284237
60,15,28,1213.874335
60,15,29,1222.341421
60,15,30,1226.029387
60,15,31,1387.493838
60,15,32,1383.883800
60,15,33,1210.664605
60,15,34,1224.718268
60,15,35,1249.001573
60,15,36,1224.248398
60,15,37,1382.673940
60,15,38,1214.129658
60,15,39,1385.165917
60,15,40,1206.203663
60,15,41,1223.812601
60,15,42,1213.791018
60,15,43,1214.331236
60,15,44,1211.183108
60,15,45,1214.782993
60,15,46,1211.440610
60,15,47,1226.379582
60,15,48,1219.815316
60,15,49,1228.981256
60,15,50,1225.199424
60,15,51,1240.257779
60,15,52,1218.260475
60,15,53,1389.644324
60,15,54,1213.262245
60,15,55,1212.521799
60,15,56,1383.894671
60,15,57,1222.583090
60,15,58,1228.446366
60,15,59,1234.117046
60,15,60,1209.460293
60,16,1,1215.366657
60,16,2,1214.306601
60,16,3,1215.763411
60,16,4,1222.882762
60,16,5,1223.599272
60,16,6,1212.439588
60,16,7,1242.903564
60,16,8,1216.359931
60,16,9,1229.034039
60,16,10,1210.879790
60,16,11,1220.121455
60,16,12,1380.444811
60,16,13,1381.947413
60,16,14,1383.140361
60,16,15,1218.683737
60,16,16,1233.609784
60,16,17,1214.750099
60,16,18,1228.371289
60,16,19,1243.466586
60,16,20,1230.189024
60,16,21,1380.250452
60,16,22,1215.011327
60,16,23,1386.949199
60,16,24,1225.696360
60,16,25,1224.990579
60,16,26,1238.971100
60,16,27,1381.925272
60,16,28,1375.927143
60,16,29,1378.080698
60,16,30,1226.025910
60,16,31,1220.503963
60,16,32,1378.940085
60,16,33,1377.522633
60,16,34,1223.124311
60,16,35,1225.688679
60,16,36,1229.302064
60,16,37,1378.241946
60,16,38,1378.071933
60,16,39,1349.119096
60,16,40,1222.758578
60,16,41,1380.616027
60,16,42,1214.838998
60,16,43,1213.314385
60,16,44,1376.656186
60,16,45,1379.957859
60,16,46,1382.455128
60,16,47,1215.688762
60,16,48,1389.824246
60,16,49,1382.712854
60,16,50,1381.440305
60,16,51,1377.797303
60,16,52,1214.018002
60,16,53,1221.799841
60,16,54,1383.461017
60,16,55,1381.541503
60,16,56,1217.767637
60,16,57,1219.612551
60,16,58,1386.158057
60,16,59,1215.033708
60,16,60,1380.404299
60,17,1,1217.236729
60,17,2,1219.865663
60,17,3,1224.152766
60,17,4,1379.389674
60,17,5,1214.611054
60,17,6,1225.103722
60,17,7,1225.455445
60,17,8,1213.703486
60,17,9,1214.760315
60,17,10,1228.776665
60,17,11,1227.872327
60,17,12,1225.888566
60,17,13,1224.655912
60,17,14,1227.863494
60,17,15,1396.575396
60,17,16,1222.701829
60,17,17,1224.541075
60,17,18,1228.469192
60,17,19,1224.117665
60,17,20,1214.380557
60,17,21,1228.280632
60,17,22,1225.102324
60,17,23,1234.411590
60,17,24,1224.551079
60,17,25,1228.588855
60,17,26,1217.078663
60,17,27,1213.018169
60,17,28,1215.664282
60,17,29,1382.108343
60,17,30,1219.858531
60,17,31,1228.699496
60,17,32,1381.798854
60,17,33,1224.903520
60,17,34,1350.702351
60,17,35,1397.305834
60,17,36,1217.515205
60,17,37,1386.005674
60,17,38,1389.272818
60,17,39,1387.566408
60,17,40,1383.943848
60,17,41,1389.632328
60,17,42,1215.886383
60,17,43,1391.140837
60,17,44,1220.703437
60,17,45,1211.998767
60,17,46,1394.699808
60,17,47,1226.062270
60,17,48,1217.184874
60,17,49,1217.475832
60,17,50,1388.319517
60,17,51,1388.915058
60,17,52,1222.215004
60,17,53,1388.566782
60,17,54,1385.217853
60,17,55,1217.008732
60,17,56,1214.918731
60,17,57,1374.232948
60,17,58,1218.974974
60,17,59,1214.681648
60,17,60,1222.554073
60,18,1,1216.700490
60,18,2,1231.206240
60,18,3,1232.668930
60,18,4,1229.163074
60,18,5,1230.944065
60,18,6,1217.409452
60,18,7,1385.728183
60,18,8,1213.292871
60,18,9,1384.073498
60,18,10,1216.229084
60,18,11,1213.140117
60,18,12,1219.510706
60,18,13,1228.802539
60,18,14,1391.754518
60,18,15,1215.226709
60,18,16,1224.937360
60,18,17,1384.031946
60,18,18,1397.814658
60,18,19,1384.537100
60,18,20,1381.296427
60,18,21,1219.857646
60,18,22,1388.576111
60,18,23,1228.416171
60,18,24,1385.264338
60,18,25,1229.537743
60,18,26,1384.762289
60,18,27,1230.044842
60,18,28,1232.035816
60,18,29,1383.002345
60,18,30,1385.980366
60,18,31,1229.302109
60,18,32,1225.345042
60,18,33,1215.376494
60,18,34,1384.680889
60,18,35,1228.024675
60,18,36,1227.758350
60,18,37,1384.680621
60,18,38,1388.816889
60,18,39,1228.904748
60,18,40,1229.210401
60,18,41,1383.709005
60,18,42,1215.791256
60,18,43,1246.516789
60,18,44,1388.669974
60,18,45,1386.182953
60,18,46,1218.615579
60,18,47,1390.213556
60,18,48,1383.720455
60,18,49,1393.442274
60,18,50,1389.117614
60,18,51,1215.549641
60,18,52,1295.765191
60,18,53,1217.744403
60,18,54,1212.682339
60,18,55,1227.594323
60,18,56,1215.242942
60,18,57,1218.582913
60,18,58,1221.947222
60,18,59,1377.886952
60,18,60,1226.613548
60,19,1,1380.060583
60,19,2,1227.268074
60,19,3,1385.358145
60,19,4,1388.157999
60,19,5,1384.149442
60,19,6,1221.436028
60,19,7,1222.766235
60,19,8,1398.790535
60,19,9,1222.397750
60,19,10,1391.111625
60,19,11,1215.279157
60,19,12,1381.344835
60,19,13,1218.996616
60,19,14,1388.003496
60,19,15,1393.946550
60,19,16,1218.478863
60,19,17,1386.557459
60,19,18,1382.671384
60,19,19,1384.797978
60,19,20,1393.592746
60,19,21,1226.224434
60,19,22,1384.894753
60,19,23,1380.427969
60,19,24,1224.450647
60,19,25,1228.816442
60,19,26,1383.547731
60,19,27,1223.702392
60,19,28,1227.275224
60,19,29,1230.230078
60,19,30,1225.256854
60,19,31,1375.781163
60,19,32,1224.093614
60,19,33,1383.881597
60,19,34,1378.314448
60,19,35,1218.989910
60,19,36,1214.077163
60,19,37,1381.406830
60,19,38,1218.583002
60,19,39,1227.523964
60,19,40,1380.283513
60,19,41,1218.675248
60,19,42,1218.029884
60,19,43,1228.570230
60,19,44,1230.035459
60,19,45,1218.295782
60,19,46,1214.943152
60,19,47,1227.842600
60,19,48,1219.021221
60,19,49,1216.679310
60,19,50,1213.924794
60,19,51,1223.436940
60,19,52,1229.908776
60,19,53,1228.452283
60,19,54,1227.919226
60,19,55,1388.175221
60,19,56,1228.674907
60,19,57,1222.003375
60,19,58,1216.518339
60,19,59,1379.172072
60,19,60,1219.867843
60,20,1,1223.923244
60,20,2,1377.857468
60,20,3,1214.750577
60,20,4,1215.094991
60,20,5,1228.896273
60,20,6,1214.946292
60,20,7,1379.343510
60,20,8,1379.419611
60,20,9,1390.786057
60,20,10,1216.778879
60,20,11,1224.566599
60,20,12,1227.613836
60,20,13,1238.568872
60,20,14,1223.081213
60,20,15,1229.304237
60,20,16,1218.734622
60,20,17,1219.167722
60,20,18,1228.156985
60,20,19,1380.842126
60,20,20,1222.145995
60,20,21,1218.882234
60,20,22,1228.074803
60,20,23,1228.971924
60,20,24,1224.506009
60,20,25,1218.922356
60,20,26,1225.107238
60,20,27,1212.414655
60,20,28,1223.040416
60,20,29,1232.999924
60,20,30,1231.587172
60,20,31,1227.738795
60,20,32,1212.571055
60,20,33,1226.973470
60,20,34,1219.124828
60,20,35,1229.331873
60,20,36,1226.431179
60,20,37,1224.453340
60,20,38,1216.979423
60,20,39,1230.607027
60,20,40,1384.331429
60,20,41,1226.419562
60,20,42,1387.279974
60,20,43,1216.555780
60,20,44,1381.909200
60,20,45,1220.793862
60,20,46,1228.429152
60,20,47,1213.632429
60,20,48,1216.643576
60,20,49,1383.114492
60,20,50,1216.187739
60,20,51,1226.780475
60,20,52,1380.742926
60,20,53,1230.833171
60,20,54,1232.681377
60,20,55,1226.608251
60,20,56,1384.135824
60,20,57,1229.225038
60,20,58,1385.292375
60,20,59,1224.850825
60,20,60,1231.273819
60,21,1,1382.400990
60,21,2,1226.352959
60,21,3,1216.338157
60,21,4,1382.311829
60,21,5,1226.544259
60,21,6,1230.835703
60,21,7,1383.248249
60,21,8,1226.216009
60,21,9,1387.951647
60,21,10,1229.617185
60,21,11,1219.127807
60,21,12,1391.293265
60,21,13,1229.284764
60,21,14,1229.662811
60,21,15,1224.910165
60,21,16,1385.078799
60,21,17,1385.798840
60,21,18,1231.305397
60,21,19,1383.832021
60,21,20,1232.402917
60,21,21,1390.432377
60,21,22,1382.625300
60,21,23,1380.886940
60,21,24,1225.618697
60,21,25,1234.023672
60,21,26,1224.995189
60,21,27,1227.543286
60,21,28,1218.325915
60,21,29,1395.394394
60,21,30,1223.819468
60,21,31,1384.680632
60,21,32,1222.773217
60,21,33,1243.352685
60,21,34,1224.893461
60,21,35,1382.622344
60,21,36,1212.320153
60,21,37,1230.549847
60,21,38,1241.974414
60,21,39,1382.745801
60,21,40,1382.755274
60,21,41,1227.356100
60,21,42,1383.496775
60,21,43,1223.717511
60,21,44,1384.509372
60,21,45,1228.151115
60,21,46,1307.807249
60,21,47,1383.715127
60,21,48,1238.210783
60,21,49,1228.449455
60,21,50,1226.472585
60,21,51,1249.508302
60,21,52,1223.449659
60,21,53,1387.297437
60,21,54,1238.746923
60,21,55,1227.044176
60,21,56,1227.674867
60,21,57,1215.997223
60,21,58,1223.887206
60,21,59,1227.105630
60,21,60,1231.336614
60,22,1,1392.030996
60,22,2,1220.797066
60,22,3,1230.735218
60,22,4,1385.488953
60,22,5,1390.147571
60,22,6,1221.706360
60,22,7,1224.718332
60,22,8,1224.842068
60,22,9,1246.262708
60,22,10,1227.918324
60,22,11,1223.845503
60,22,12,1384.338876
60,22,13,1246.529693
60,22,14,1237.852881
60,22,15,1225.941621
60,22,16,1384.211927
60,22,17,1241.155700
60,22,18,1379.320279
60,22,19,1223.426222
60,22,20,1227.542161
60,22,21,1391.013418
60,22,22,1223.063717
60,22,23,1243.363936
60,22,24,1391.879128
60,22,25,1385.991659
60,22,26,1208.294067
60,22,27,1225.563803
60,22,28,1227.163098
60,22,29,1243.200533
60,22,30,1240.591877
60,22,31,1383.483888
60,22,32,1229.616621
60,22,33,1241.953346
60,22,34,1384.496858
60,22,35,1222.870055
60,22,36,1221.727265
60,22,37,1234.483892
60,22,38,1232.754455
60,22,39,1229.857529
60,22,40,1384.602787
60,22,41,1246.435917
60,22,42,1230.368863
60,22,43,1225.360781
60,22,44,1385.175355
60,22,45,1236.400659
60,22,46,1246.764015
60,22,47,1231.315966
60,22,48,1243.854847
60,22,49,1222.066079
60,22,50,1380.181745
60,22,51,1240.614487
60,22,52,1230.431471
60,22,53,1380.994407
60,22,54,1237.052786
60,22,55,1238.680944
60,22,56,1380.422834
60,22,57,1224.432707
60,22,58,1239.458797
60,22,59,1220.286985
60,22,60,1237.707587
60,23,1,1223.379261
60,23,2,1226.070788
60,23,3,1235.203148
60,23,4,1225.258007
60,23,5,1222.257943
60,23,6,1225.449207
60,23,7,1226.497277
60,23,8,1233.438319
60,23,9,1229.191898
60,23,10,1229.337678
60,23,11,1223.800351
60,23,12,1222.038615
60,23,13,1229.641605
60,23,14,1226.267952
60,23,15,1227.876249
60,23,16,1226.184875
60,23,17,1230.447718
60,23,18,1233.750208
60,23,19,1217.860308
60,23,20,1225.734916
60,23,21,1222.197489
60,23,22,1222.383656
60,23,23,1379.424309
60,23,24,1227.920545
60,23,25,1227.446831
60,23,26,1230.190204
60,23,27,1220.446031
60,23,28,1376.133482
60,23,29,1227.531309
60,23,30,1219.647328
60,23,31,1382.158438
60,23,32,1224.848869
60,23,33,1217.695951
60,23,34,1237.602130
60,23,35,1224.788468
60,23,36,1221.338108
60,23,37,1220.333451
60,23,38,1224.453863
60,23,39,1222.318119
60,23,40,1228.213598
60,23,41,1239.383788
60,23,42,1240.495499
60,23,43,1376.614962
60,23,44,1211.460418
60,23,45,1377.478611
60,23,46,1211.902796
60,23,47,1242.931812
60,23,48,1392.289562
60,23,49,1236.636960
60,23,50,1245.373019
60,23,51,1398.130451
60,23,52,1215.111928
60,23,53,1227.082750
60,23,54,1387.118274
60,23,55,1221.453279
60,23,56,1218.949537
60,23,57,1237.032924
60,23,58,1228.354012
60,23,59,1220.827075
60,23,60,1222.972078
60,24,1,1213.171881
60,24,2,1215.443238
60,24,3,1384.860255
60,24,4,1382.022388
60,24,5,1286.456040
60,24,6,1385.499660
60,24,7,1240.142402
60,24,8,1243.335339
60,24,9,1217.462751
60,24,10,1222.729283
60,24,11,1214.034640
60,24,12,1220.206933
60,24,13,1220.523663
60,24,14,1211.299344
60,24,15,1243.964374
60,24,16,1236.273629
60,24,17,1210.330884
60,24,18,1227.464267
60,24,19,1225.347546
60,24,20,1222.838185
60,24,21,1220.905027
60,24,22,1215.370850
60,24,23,1229.072533
60,24,24,1235.068110
60,24,25,1217.567741
60,24,26,1221.901810
60,24,27,1245.008270
60,24,28,1243.242775
60,24,29,1240.941994
60,24,30,1218.258662
60,24,31,1214.170062
60,24,32,1219.655913
60,24,33,1241.402023
60,24,34,1222.843595
60,24,35,1219.072475
60,24,36,1384.230108
60,24,37,1214.166457
60,24,38,1215.831747
60,24,39,1241.121875
60,24,40,1242.905643
60,24,41,1243.002744
60,24,42,1218.471804
60,24,43,1243.532745
60,24,44,1214.946088
60,24,45,1214.460996
60,24,46,1210.062804
60,24,47,1241.149532
60,24,48,1243.868630
60,24,49,1216.299253
60,24,50,1210.467954
60,24,51,1226.273633
60,24,52,1244.911707
60,24,53,1222.021962
60,24,54,1215.224974
60,24,55,1397.721796
60,24,56,1400.978663
60,24,57,1219.328298
60,24,58,1217.738397
60,24,59,1221.144299
60,24,60,1223.526843
60,25,1,1223.803719
60,25,2,1399.167398
60,25,3,1220.835979
60,25,4,1222.089950
60,25,5,1216.437729
60,25,6,1397.733390
60,25,7,1214.117594
60,25,8,1219.395194
60,25,9,1224.454607
60,25,10,1239.672441
60,25,11,1228.458061
60,25,12,1219.827811
60,25,13,1224.883724
60,25,14,1220.980563
60,25,15,1216.305589
60,25,16,1226.433070
60,25,17,1268.048749
60,25,18,1218.639140
60,25,19,1215.563587
60,25,20,1245.958159
60,25,21,1218.065152
60,25,22,1216.773394
60,25,23,1214.751522
60,25,24,1225.051882
60,25,25,1219.728692
60,25,26,1215.014488
60,25,27,1211.714690
60,25,28,1219.275320
60,25,29,1218.368332
60,25,30,1216.363319
60,25,31,1209.719035
60,25,32,1399.196956
60,25,33,1397.223167
60,25,34,1216.027018
60,25,35,1221.839067
60,25,36,1390.929074
60,25,37,1220.415262
60,25,38,1222.257811
60,25,39,1210.595745
60,25,40,1402.933064
60,25,41,1218.810612
60,25,42,1211.001910
60,25,43,1213.844857
60,25,44,1210.014721
60,25,45,1383.479276
60,25,46,1397.013794
60,25,47,1220.580184
60,25,48,1229.024012
60,25,49,1252.710967
60,25,50,1397.644737
60,25,51,1224.888504
60,25,52,1221.399654
60,25,53,1214.966371
60,25,54,1396.958456
60,25,55,1212.551984
60,25,56,1222.551840
60,25,57,1229.472662
60,25,58,1220.963486
60,25,59,1225.821110
60,25,60,1398.361154
60,26,1,1229.495037
60,26,2,1398.368452
60,26,3,1226.176108
60,26,4,1400.228061
60,26,5,1379.272397
60,26,6,1228.506820
60,26,7,1223.112145
60,26,8,1225.625523
60,26,9,1222.053225
60,26,10,1218.836265
60,26,11,1223.036269
60,26,12,1392.195566
60,26,13,1215.785816
60,26,14,1210.817557
60,26,15,1210.980279
60,26,16,1214.099183
60,26,17,1224.706066
60,26,18,1217.887186
60,26,19,1212.088943
60,26,20,1218.347841
60,26,21,1215.187352
60,26,22,1217.994761
60,26,23,1213.727558
60,26,24,1219.455323
60,26,25,1223.445121
60,26,26,1212.699808
60,26,27,1212.776119
60,26,28,1218.734723
60,26,29,1220.963468
60,26,30,1225.310010
60,26,31,1211.394255
60,26,32,1224.985386
60,26,33,1225.207173
60,26,34,1217.993819
60,26,35,1214.825870
60,26,36,1391.385046
60,26,37,1213.111466
60,26,38,1221.086437
60,26,39,1221.469388
60,26,40,1393.444420
60,26,41,1215.728446
60,26,42,1223.679767
60,26,43,1208.937690
60,26,44,1218.160008
60,26,45,1217.824336
60,26,46,1211.969870
60,26,47,1214.125448
60,26,48,1215.924844
60,26,49,1403.163867
60,26,50,1225.759666
60,26,51,1212.367814
60,26,52,1392.743971
60,26,53,1221.215828
60,26,54,1213.930110
60,26,55,1396.273548
60,26,56,1208.874669
60,26,57,1211.181780
60,26,58,1396.217741
60,26,59,1218.901916
60,26,60,1392.026253
60,27,1,1377.546431
60,27,2,1212.849812
60,27,3,1394.288789
60,27,4,1223.085388
60,27,5,1214.900434
60,27,6,1412.076613
60,27,7,1216.812668
60,27,8,1219.175016
60,27,9,1224.259566
60,27,10,1411.252455
60,27,11,1213.518535
60,27,12,1209.478861
60,27,13,1399.554288
60,27,14,1219.882588
60,27,15,1221.263989
60,27,16,1211.922686
60,27,17,1396.647713
60,27,18,1221.568056
60,27,19,1211.834495
60,27,20,1215.222339
60,27,21,1212.732845
60,27,22,1219.683217
60,27,23,1215.384573
60,27,24,1394.564364
60,27,25,1217.231931
60,27,26,1224.067601
60,27,27,1214.194961
60,27,28,1223.374620
60,27,29,1398.102320
60,27,30,1215.399550
60,27,31,1396.882119
60,27,32,1399.179681
60,27,33,1216.682603
60,27,34,1220.907213
60,27,35,1217.895569
60,27,36,1211.260815
60,27,37,1217.975133
60,27,38,1222.949119
60,27,39,1396.205928
60,27,40,1213.165786
60,27,41,1221.878411
60,27,42,1223.013222
60,27,43,1213.607611
60,27,44,1379.532318
60,27,45,1220.544622
60,27,46,1215.506309
60,27,47,1383.996509
60,27,48,1400.277303
60,27,49,1219.983241
60,27,50,1219.622105
60,27,51,1219.727387
60,27,52,1215.265008
60,27,53,1399.765348
60,27,54,1223.682105
60,27,55,1219.534917
60,27,56,1397.016276
60,27,57,1226.388741
60,27,58,1382.772854
60,27,59,1218.464011
60,27,60,1213.407930
60,28,1,1385.840330
60,28,2,1398.659904
60,28,3,1221.260826
60,28,4,1211.453053
60,28,5,1218.684285
60,28,6,1398.132506
60,28,7,1395.912387
60,28,8,1211.192389
60,28,9,1217.823528
60,28,10,1400.675705
60,28,11,1210.219630
60,28,12,1219.533944
60,28,13,1215.456355
60,28,14,1220.591386
60,28,15,1210.630602
60,28,16,1221.724374
60,28,17,1213.294039
60,28,18,1219.211509
60,28,19,1220.248201
60,28,20,1377.565384
60,28,21,1397.571004
60,28,22,1222.165549
60,28,23,1212.193239
60,28,24,1218.891457
60,28,25,1220.997524
60,28,26,1212.825072
60,28,27,1397.544146
60,28,28,1237.271971
60,28,29,1221.181824
60,28,30,1346.833404
60,28,31,1220.730935
60,28,32,1218.508604
60,28,33,1402.180258
60,28,34,1397.455631
60,28,35,1219.253127
60,28,36,1211.276549
60,28,37,1213.622344
60,28,38,1401.977551
60,28,39,1219.477160
60,28,40,1211.749956
60,28,41,1221.529982
60,28,42,1218.971680
60,28,43,1218.240917
60,28,44,1214.706913
60,28,45,1210.991573
60,28,46,1235.557679
60,28,47,1224.462088
60,28,48,1401.120995
60,28,49,1215.978436
60,28,50,1217.142200
60,28,51,1380.083926
60,28,52,1387.101192
60,28,53,1392.124308
60,28,54,1235.577182
60,28,55,1221.118532
60,28,56,1399.388914
60,28,57,1224.445086
60,28,58,1212.534481
60,28,59,1221.494311
60,28,60,1229.988164
60,29,1,1215.186111
60,29,2,1226.884778
60,29,3,1220.770698
60,29,4,1216.667433
60,29,5,1223.028248
60,29,6,1220.277118
60,29,7,1224.857225
60,29,8,1396.741908
60,29,9,1224.172787
60,29,10,1230.726533
60,29,11,1222.907056
60,29,12,1211.523216
60,29,13,1213.980316
60,29,14,1382.405884
60,29,15,1232.305718
60,29,16,1225.013159
60,29,17,1221.605160
60,29,18,1232.486098
60,29,19,1399.658850
60,29,20,1396.462617
60,29,21,1225.408750
60,29,22,1229.242100
60,29,23,1400.834166
60,29,24,1231.652029
60,29,25,1396.914448
60,29,26,1390.619912
60,29,27,1225.939636
60,29,28,1220.659623
60,29,29,1229.649357
60,29,30,1225.687053
60,29,31,1394.454387
60,29,32,1212.919588
60,29,33,1210.412063
60,29,34,1228.305829
60,29,35,1397.529895
60,29,36,1374.635251
60,29,37,1218.683878
60,29,38,1398.105264
60,29,39,1387.756342
60,29,40,1218.250671
60,29,41,1214.680315
60,29,42,1217.379053
60,29,43,1225.083858
60,29,44,1388.456276
60,29,45,1219.286932
60,29,46,1215.712406
60,29,47,1218.087266
60,29,48,1216.022531
60,29,49,1211.477180
60,29,50,1223.559513
60,29,51,1212.369921
60,29,52,1223.258134
60,29,53,1213.021258
60,29,54,1214.770972
60,29,55,1219.137926
60,29,56,1225.469909
60,29,57,1210.482392
60,29,58,1389.433936
60,29,59,1224.631322
60,29,60,1210.954684
60,30,1,1216.168805
60,30,2,1211.091067
60,30,3,1219.098352
60,30,4,1207.784678
60,30,5,1215.541760
60,30,6,1389.509397
60,30,7,1395.896866
60,30,8,1216.520157
60,30,9,1217.123714
60,30,10,1214.145710
60,30,11,1218.698450
60,30,12,1216.261294
60,30,13,1214.128917
60,30,14,1222.010338
60,30,15,1212.913524
60,30,16,1389.470007
60,30,17,1221.941459
60,30,18,1213.978358
60,30,19,1223.503539
60,30,20,1212.723866
60,30,21,1214.425734
60,30,22,1218.021809
60,30,23,1403.140414
60,30,24,1405.241830
60,30,25,1216.082050
60,30,26,1404.308921
60,30,27,1403.428741
60,30,28,1217.873290
60,30,29,1209.031630
60,30,30,1220.787318
60,30,31,1218.413699
60,30,32,1214.219387
60,30,33,1215.873195
60,30,34,1213.712161
60,30,35,1224.272430
60,30,36,1217.826584
60,30,37,1234.487964
60,30,38,1211.023588
60,30,39,1226.890014
60,30,40,1285.142239
60,30,41,1379.824843
60,30,42,1380.818524
60,30,43,1221.754102
60,30,44,1388.917833
60,30,45,1223.050544
60,30,46,1217.590918
60,30,47,1226.283232
60,30,48,1223.102210
60,30,49,1220.232197
60,30,50,1220.237482
60,30,51,1384.794944
60,30,52,1220.064018
60,30,53,1211.475419
60,30,54,1218.224507
60,30,55,1386.854053
60,30,56,1223.977897
60,30,57,1217.641893
60,30,58,1216.873252
60,30,59,1385.579118
60,30,60,1385.199399
60,31,1,1215.265627
60,31,2,1395.342840
60,31,3,1219.187538
60,31,4,1213.450811
60,31,5,1216.772262
60,31,6,1384.229270
60,31,7,1217.928888
60,31,8,1211.522201
60,31,9,1223.194190
60,31,10,1388.913253
60,31,11,1220.193658
60,31,12,1214.274134
60,31,13,1385.427384
60,31,14,1383.893385
60,31,15,1221.391651
60,31,16,1225.472069
60,31,17,1217.877928
60,31,18,1222.082903
60,31,19,1223.577732
60,31,20,1380.097072
60,31,21,1377.935267
60,31,22,1211.475366
60,31,23,1220.008084
60,31,24,1385.930229
60,31,25,1381.764131
60,31,26,1216.928137
60,31,27,1212.863392
60,31,28,1222.328778
60,31,29,1217.048661
60,31,30,1382.340119
60,31,31,1385.220101
60,31,32,1381.562310
60,31,33,1217.419462
60,31,34,1223.308183
60,31,35,1213.464322
60,31,36,1219.451096
60,31,37,1378.342740
60,31,38,1218.982614
60,31,39,1219.171523
60,31,40,1221.894660
60,31,41,1220.691744
60,31,42,1217.098055
60,31,43,1215.049855
60,31,44,1240.455424
60,31,45,1219.602730
60,31,46,1217.663688
60,31,47,1225.725215
60,31,48,1221.315703
60,31,49,1215.916834
60,31,50,1221.714191
60,31,51,1384.064184
60,31,52,1218.518726
60,31,53,1213.828266
60,31,54,1212.314241
60,31,55,1221.206491
60,31,56,1379.402353
60,31,57,1382.609303
60,31,58,1384.781682
60,31,59,1215.532079
60,31,60,1222.571744
60,32,1,1383.024695
60,32,2,1382.749999
60,32,3,1215.500596
60,32,4,1212.503474
60,32,5,1215.392857
60,32,6,1224.666718
60,32,7,1215.647497
60,32,8,1225.299803
60,32,9,1223.096061
60,32,10,1226.044898
60,32,11,1223.264899
60,32,12,1225.038468
60,32,13,1212.745686
60,32,14,1217.127568
60,32,15,1225.646605
60,32,16,1226.096200
60,32,17,1224.481511
60,32,18,1220.785366
60,32,19,1220.691650
60,32,20,1229.067313
60,32,21,1223.331513
60,32,22,1242.794991
60,32,23,1221.961193
60,32,24,1227.629923
60,32,25,1229.094513
60,32,26,1222.871879
60,32,27,1231.962106
60,32,28,1243.641318
60,32,29,1221.868148
60,32,30,1224.590721
60,32,31,1223.624654
60,32,32,1326.142916
60,32,33,1384.185030
60,32,34,1222.581460
60,32,35,1224.095673
60,32,36,1217.669541
60,32,37,1230.750396
60,32,38,1221.125894
60,32,39,1224.355224
60,32,40,1225.760810
60,32,41,1229.320336
60,32,42,1379.709062
60,32,43,1215.850040
60,32,44,1216.264614
60,32,45,1228.020554
60,32,46,1382.044103
60,32,47,1218.445561
60,32,48,1223.250855
60,32,49,1377.648452
60,32,50,1379.677056
60,32,51,1221.491530
60,32,52,1220.422240
60,32,53,1385.765807
60,32,54,1222.192792
60,32,55,1208.624580
60,32,56,1379.516635
60,32,57,1221.403822
60,32,58,1217.288476
60,32,59,1210.038664
60,32,60,1384.643446
60,33,1,1218.415740
60,33,2,1209.672912
60,33,3,1221.101970
60,33,4,1220.556472
60,33,5,1211.591908
60,33,6,1209.999847
60,33,7,1378.589288
60,33,8,1221.411115
60,33,9,1222.211497
60,33,10,1380.430612
60,33,11,1216.326687
60,33,12,1220.537407
60,33,13,1222.538802
60,33,14,1207.677344
60,33,15,1206.268715
60,33,16,1394.484496
60,33,17,1208.891790
60,33,18,1218.485956
60,33,19,1222.251451
60,33,20,1213.108580
60,33,21,1211.906500
60,33,22,1208.233677
60,33,23,1223.872035
60,33,24,1393.159343
60,33,25,1222.763753
60,33,26,1294.513901
60,33,27,1217.018355
60,33,28,1220.161100
60,33,29,1315.018196
60,33,30,1392.585393
60,33,31,1218.588634
60,33,32,1210.011943
60,33,33,1217.360354
60,33,34,1214.472313
60,33,35,1221.925859
60,33,36,1216.881695
60,33,37,1220.788320
60,33,38,1395.252273
60,33,39,1220.365412
60,33,40,1207.770968
60,33,41,1414.276640
60,33,42,1215.197872
60,33,43,1221.060592
60,33,44,1219.522692
60,33,45,1218.094872
60,33,46,1214.330100
60,33,47,1220.971843
60,33,48,1399.344809
60,33,49,1401.118846
60,33,50,1218.805301
60,33,51,1210.219634
60,33,52,1380.373529
60,33,53,1223.421118
60,33,54,1223.041127
60,33,55,1219.332670
60,33,56,1210.872621
60,33,57,1223.275076
60,33,58,1214.996799
60,33,59,1209.647616
60,33,60,1212.971028
60,34,1,1220.151055
60,34,2,1222.530660
60,34,3,1213.111218
60,34,4,1213.488802
60,34,5,1212.850237
60,34,6,1220.853092
60,34,7,1394.968858
60,34,8,1217.876226
60,34,9,1218.254614
60,34,10,1225.632731
60,34,11,1400.661886
60,34,12,1210.902025
60,34,13,1222.217336
60,34,14,1214.041870
60,34,15,1219.405113
60,34,16,1401.831009
60,34,17,1208.502081
60,34,18,1404.922698
60,34,19,1219.670480
60,34,20,1216.348631
60,34,21,1404.582322
60,34,22,1217.911016
60,34,23,1217.729023
60,34,24,1216.532984
60,34,25,1220.901909
60,34,26,1215.724132
60,34,27,1395.451923
60,34,28,1398.979809
60,34,29,1207.865989
60,34,30,1222.567059
60,34,31,1384.536494
60,34,32,1213.167770
60,34,33,1211.645740
60,34,34,1219.910076
60,34,35,1214.977717
60,34,36,1207.699157
60,34,37,1217.844615
60,34,38,1219.043371
60,34,39,1221.304898
60,34,40,1214.447334
60,34,41,1243.105568
60,34,42,1220.159208
60,34,43,1216.685488
60,34,44,1215.931113
60,34,45,1218.641954
60,34,46,1219.224161
60,34,47,1241.929042
60,34,48,1215.685584
60,34,49,1230.232337
60,34,50,1231.830850
60,34,51,1221.648050
60,34,52,1223.269421
60,34,53,1215.693043
60,34,54,1228.167097
60,34,55,1218.258763
60,34,56,1231.131324
60,34,57,1227.973682
60,34,58,1232.633900
60,34,59,1220.847575
60,34,60,1215.691804
60,35,1,1385.470480
60,35,2,1220.385113
60,35,3,1230.080805
60,35,4,1229.020374
60,35,5,1227.749283
60,35,6,1222.959122
60,35,7,1218.189466
60,35,8,1220.449058
60,35,9,1225.782180
60,35,10,1222.573798
60,35,11,1217.833455
60,35,12,1217.693661
60,35,13,1228.998163
60,35,14,1215.643914
60,35,15,1231.137655
60,35,16,1225.796952
60,35,17,1231.038764
60,35,18,1214.101681
60,35,19,1239.231962
60,35,20,1245.140939
60,35,21,1214.383540
60,35,22,1222.242621
60,35,23,1218.713217
60,35,24,1220.299996
60,35,25,1244.146747
60,35,26,1212.488959
60,35,27,1235.115113
60,35,28,1223.692468
60,35,29,1211.407126
60,35,30,1229.172993
60,35,31,1236.380213
60,35,32,1216.656790
60,35,33,1213.628316
60,35,34,1228.688960
60,35,35,1223.579501
60,35,36,1215.182130
60,35,37,1219.927942
60,35,38,1213.345174
60,35,39,1218.647399
60,35,40,1230.944112
60,35,41,1397.747240
60,35,42,1215.900537
60,35,43,1216.056786
60,35,44,1219.508895
60,35,45,1216.015201
60,35,46,1218.225424
60,35,47,1222.214307
60,35,48,1215.758045
60,35,49,1221.165834
60,35,50,1238.598376
60,35,51,1216.774150
60,35,52,1225.378795
60,35,53,1221.724662
60,35,54,1224.527492
60,35,55,1231.725520
60,35,56,1218.441926
60,35,57,1226.855889
60,35,58,1228.763815
60,35,59,1394.122434
60,35,60,1220.582884
60,36,1,1219.942079
60,36,2,1225.122351
60,36,3,1235.140224
60,36,4,1217.783591
60,36,5,1237.356530
60,36,6,1223.122633
60,36,7,1228.096223
60,36,8,1218.078764
60,36,9,1229.355176
60,36,10,1225.957059
60,36,11,1221.354677
60,36,12,1228.488301
60,36,13,1225.362984
60,36,14,1225.976844
60,36,15,1218.215523
60,36,16,1229.724474
60,36,17,1214.499088
60,36,18,1228.367485
60,36,19,1217.074016
60,36,20,1216.827800
60,36,21,1214.221254
60,36,22,1227.831808
60,36,23,1217.449559
60,36,24,1225.833290
60,36,25,1227.162767
60,36,26,1230.680293
60,36,27,1213.703818
60,36,28,1217.636682
60,36,29,1227.141983
60,36,30,1219.347047
60,36,31,1213.002825
60,36,32,1213.823785
60,36,33,1218.181559
60,36,34,1214.222012
60,36,35,1227.394785
60,36,36,1215.622905
60,36,37,1207.630896
60,36,38,1232.654711
60,36,39,1219.075461
60,36,40,1220.398534
60,36,41,1211.992426
60,36,42,1218.196034
60,36,43,1218.966515
60,36,44,1385.867840
60,36,45,1219.852006
60,36,46,1216.022191
60,36,47,1222.174237
60,36,48,1228.267876
60,36,49,1230.597303
60,36,50,1214.556180
60,36,51,1218.950907
60,36,52,1391.958100
60,36,53,1378.795679
60,36,54,1383.078652
60,36,55,1209.334089
60,36,56,1396.454572
60,36,57,1212.393062
60,36,58,1211.802520
60,36,59,1223.933327
60,36,60,1223.415684
60,37,1,1226.568439
60,37,2,1394.816258
60,37,3,1226.324479
60,37,4,1409.248417
60,37,5,1220.690022
60,37,6,1415.131058
60,37,7,1411.565964
60,37,8,1402.615690
60,37,9,1222.477564
60,37,10,1224.396643
60,37,11,1213.108305
60,37,12,1216.879748
60,37,13,1377.610894
60,37,14,1211.700184
60,37,15,1213.120688
60,37,16,1220.812449
60,37,17,1214.682561
60,37,18,1220.278325
60,37,19,1219.056113
60,37,20,1378.301511
60,37,21,1211.731029
60,37,22,1381.458715
60,37,23,1221.166774
60,37,24,1377.248179
60,37,25,1221.955687
60,37,26,1215.910292
60,37,27,1389.811829
60,37,28,1380.145524
60,37,29,1212.156037
60,37,30,1228.318980
60,37,31,1221.003583
60,37,32,1219.329979
60,37,33,1219.464527
60,37,34,1223.098983
60,37,35,1220.939057
60,37,36,1209.068527
60,37,37,1226.711105
60,37,38,1222.869795
60,37,39,1219.096393
60,37,40,1212.344498
60,37,41,1209.859148
60,37,42,1209.573741
60,37,43,1218.107547
60,37,44,1216.112703
60,37,45,1221.231159
60,37,46,1228.965494
60,37,47,1213.079691
60,37,48,1221.742597
60,37,49,1218.448072
60,37,50,1217.139242
60,37,51,1215.337398
60,37,52,1219.990048
60,37,53,1216.935122
60,37,54,1220.674384
60,37,55,1216.882331
60,37,56,1222.765930
60,37,57,1224.952170
60,37,58,1220.130442
60,37,59,1220.498029
60,37,60,1217.884565
60,38,1,1217.733998
60,38,2,1216.717894
60,38,3,1219.397648
60,38,4,1225.785167
60,38,5,1219.724073
60,38,6,1215.359017
60,38,7,1220.597627
60,38,8,1221.939412
60,38,9,1217.844322
60,38,10,1208.372925
60,38,11,1355.684092
60,38,12,1220.083677
60,38,13,1215.625686
60,38,14,1219.837831
60,38,15,1223.022980
60,38,16,1220.689466
60,38,17,1225.180774
60,38,18,1217.326786
60,38,19,1386.281440
60,38,20,1223.030016
60,38,21,1221.658468
60,38,22,1384.178905
60,38,23,1222.494299
60,38,24,1383.738054
60,38,25,1213.374677
60,38,26,1384.007786
60,38,27,1212.111103
60,38,28,1221.809715
60,38,29,1226.104404
60,38,30,1218.683585
60,38,31,1224.357954
60,38,32,1220.930072
60,38,33,1225.266772
60,38,34,1383.181678
60,38,35,1209.540301
60,38,36,1219.783324
60,38,37,1228.983534
60,38,38,1220.972688
60,38,39,1386.161843
60,38,40,1220.321609
60,38,41,1220.022842
60,38,42,1218.611565
60,38,43,1221.487811
60,38,44,1225.621994
60,38,45,1221.459053
60,38,46,1218.681491
60,38,47,1214.586447
60,38,48,1217.512683
60,38,49,1209.314412
60,38,50,1219.462709
60,38,51,1377.449139
60,38,52,1220.094648
60,38,53,1388.510120
60,38,54,1221.010220
60,38,55,1222.528098
60,38,56,1219.596282
60,38,57,1229.933755
60,38,58,1380.798167
60,38,59,1218.991906
60,38,60,1211.473399
60,39,1,1226.837944
60,39,2,1224.009259
60,39,3,1221.996331
60,39,4,1213.569157
60,39,5,1386.263586
60,39,6,1378.279986
60,39,7,1379.230642
60,39,8,1348.544380
60,39,9,1223.328914
60,39,10,1213.676807
60,39,11,1380.012185
60,39,12,1382.734641
60,39,13,1221.480522
60,39,14,1216.715139
60,39,15,1223.972899
60,39,16,1218.999732
60,39,17,1383.456069
60,39,18,1225.976151
60,39,19,1220.005582
60,39,20,1229.075307
60,39,21,1221.733077
60,39,22,1216.962033
60,39,23,1223.106411
60,39,24,1379.751511
60,39,25,1235.488046
60,39,26,1373.521535
60,39,27,1377.301440
60,39,28,1377.384648
60,39,29,1212.847190
60,39,30,1378.412743
60,39,31,1372.810662
60,39,32,1223.059890
60,39,33,1222.628896
60,39,34,1218.031266
60,39,35,1217.881506
60,39,36,1215.004278
60,39,37,1213.772205
60,39,38,1375.194379
60,39,39,1212.976519
60,39,40,1380.539204
60,39,41,1374.099302
60,39,42,1225.015571
60,39,43,1376.113203
60,39,44,1211.312204
60,39,45,1219.654655
60,39,46,1211.136882
60,39,47,1216.044245
60,39,48,1212.285267
60,39,49,1215.924828
60,39,50,1207.755224
60,39,51,1380.202481
60,39,52,1372.712035
60,39,53,1382.652614
60,39,54,1218.534525
60,39,55,1374.813533
60,39,56,1212.565378
60,39,57,1210.963259
60,39,58,1388.885618
60,39,59,1210.559049
60,39,60,1210.541453
60,40,1,1219.728600
60,40,2,1220.312379
60,40,3,1219.239396
60,40,4,1378.618239
60,40,5,1214.690568
60,40,6,1219.387980
60,40,7,1371.439810
60,40,8,1373.944898
60,40,9,1373.587413
60,40,10,1373.154171
60,40,11,1375.943074
60,40,12,1219.589499
60,40,13,1383.863230
60,40,14,1374.318729
60,40,15,1216.174441
60,40,16,1222.847908
60,40,17,1377.645093
60,40,18,1215.504333
60,40,19,1387.265097
60,40,20,1384.404061
60,40,21,1386.443579
60,40,22,1214.496764
60,40,23,1211.217104
60,40,24,1224.243625
60,40,25,1217.105577
60,40,26,1375.021031
60,40,27,1219.962745
60,40,28,1216.589493
60,40,29,1207.288660
60,40,30,1211.102290
60,40,31,1376.937570
60,40,32,1380.597892
60,40,33,1211.665344
60,40,34,1374.112917
60,40,35,1380.624437
60,40,36,1218.796296
60,40,37,1215.123803
60,40,38,1213.964609
60,40,39,1211.133152
60,40,40,1381.226785
60,40,41,1383.433305
60,40,42,1239.882667
60,40,43,1212.127622
60,40,44,1382.104716
60,40,45,1210.425864
60,40,46,1374.699885
60,40,47,1207.805933
60,40,48,1209.911783
60,40,49,1381.623655
60,40,50,1219.275111
60,40,51,1375.017321
60,40,52,1207.000092
60,40,53,1220.893483
60,40,54,1212.311389
60,40,55,1376.318583
60,40,56,1377.975796
60,40,57,1209.805551
60,40,58,1213.041566
60,40,59,1212.851260
60,40,60,1216.052932
60,41,1,1214.882744
60,41,2,1211.437791
60,41,3,1212.644204
60,41,4,1210.177750
60,41,5,1377.132562
60,41,6,1205.274393
60,41,7,1208.280869
60,41,8,1208.281141
60,41,9,1212.517317
60,41,10,1218.429598
60,41,11,1374.136995
60,41,12,1212.870968
60,41,13,1221.279723
60,41,14,1374.880087
60,41,15,1204.637819
60,41,16,1208.875246
60,41,17,1217.436523
60,41,18,1375.450935
60,41,19,1211.786829
60,41,20,1375.675091
60,41,21,1377.690092
60,41,22,1213.058252
60,41,23,1388.972095
60,41,24,1219.711957
60,41,25,1212.198401
60,41,26,1373.248738
60,41,27,1211.699728
60,41,28,1393.890448
60,41,29,1378.858363
60,41,30,1372.965344
60,41,31,1219.649877
60,41,32,1375.036489
60,41,33,1378.284537
60,41,34,1210.827364
60,41,35,1204.916563
60,41,36,1374.174472
60,41,37,1220.599375
60,41,38,1375.514543
60,41,39,1373.896581
60,41,40,1223.442897
60,41,41,1375.064423
60,41,42,1217.028819
60,41,43,1214.067474
60,41,44,1218.378913
60,41,45,1211.179644
60,41,46,1213.227660
60,41,47,1375.434867
60,41,48,1219.567839
60,41,49,1378.035062
60,41,50,1377.148294
60,41,51,1220.316807
60,41,52,1210.670587
60,41,53,1210.848247
60,41,54,1209.991390
60,41,55,1376.715188
60,41,56,1224.683011
60,41,57,1214.263358
60,41,58,1380.438905
60,41,59,1219.098811
60,41,60,1218.717056
60,42,1,1210.788133
60,42,2,1217.909129
60,42,3,1208.691370
60,42,4,1376.539146
60,42,5,1220.953006
60,42,6,1217.424290
60,42,7,1208.157919
60,42,8,1376.998920
60,42,9,1211.601631
60,42,10,1219.502882
60,42,11,1381.578321
60,42,12,1222.209268
60,42,13,1386.169995
60,42,14,1376.212163
60,42,15,1211.594510
60,42,16,1211.244454
60,42,17,1211.637516
60,42,18,1381.851564
60,42,19,1207.256768
60,42,20,1381.737600
60,42,21,1394.721534
60,42,22,1210.724396
60,42,23,1214.945201
60,42,24,1225.074496
60,42,25,1216.295907
60,42,26,1216.065070
60,42,27,1380.325481
60,42,28,1382.168261
60,42,29,1379.184567
60,42,30,1228.420497
60,42,31,1222.916826
60,42,32,1377.966583
60,42,33,1227.730052
60,42,34,1222.831501
60,42,35,1221.074218
60,42,36,1376.524564
60,42,37,1377.361203
60,42,38,1375.802382
60,42,39,1378.871419
60,42,40,1219.870865
60,42,41,1217.205170
60,42,42,1372.365749
60,42,43,1214.208558
60,42,44,1375.440969
60,42,45,1372.094799
60,42,46,1374.539564
60,42,47,1376.827165
60,42,48,1214.555700
60,42,49,1220.894515
60,42,50,1209.763242
60,42,51,1211.456573
60,42,52,1220.308239
60,42,53,1371.858871
60,42,54,1372.534277
60,42,55,1215.627004
60,42,56,1211.001898
60,42,57,1210.780903
60,42,58,1385.306051
60,42,59,1209.584998
60,42,60,1219.936368
60,43,1,1222.757862
60,43,2,1213.906705
60,43,3,1378.677916
60,43,4,1221.824417
60,43,5,1211.270969
60,43,6,1372.837216
60,43,7,1218.724656
60,43,8,1220.760238
60,43,9,1377.310903
60,43,10,1377.536312
60,43,11,1217.407662
60,43,12,1374.118753
60,43,13,1377.029926
60,43,14,1215.622140
60,43,15,1376.680977
60,43,16,1216.217777
60,43,17,1214.759948
60,43,18,1212.929419
60,43,19,1379.559744
60,43,20,1216.098927
60,43,21,1219.267098
60,43,22,1220.688384
60,43,23,1213.620782
60,43,24,1210.823980
60,43,25,1219.230675
60,43,26,1215.897044
60,43,27,1214.425078
60,43,28,1380.772507
60,43,29,1373.118994
60,43,30,1217.699668
60,43,31,1217.993849
60,43,32,1228.571116
60,43,33,1256.610415
60,43,34,1376.974259
60,43,35,1211.694165
60,43,36,1396.426261
60,43,37,1385.434395
60,43,38,1386.318012
60,43,39,1217.912688
60,43,40,1395.834061
60,43,41,1220.158784
60,43,42,1221.117520
60,43,43,1212.800981
60,43,44,1222.018519
60,43,45,1388.595919
60,43,46,1280.834251
60,43,47,1219.813790
60,43,48,1382.613350
60,43,49,1254.948487
60,43,50,1239.124440
60,43,51,1220.855710
60,43,52,1214.691694
60,43,53,1216.097067
60,43,54,1212.609525
60,43,55,1209.879118
60,43,56,1213.934148
60,43,57,1240.914482
60,43,58,1214.799304
60,43,59,1214.899428
60,43,60,1216.418555
60,44,1,1218.507999
60,44,2,1215.065987
60,44,3,1213.977387
60,44,4,1218.244131
60,44,5,1212.540727
60,44,6,1210.372960
60,44,7,1210.826111
60,44,8,1245.247497
60,44,9,1216.554810
60,44,10,1216.953571
60,44,11,1234.583331
60,44,12,1216.718013
60,44,13,1222.600102
60,44,14,1217.723224
60,44,15,1228.126323
60,44,16,1212.378782
60,44,17,1245.456180
60,44,18,1223.688879
60,44,19,1239.330759
60,44,20,1215.194889
60,44,21,1216.968399
60,44,22,1215.685349
60,44,23,1211.085275
60,44,24,1227.095124
60,44,25,1215.751882
60,44,26,1258.115760
60,44,27,1218.727640
60,44,28,1241.650798
60,44,29,1218.351041
60,44,30,1219.549999
60,44,31,1214.472609
60,44,32,1208.886860
60,44,33,1219.033408
60,44,34,1245.606705
60,44,35,1219.338964
60,44,36,1223.954119
60,44,37,1234.108744
60,44,38,1219.995210
60,44,39,1214.705826
60,44,40,1211.500664
60,44,41,1215.915291
60,44,42,1212.901994
60,44,43,1217.637967
60,44,44,1221.972014
60,44,45,1212.840546
60,44,46,1214.173602
60,44,47,1214.607015
60,44,48,1216.939512
60,44,49,1212.979341
60,44,50,1216.679473
60,44,51,1214.552601
60,44,52,1215.364438
60,44,53,1225.818965
60,44,54,1235.893399
60,44,55,1216.588527
60,44,56,1212.514491
60,44,57,1213.980466
60,44,58,1228.658565
60,44,59,1221.236232
60,44,60,1214.041675
60,45,1,1215.678306
60,45,2,1212.285501
60,45,3,1217.464919
60,45,4,1239.176764
60,45,5,1212.141975
60,45,6,1236.460359
60,45,7,1216.708772
60,45,8,1214.561610
60,45,9,1213.979826
60,45,10,1213.858463
60,45,11,1296.608793
60,45,12,1214.743018
60,45,13,1211.724172
60,45,14,1214.536723
60,45,15,1239.247800
60,45,16,1216.762692
60,45,17,1214.432799
60,45,18,1212.768394
60,45,19,1219.398306
60,45,20,1218.533138
60,45,21,1211.119231
60,45,22,1216.418086
60,45,23,1236.103520
60,45,24,1224.000557
60,45,25,1215.501403
60,45,26,1222.724241
60,45,27,1218.733803
60,45,28,1219.171313
60,45,29,1215.473153
60,45,30,1217.232022
60,45,31,1213.184404
60,45,32,1221.451765
60,45,33,1213.955868
60,45,34,1217.766595
60,45,35,1227.412117
60,45,36,1221.099617
60,45,37,1236.988865
60,45,38,1218.934319
60,45,39,1215.424790
60,45,40,1213.500596
60,45,41,1241.175649
60,45,42,1219.263644
60,45,43,1219.726688
60,45,44,1214.872128
60,45,45,1224.302353
60,45,46,1232.349916
60,45,47,1219.199571
60,45,48,1220.517071
60,45,49,1217.975846
60,45,50,1228.631761
60,45,51,1218.513639
60,45,52,1243.422813
60,45,53,1216.597625
60,45,54,1223.746329
60,45,55,1245.067656
60,45,56,1220.385714
60,45,57,1226.927534
60,45,58,1218.311817
60,45,59,1220.578857
60,45,60,1225.403557
60,46,1,1236.855235
60,46,2,1211.049440
60,46,3,1213.141680
60,46,4,1216.367267
60,46,5,1216.140149
60,46,6,1209.311337
60,46,7,1218.799182
60,46,8,1218.276067
60,46,9,1213.678192
60,46,10,1221.995657
60,46,11,1207.788270
60,46,12,1239.235406
60,46,13,1220.506431
60,46,14,1217.095720
60,46,15,1207.440665
60,46,16,1213.684370
60,46,17,1222.899097
60,46,18,1223.524522
60,46,19,1212.107542
60,46,20,1203.414265
60,46,21,1212.974702
60,46,22,1221.015585
60,46,23,1216.332889
60,46,24,1208.995992
60,46,25,1209.724097
60,46,26,1215.558721
60,46,27,1214.931397
60,46,28,1216.897724
60,46,29,1216.377377
60,46,30,1219.065942
60,46,31,1220.773910
60,46,32,1212.815289
60,46,33,1214.572459
60,46,34,1221.046422
60,46,35,1219.762971
60,46,36,1214.821494
60,46,37,1209.507026
60,46,38,1215.258525
60,46,39,1243.102127
60,46,40,1220.525526
60,46,41,1214.401990
60,46,42,1216.056646
60,46,43,1210.497664
60,46,44,1218.861646
60,46,45,1218.658439
60,46,46,1237.221798
60,46,47,1219.061410
60,46,48,1214.544035
60,46,49,1211.141877
60,46,50,1216.098937
60,46,51,1210.725432
60,46,52,1222.601306
60,46,53,1222.503362
60,46,54,1213.332846
60,46,55,1218.098491
60,46,56,1217.131199
60,46,57,1228.492760
60,46,58,1211.906828
60,46,59,1218.772265
60,46,60,1220.283883
60,47,1,1227.415921
60,47,2,1216.254231
60,47,3,1216.803512
60,47,4,1216.670667
60,47,5,1215.086176
60,47,6,1230.376961
60,47,7,1217.498639
60,47,8,1221.176914
60,47,9,1212.788310
60,47,10,1215.687495
60,47,11,1219.156324
60,47,12,1214.289469
60,47,13,1224.487366
60,47,14,1237.057408
60,47,15,1213.344177
60,47,16,1235.404467
60,47,17,1212.304119
60,47,18,1213.104590
60,47,19,1209.826004
60,47,20,1235.256352
60,47,21,1213.395560
60,47,22,1239.472553
60,47,23,1212.169532
60,47,24,1211.390298
60,47,25,1210.865570
60,47,26,1232.984419
60,47,27,1234.839995
60,47,28,1210.090752
60,47,29,1213.218979
60,47,30,1218.747188
60,47,31,1239.477762
60,47,32,1234.996611
60,47,33,1224.165482
60,47,34,1215.040424
60,47,35,1213.195902
60,47,36,1218.197103
60,47,37,1216.904457
60,47,38,1218.260470
60,47,39,1221.459768
60,47,40,1238.195042
60,47,41,1211.923977
60,47,42,1217.420746
60,47,43,1236.568250
60,47,44,1208.828983
60,47,45,1215.378362
60,47,46,1213.333520
60,47,47,1213.192932
60,47,48,1234.194868
60,47,49,1243.807524
60,47,50,1234.994967
60,47,51,1226.881808
60,47,52,1216.166169
60,47,53,1227.937717
60,47,54,1211.872930
60,47,55,1217.714450
60,47,56,1209.307320
60,47,57,1215.032285
60,47,58,1214.037262
60,47,59,1210.888699
60,47,60,1216.878081
60,48,1,1386.121232
60,48,2,1216.982152
60,48,3,1218.545320
60,48,4,1210.225611
60,48,5,1217.603340
60,48,6,1210.745230
60,48,7,1216.638081
60,48,8,1218.726258
60,48,9,1210.611065
60,48,10,1221.762145
60,48,11,1215.888127
60,48,12,1217.474262
60,48,13,1219.713490
60,48,14,1216.979901
60,48,15,1227.727531
60,48,16,1217.217396
60,48,17,1228.909921
60,48,18,1216.265841
60,48,19,1216.552973
60,48,20,1225.076423
60,48,21,1220.581452
60,48,22,1215.300381
60,48,23,1211.632057
60,48,24,1215.563852
60,48,25,1226.434752
60,48,26,1211.724940
60,48,27,1215.238129
60,48,28,1214.735994
60,48,29,1216.382632
60,48,30,1214.627088
60,48,31,1215.931769
60,48,32,1219.430562
60,48,33,1208.018774
60,48,34,1208.054094
60,48,35,1217.861350
60,48,36,1210.394170
60,48,37,1221.003328
60,48,38,1230.789499
60,48,39,1225.451392
60,48,40,1222.438858
60,48,41,1210.370122
60,48,42,1222.127976
60,48,43,1217.705560
60,48,44,1222.146766
60,48,45,1207.770342
60,48,46,1211.212294
60,48,47,1223.772479
60,48,48,1234.743749
60,48,49,1208.674257
60,48,50,1207.468133
60,48,51,1214.466676
60,48,52,1210.905057
60,48,53,1219.408947
60,48,54,1216.730690
60,48,55,1211.118048
60,48,56,1223.957564
60,48,57,1219.920472
60,48,58,1207.184386
60,48,59,1208.020988
60,48,60,1211.820912
60,49,1,1394.440065
60,49,2,1223.503740
60,49,3,1210.698367
60,49,4,1216.177131
60,49,5,1222.768474
60,49,6,1213.486882
60,49,7,1223.737713
60,49,8,1210.929738
60,49,9,1222.444827
60,49,10,1222.714995
60,49,11,1217.569533
60,49,12,1222.119821
60,49,13,1220.060820
60,49,14,1215.608121
60,49,15,1224.157898
60,49,16,1224.673630
60,49,17,1225.820486
60,49,18,1221.250519
60,49,19,1217.898232
60,49,20,1221.781307
60,49,21,1217.691633
60,49,22,1225.942728
60,49,23,1215.743198
60,49,24,1223.059402
60,49,25,1219.185901
60,49,26,1220.747163
60,49,27,1213.660247
60,49,28,1213.499099
60,49,29,1218.052357
60,49,30,1215.893346
60,49,31,1212.187966
60,49,32,1213.379300
60,49,33,1215.436279
60,49,34,1215.387376
60,49,35,1216.780525
60,49,36,1217.509922
60,49,37,1218.530539
60,49,38,1215.323872
60,49,39,1213.170688
60,49,40,1211.582612
60,49,41,1211.768359
60,49,42,1239.792268
60,49,43,1220.382095
60,49,44,1210.560211
60,49,45,1220.230607
60,49,46,1244.801699
60,49,47,1222.182558
60,49,48,1241.871455
60,49,49,1237.487098
60,49,50,1219.147850
60,49,51,1214.407534
60,49,52,1228.349160
60,49,53,1212.582685
60,49,54,1212.774393
60,49,55,1226.584362
60,49,56,1217.543726
60,49,57,1237.856971
60,49,58,1220.068631
60,49,59,1237.988558
60,49,60,1217.198216
60,50,1,1214.128744
60,50,2,1230.446477
60,50,3,1219.722567
60,50,4,1216.698203
60,50,5,1207.684419
60,50,6,1215.007985
60,50,7,1218.845196
60,50,8,1211.082333
60,50,9,1210.833489
60,50,10,1209.866016
60,50,11,1223.857896
60,50,12,1213.095752
60,50,13,1221.297581
60,50,14,1212.701907
60,50,15,1233.730404
60,50,16,1226.561926
60,50,17,1208.537844
60,50,18,1214.334224
60,50,19,1219.609582
60,50,20,1213.375580
60,50,21,1217.086346
60,50,22,1216.854748
60,50,23,1216.819746
60,50,24,1215.091247
60,50,25,1213.855464
60,50,26,1212.902057
60,50,27,1219.191795
60,50,28,1214.669441
60,50,29,1219.561713
60,50,30,1222.361061
60,50,31,1218.422782
60,50,32,1224.142790
60,50,33,1223.580377
60,50,34,1210.833057
60,50,35,1212.872827
60,50,36,1223.819255
60,50,37,1228.424917
60,50,38,1210.310769
60,50,39,1212.701326
60,50,40,1219.202671
60,50,41,1218.711672
60,50,42,1228.667279
60,50,43,1211.466834
60,50,44,1209.690645
60,50,45,1217.601751
60,50,46,1212.405551
60,50,47,1210.003185
60,50,48,1222.102656
60,50,49,1208.037673
60,50,50,1215.426602
60,50,51,1224.261834
60,50,52,1219.416553
60,50,53,1218.419143
60,50,54,1223.377091
60,50,55,1229.011853
60,50,56,1212.307354
60,50,57,1217.375379
60,50,58,1333.163643
60,50,59,1211.183313
60,50,60,1210.547482
