mem_mib,k,rep,call_idx,call_time_ms
64,1,1,1,76.106839
64,1,2,1,73.715617
64,1,3,1,73.126468
64,1,4,1,72.514736
64,1,5,1,72.522722
64,1,6,1,72.092893
64,1,7,1,87.147209
64,1,8,1,75.444796
64,1,9,1,72.725711
64,1,10,1,71.237269
64,1,11,1,72.593457
64,1,12,1,74.061399
64,1,13,1,71.865449
64,1,14,1,71.645087
64,1,15,1,72.100374
64,1,16,1,71.190108
64,1,17,1,71.114519
64,1,18,1,70.754263
64,1,19,1,71.838802
64,1,20,1,87.141336
64,1,21,1,71.142503
64,1,22,1,71.198802
64,1,23,1,71.820758
64,1,24,1,71.290363
64,1,25,1,69.438592
64,1,26,1,72.429984
64,1,27,1,72.597941
64,1,28,1,72.018968
64,1,29,1,72.325626
64,1,30,1,71.565147
64,1,31,1,72.356090
64,1,32,1,94.035323
64,1,33,1,72.369175
64,1,34,1,72.390790
64,1,35,1,69.387459
64,1,36,1,72.837312
64,1,37,1,72.678867
64,1,38,1,72.502940
64,1,39,1,82.547487
64,1,40,1,70.365139
64,1,41,1,72.339364
64,1,42,1,72.299134
64,1,43,1,71.799518
64,1,44,1,74.533266
64,1,45,1,84.171730
64,1,46,1,73.335762
64,1,47,1,70.307842
64,1,48,1,88.325373
64,1,49,1,71.521512
64,1,50,1,72.487766
64,3,1,1,73.737031
64,3,1,2,72.440967
64,3,1,3,70.355075
64,3,2,1,71.539058
64,3,2,2,70.588932
64,3,2,3,69.440819
64,3,3,1,71.754148
64,3,3,2,72.268617
64,3,3,3,71.066114
64,3,4,1,70.196690
64,3,4,2,71.247271
64,3,4,3,87.095168
64,3,5,1,69.867617
64,3,5,2,71.012949
64,3,5,3,71.477862
64,3,6,1,70.218246
64,3,6,2,71.071890
64,3,6,3,69.591725
64,3,7,1,71.648818
64,3,7,2,75.287166
64,3,7,3,72.247600
64,3,8,1,69.176295
64,3,8,2,71.511850
64,3,8,3,71.276835
64,3,9,1,71.180840
64,3,9,2,70.266683
64,3,9,3,70.451725
64,3,10,1,73.218002
64,3,10,2,71.389296
64,3,10,3,69.688798
64,3,11,1,70.966594
64,3,11,2,71.330060
64,3,11,3,70.252628
64,3,12,1,70.135203
64,3,12,2,71.485233
64,3,12,3,71.704704
64,3,13,1,71.194060
64,3,13,2,72.875798
64,3,13,3,71.382483
64,3,14,1,70.649259
64,3,14,2,71.050449
64,3,14,3,71.502641
64,3,15,1,71.372583
64,3,15,2,70.238343
64,3,15,3,81.006206
64,3,16,1,71.446934
64,3,16,2,70.088413
64,3,16,3,70.835356
64,3,17,1,71.824806
64,3,17,2,71.544520
64,3,17,3,70.397165
64,3,18,1,71.538517
64,3,18,2,70.175056
64,3,18,3,72.153944
64,3,19,1,70.857539
64,3,19,2,70.580119
64,3,19,3,70.599639
64,3,20,1,72.133998
64,3,20,2,72.921311
64,3,20,3,69.473796
64,3,21,1,71.780757
64,3,21,2,71.248738
64,3,21,3,70.542115
64,3,22,1,71.105024
64,3,22,2,72.781092
64,3,22,3,72.256876
64,3,23,1,71.695116
64,3,23,2,71.161505
64,3,23,3,70.719718
64,3,24,1,70.737729
64,3,24,2,70.647855
64,3,24,3,72.164648
64,3,25,1,71.174317
64,3,25,2,72.008535
64,3,25,3,71.702926
64,3,26,1,71.273371
64,3,26,2,71.173425
64,3,26,3,71.669108
64,3,27,1,70.454129
64,3,27,2,72.818735
64,3,27,3,71.008547
64,3,28,1,71.172297
64,3,28,2,69.917409
64,3,28,3,71.342571
64,3,29,1,69.815136
64,3,29,2,74.550402
64,3,29,3,72.404468
64,3,30,1,71.323013
64,3,30,2,70.309332
64,3,30,3,71.170868
64,3,31,1,73.933363
64,3,31,2,70.894622
64,3,31,3,70.415195
64,3,32,1,89.095151
64,3,32,2,70.691856
64,3,32,3,71.172698
64,3,33,1,71.381622
64,3,33,2,68.971076
64,3,33,3,70.603884
64,3,34,1,72.153125
64,3,34,2,72.519779
64,3,34,3,71.594772
64,3,35,1,72.276870
64,3,35,2,70.921832
64,3,35,3,70.550727
64,3,36,1,73.939825
64,3,36,2,71.345380
64,3,36,3,70.288328
64,3,37,1,73.135507
64,3,37,2,72.388836
64,3,37,3,85.411411
64,3,38,1,72.458287
64,3,38,2,71.804922
64,3,38,3,71.208952
64,3,39,1,72.684607
64,3,39,2,70.744315
64,3,39,3,73.009361
64,3,40,1,70.531077
64,3,40,2,71.481962
64,3,40,3,71.649472
64,3,41,1,70.421033
64,3,41,2,72.926557
64,3,41,3,88.895183
64,3,42,1,71.196273
64,3,42,2,71.819458
64,3,42,3,72.640012
64,3,43,1,72.036782
64,3,43,2,71.779941
64,3,43,3,70.116529
64,3,44,1,72.017219
64,3,44,2,71.130955
64,3,44,3,72.939935
64,3,45,1,71.220453
64,3,45,2,71.926033
64,3,45,3,70.105829
64,3,46,1,72.159541
64,3,46,2,71.764389
64,3,46,3,72.366496
64,3,47,1,71.465428
64,3,47,2,72.339795
64,3,47,3,71.829969
64,3,48,1,71.098617
64,3,48,2,71.961654
64,3,48,3,70.310287
64,3,49,1,72.264949
64,3,49,2,70.893251
64,3,49,3,71.197612
64,3,50,1,71.126514
64,3,50,2,86.896367
64,3,50,3,71.599321
64,5,1,1,73.570450
64,5,1,2,71.569388
64,5,1,3,71.020132
64,5,1,4,71.669830
64,5,1,5,70.732882
64,5,2,1,71.698897
64,5,2,2,70.135366
64,5,2,3,72.475150
64,5,2,4,72.874264
64,5,2,5,71.701864
64,5,3,1,70.580761
64,5,3,2,72.047444
64,5,3,3,72.200446
64,5,3,4,69.851775
64,5,3,5,70.105538
64,5,4,1,69.774044
64,5,4,2,70.328098
64,5,4,3,72.550685
64,5,4,4,71.357527
64,5,4,5,70.856392
64,5,5,1,69.654060
64,5,5,2,71.925963
64,5,5,3,71.189171
64,5,5,4,71.630139
64,5,5,5,70.603330
64,5,6,1,71.371442
64,5,6,2,72.045917
64,5,6,3,71.252568
64,5,6,4,71.011667
64,5,6,5,69.679849
64,5,7,1,70.440589
64,5,7,2,70.642726
64,5,7,3,71.274793
64,5,7,4,72.832610
64,5,7,5,71.451653
64,5,8,1,71.445236
64,5,8,2,73.308612
64,5,8,3,72.987116
64,5,8,4,71.042407
64,5,8,5,70.828970
64,5,9,1,71.655343
64,5,9,2,70.672985
64,5,9,3,70.261287
64,5,9,4,71.566352
64,5,9,5,72.150650
64,5,10,1,70.797548
64,5,10,2,71.678987
64,5,10,3,70.409876
64,5,10,4,71.574314
64,5,10,5,71.789354
64,5,11,1,71.222565
64,5,11,2,72.040147
64,5,11,3,71.544033
64,5,11,4,70.941662
64,5,11,5,71.339188
64,5,12,1,70.888777
64,5,12,2,71.472157
64,5,12,3,71.576134
64,5,12,4,69.691140
64,5,12,5,73.591163
64,5,13,1,71.312133
64,5,13,2,78.158809
64,5,13,3,71.343619
64,5,13,4,71.306270
64,5,13,5,71.122839
64,5,14,1,76.460826
64,5,14,2,71.028865
64,5,14,3,72.015208
64,5,14,4,70.825119
64,5,14,5,69.680153
64,5,15,1,73.673546
64,5,15,2,71.685792
64,5,15,3,72.459496
64,5,15,4,70.588619
64,5,15,5,70.874825
64,5,16,1,70.530733
64,5,16,2,70.039862
64,5,16,3,72.184757
64,5,16,4,71.381432
64,5,16,5,70.378983
64,5,17,1,71.562183
64,5,17,2,70.712485
64,5,17,3,69.801890
64,5,17,4,69.808626
64,5,17,5,71.094385
64,5,18,1,70.452903
64,5,18,2,70.963875
64,5,18,3,70.552224
64,5,18,4,72.577553
64,5,18,5,71.178441
64,5,19,1,72.338672
64,5,19,2,71.117951
64,5,19,3,71.602900
64,5,19,4,71.088706
64,5,19,5,69.545710
64,5,20,1,70.275779
64,5,20,2,71.863356
64,5,20,3,71.814393
64,5,20,4,71.696602
64,5,20,5,70.853991
64,5,21,1,72.261370
64,5,21,2,71.827523
64,5,21,3,87.515723
64,5,21,4,86.093230
64,5,21,5,71.580659
64,5,22,1,71.974432
64,5,22,2,70.621338
64,5,22,3,70.035585
64,5,22,4,71.434387
64,5,22,5,70.636158
64,5,23,1,71.952217
64,5,23,2,72.506454
64,5,23,3,73.668018
64,5,23,4,72.070687
64,5,23,5,76.629096
64,5,24,1,71.781297
64,5,24,2,70.818815
64,5,24,3,71.818700
64,5,24,4,71.268603
64,5,24,5,71.639747
64,5,25,1,71.049979
64,5,25,2,71.571532
64,5,25,3,73.231020
64,5,25,4,70.749722
64,5,25,5,70.564261
64,5,26,1,71.924458
64,5,26,2,73.817353
64,5,26,3,71.257358
64,5,26,4,71.907165
64,5,26,5,71.364416
64,5,27,1,72.663083
64,5,27,2,72.546162
64,5,27,3,71.787270
64,5,27,4,71.674319
64,5,27,5,72.108102
64,5,28,1,71.925744
64,5,28,2,70.997206
64,5,28,3,71.758988
64,5,28,4,74.040992
64,5,28,5,71.868642
64,5,29,1,72.964248
64,5,29,2,71.860264
64,5,29,3,72.604278
64,5,29,4,71.273538
64,5,29,5,70.672176
64,5,30,1,71.978375
64,5,30,2,71.672835
64,5,30,3,71.299267
64,5,30,4,71.131797
64,5,30,5,71.351841
64,5,31,1,71.709045
64,5,31,2,72.537045
64,5,31,3,70.391533
64,5,31,4,72.390186
64,5,31,5,71.242041
64,5,32,1,72.038318
64,5,32,2,72.219248
64,5,32,3,70.947409
64,5,32,4,72.512003
64,5,32,5,70.381208
64,5,33,1,69.898652
64,5,33,2,71.306341
64,5,33,3,71.978261
64,5,33,4,74.671575
64,5,33,5,72.810201
64,5,34,1,73.247071
64,5,34,2,71.061547
64,5,34,3,71.779792
64,5,34,4,71.672695
64,5,34,5,71.244375
64,5,35,1,72.148562
64,5,35,2,70.812925
64,5,35,3,71.774252
64,5,35,4,70.180315
64,5,35,5,71.836708
64,5,36,1,75.203068
64,5,36,2,72.024401
64,5,36,3,72.567563
64,5,36,4,70.891111
64,5,36,5,71.214469
64,5,37,1,71.301465
64,5,37,2,72.001175
64,5,37,3,72.504219
64,5,37,4,71.692569
64,5,37,5,70.887109
64,5,38,1,72.204735
64,5,38,2,69.109814
64,5,38,3,71.811798
64,5,38,4,71.621662
64,5,38,5,70.959896
64,5,39,1,73.959091
64,5,39,2,70.922280
64,5,39,3,71.531003
64,5,39,4,72.201548
64,5,39,5,70.769418
64,5,40,1,73.152031
64,5,40,2,74.151019
64,5,40,3,72.187337
64,5,40,4,72.183868
64,5,40,5,69.245675
64,5,41,1,72.819703
64,5,41,2,71.929610
64,5,41,3,69.963620
64,5,41,4,71.095789
64,5,41,5,72.123483
64,5,42,1,75.759936
64,5,42,2,71.699098
64,5,42,3,71.117669
64,5,42,4,71.787744
64,5,42,5,71.363674
64,5,43,1,70.731455
64,5,43,2,70.577738
64,5,43,3,70.438507
64,5,43,4,72.596691
64,5,43,5,72.330484
64,5,44,1,72.449012
64,5,44,2,73.937537
64,5,44,3,72.182808
64,5,44,4,70.280106
64,5,44,5,70.830051
64,5,45,1,71.949052
64,5,45,2,71.732203
64,5,45,3,70.814770
64,5,45,4,71.337776
64,5,45,5,70.706571
64,5,46,1,72.065169
64,5,46,2,71.191830
64,5,46,3,73.117605
64,5,46,4,71.690294
64,5,46,5,73.837490
64,5,47,1,71.032102
64,5,47,2,70.892118
64,5,47,3,71.642375
64,5,47,4,72.100200
64,5,47,5,71.521991
64,5,48,1,71.097226
64,5,48,2,71.707499
64,5,48,3,68.937531
64,5,48,4,70.387823
64,5,48,5,70.075871
64,5,49,1,72.215128
64,5,49,2,70.937636
64,5,49,3,71.862017
64,5,49,4,70.993965
64,5,49,5,71.255888
64,5,50,1,70.137573
64,5,50,2,69.981325
64,5,50,3,71.008687
64,5,50,4,71.804150
64,5,50,5,71.266018
64,10,1,1,73.705763
64,10,1,2,71.223117
64,10,1,3,69.960042
64,10,1,4,71.683965
64,10,1,5,70.223956
64,10,1,6,71.378080
64,10,1,7,72.571808
64,10,1,8,71.046962
64,10,1,9,72.160702
64,10,1,10,71.827432
64,10,2,1,72.192298
64,10,2,2,74.941045
64,10,2,3,71.226434
64,10,2,4,69.958308
64,10,2,5,73.902082
64,10,2,6,74.423353
64,10,2,7,71.838621
64,10,2,8,70.258057
64,10,2,9,74.006490
64,10,2,10,71.945646
64,10,3,1,72.001533
64,10,3,2,71.890391
64,10,3,3,70.903173
64,10,3,4,72.427249
64,10,3,5,72.276576
64,10,3,6,70.819851
64,10,3,7,71.157814
64,10,3,8,71.966499
64,10,3,9,72.330879
64,10,3,10,72.811051
64,10,4,1,72.687964
64,10,4,2,72.481357
64,10,4,3,70.948099
64,10,4,4,72.159112
64,10,4,5,71.467076
64,10,4,6,71.757242
64,10,4,7,72.015397
64,10,4,8,71.279201
64,10,4,9,71.262203
64,10,4,10,70.268392
64,10,5,1,71.930584
64,10,5,2,72.734112
64,10,5,3,71.216786
64,10,5,4,71.536258
64,10,5,5,72.404540
64,10,5,6,73.053347
64,10,5,7,71.536639
64,10,5,8,71.097093
64,10,5,9,71.076912
64,10,5,10,72.538272
64,10,6,1,71.760345
64,10,6,2,71.577799
64,10,6,3,72.814559
64,10,6,4,72.487388
64,10,6,5,72.648846
64,10,6,6,73.936796
64,10,6,7,72.485809
64,10,6,8,72.388741
64,10,6,9,72.735181
64,10,6,10,71.578772
64,10,7,1,72.393581
64,10,7,2,71.622125
64,10,7,3,72.536925
64,10,7,4,71.749302
64,10,7,5,72.430797
64,10,7,6,73.003215
64,10,7,7,72.422159
64,10,7,8,72.343782
64,10,7,9,73.131755
64,10,7,10,72.616691
64,10,8,1,72.133768
64,10,8,2,73.829027
64,10,8,3,72.131747
64,10,8,4,72.746534
64,10,8,5,72.452893
64,10,8,6,70.680458
64,10,8,7,74.962894
64,10,8,8,73.232182
64,10,8,9,71.444877
64,10,8,10,71.553194
64,10,9,1,72.998815
64,10,9,2,74.182260
64,10,9,3,70.643614
64,10,9,4,72.102030
64,10,9,5,72.150010
64,10,9,6,72.060180
64,10,9,7,72.241735
64,10,9,8,72.712075
64,10,9,9,70.228334
64,10,9,10,71.966608
64,10,10,1,72.360739
64,10,10,2,71.207503
64,10,10,3,72.636178
64,10,10,4,72.888267
64,10,10,5,71.676282
64,10,10,6,76.300717
64,10,10,7,73.546658
64,10,10,8,71.042310
64,10,10,9,72.229308
64,10,10,10,72.158198
64,10,11,1,71.272037
64,10,11,2,71.663314
64,10,11,3,72.865855
64,10,11,4,72.479740
64,10,11,5,71.154650
64,10,11,6,72.506019
64,10,11,7,72.805132
64,10,11,8,73.149230
64,10,11,9,71.694245
64,10,11,10,71.033499
64,10,12,1,72.436830
64,10,12,2,72.355878
64,10,12,3,71.111168
64,10,12,4,71.738463
64,10,12,5,72.674277
64,10,12,6,73.132755
64,10,12,7,74.074380
64,10,12,8,72.733153
64,10,12,9,72.755305
64,10,12,10,72.010008
64,10,13,1,72.645624
64,10,13,2,72.592748
64,10,13,3,72.822612
64,10,13,4,72.184619
64,10,13,5,70.452561
64,10,13,6,70.987916
64,10,13,7,71.275529
64,10,13,8,70.597269
64,10,13,9,72.170491
64,10,13,10,72.080032
64,10,14,1,72.739633
64,10,14,2,71.399092
64,10,14,3,74.002796
64,10,14,4,73.702013
64,10,14,5,72.170802
64,10,14,6,72.350925
64,10,14,7,71.257511
64,10,14,8,76.052303
64,10,14,9,71.609480
64,10,14,10,71.504259
64,10,15,1,71.247644
64,10,15,2,74.716550
64,10,15,3,72.875684
64,10,15,4,72.511867
64,10,15,5,71.085350
64,10,15,6,76.378319
64,10,15,7,71.548605
64,10,15,8,72.825824
64,10,15,9,71.502244
64,10,15,10,71.926130
64,10,16,1,69.955666
64,10,16,2,71.975407
64,10,16,3,71.160858
64,10,16,4,70.538406
64,10,16,5,70.954816
64,10,16,6,71.746960
64,10,16,7,72.265106
64,10,16,8,72.786589
64,10,16,9,71.985654
64,10,16,10,71.824390
64,10,17,1,71.610912
64,10,17,2,72.457579
64,10,17,3,70.040352
64,10,17,4,70.504941
64,10,17,5,71.824757
64,10,17,6,70.891023
64,10,17,7,71.070314
64,10,17,8,73.992796
64,10,17,9,72.111397
64,10,17,10,71.035465
64,10,18,1,84.868189
64,10,18,2,72.257043
64,10,18,3,72.215571
64,10,18,4,70.779545
64,10,18,5,70.592041
64,10,18,6,69.875155
64,10,18,7,70.681955
64,10,18,8,72.645915
64,10,18,9,71.129501
64,10,18,10,71.288651
64,10,19,1,72.016296
64,10,19,2,72.348547
64,10,19,3,70.915355
64,10,19,4,70.261798
64,10,19,5,72.460918
64,10,19,6,73.061585
64,10,19,7,71.404311
64,10,19,8,70.445327
64,10,19,9,72.016564
64,10,19,10,71.891579
64,10,20,1,72.350673
64,10,20,2,72.382691
64,10,20,3,71.890151
64,10,20,4,70.510431
64,10,20,5,71.895135
64,10,20,6,71.481098
64,10,20,7,72.157218
64,10,20,8,71.989588
64,10,20,9,72.408006
64,10,20,10,71.873335
64,10,21,1,72.811146
64,10,21,2,73.479979
64,10,21,3,72.112292
64,10,21,4,72.092381
64,10,21,5,71.705519
64,10,21,6,71.683816
64,10,21,7,73.616277
64,10,21,8,72.618245
64,10,21,9,82.302916
64,10,21,10,71.974651
64,10,22,1,71.516467
64,10,22,2,72.876813
64,10,22,3,70.499325
64,10,22,4,71.605669
64,10,22,5,71.795009
64,10,22,6,70.028818
64,10,22,7,71.956061
64,10,22,8,72.831963
64,10,22,9,72.653631
64,10,22,10,72.759001
64,10,23,1,72.762347
64,10,23,2,72.362538
64,10,23,3,71.751114
64,10,23,4,71.805778
64,10,23,5,76.320492
64,10,23,6,91.311880
64,10,23,7,74.415399
64,10,23,8,71.111111
64,10,23,9,70.459137
64,10,23,10,72.603988
64,10,24,1,72.102766
64,10,24,2,71.295692
64,10,24,3,72.376363
64,10,24,4,74.023112
64,10,24,5,90.228224
64,10,24,6,71.222869
64,10,24,7,70.666115
64,10,24,8,71.921579
64,10,24,9,72.116944
64,10,24,10,71.864629
64,10,25,1,72.498486
64,10,25,2,72.622054
64,10,25,3,71.161256
64,10,25,4,70.917616
64,10,25,5,72.452021
64,10,25,6,72.178798
64,10,25,7,71.194543
64,10,25,8,72.534503
64,10,25,9,72.539218
64,10,25,10,70.508992
64,10,26,1,71.937700
64,10,26,2,71.577728
64,10,26,3,75.729859
64,10,26,4,71.381375
64,10,26,5,71.237498
64,10,26,6,70.817791
64,10,26,7,70.632281
64,10,26,8,72.588566
64,10,26,9,72.315110
64,10,26,10,69.037333
64,10,27,1,72.512299
64,10,27,2,71.448025
64,10,27,3,75.751270
64,10,27,4,73.223980
64,10,27,5,71.337050
64,10,27,6,71.355374
64,10,27,7,71.101998
64,10,27,8,69.746607
64,10,27,9,72.374957
64,10,27,10,69.889567
64,10,28,1,70.720950
64,10,28,2,75.330098
64,10,28,3,71.143132
64,10,28,4,70.970142
64,10,28,5,71.282207
64,10,28,6,71.547893
64,10,28,7,72.085715
64,10,28,8,70.630023
64,10,28,9,73.735623
64,10,28,10,70.497825
64,10,29,1,71.390234
64,10,29,2,72.934009
64,10,29,3,72.683273
64,10,29,4,71.837504
64,10,29,5,71.150037
64,10,29,6,70.194780
64,10,29,7,71.487761
64,10,29,8,71.110560
64,10,29,9,69.881557
64,10,29,10,72.048659
64,10,30,1,71.721471
64,10,30,2,71.536154
64,10,30,3,70.551543
64,10,30,4,71.645287
64,10,30,5,71.223633
64,10,30,6,71.814935
64,10,30,7,72.486098
64,10,30,8,71.962857
64,10,30,9,70.910618
64,10,30,10,72.552789
64,10,31,1,71.898482
64,10,31,2,71.955125
64,10,31,3,71.938929
64,10,31,4,70.559950
64,10,31,5,72.703566
64,10,31,6,71.244808
64,10,31,7,70.474826
64,10,31,8,70.578018
64,10,31,9,72.928492
64,10,31,10,70.574459
64,10,32,1,72.026283
64,10,32,2,70.872607
64,10,32,3,70.626625
64,10,32,4,69.740018
64,10,32,5,69.991946
64,10,32,6,72.688614
64,10,32,7,70.378385
64,10,32,8,71.732039
64,10,32,9,70.865329
64,10,32,10,71.572826
64,10,33,1,72.390973
64,10,33,2,70.917015
64,10,33,3,71.363222
64,10,33,4,71.431990
64,10,33,5,72.292369
64,10,33,6,71.042515
64,10,33,7,72.803114
64,10,33,8,71.103040
64,10,33,9,71.704120
64,10,33,10,71.541834
64,10,34,1,72.204757
64,10,34,2,72.647637
64,10,34,3,75.945884
64,10,34,4,71.021291
64,10,34,5,71.383550
64,10,34,6,71.387645
64,10,34,7,73.542571
64,10,34,8,71.850355
64,10,34,9,70.994800
64,10,34,10,71.799071
64,10,35,1,72.236668
64,10,35,2,72.667860
64,10,35,3,70.386288
64,10,35,4,70.585661
64,10,35,5,71.377546
64,10,35,6,71.637744
64,10,35,7,70.106814
64,10,35,8,72.604311
64,10,35,9,71.721229
64,10,35,10,71.587142
64,10,36,1,72.900628
64,10,36,2,70.816455
64,10,36,3,70.529420
64,10,36,4,72.553892
64,10,36,5,70.969413
64,10,36,6,69.881987
64,10,36,7,71.243380
64,10,36,8,72.720748
64,10,36,9,71.066544
64,10,36,10,71.023802
64,10,37,1,72.748948
64,10,37,2,71.767591
64,10,37,3,71.081683
64,10,37,4,71.753704
64,10,37,5,70.980796
64,10,37,6,71.761990
64,10,37,7,69.752137
64,10,37,8,71.470523
64,10,37,9,71.911429
64,10,37,10,71.615334
64,10,38,1,72.971533
64,10,38,2,72.667223
64,10,38,3,71.504932
64,10,38,4,73.468519
64,10,38,5,71.805472
64,10,38,6,79.886002
64,10,38,7,71.777469
64,10,38,8,71.820658
64,10,38,9,71.068536
64,10,38,10,71.512611
64,10,39,1,71.310574
64,10,39,2,70.985931
64,10,39,3,71.482968
64,10,39,4,73.274893
64,10,39,5,70.526911
64,10,39,6,71.892381
64,10,39,7,72.836974
64,10,39,8,71.140088
64,10,39,9,70.637809
64,10,39,10,71.500783
64,10,40,1,71.025219
64,10,40,2,71.505433
64,10,40,3,71.303619
64,10,40,4,70.323661
64,10,40,5,73.076305
64,10,40,6,70.890249
64,10,40,7,71.975910
64,10,40,8,71.766537
64,10,40,9,70.919258
64,10,40,10,71.913174
64,10,41,1,69.963726
64,10,41,2,71.352936
64,10,41,3,75.056255
64,10,41,4,70.059714
64,10,41,5,71.738457
64,10,41,6,76.804711
64,10,41,7,71.719053
64,10,41,8,71.374685
64,10,41,9,71.486505
64,10,41,10,72.012653
64,10,42,1,73.111443
64,10,42,2,70.090971
64,10,42,3,70.745392
64,10,42,4,70.867884
64,10,42,5,69.008341
64,10,42,6,71.097971
64,10,42,7,70.243491
64,10,42,8,71.199496
64,10,42,9,71.452722
64,10,42,10,71.407093
64,10,43,1,73.047948
64,10,43,2,72.159560
64,10,43,3,73.087750
64,10,43,4,70.748485
64,10,43,5,71.869422
64,10,43,6,70.151681
64,10,43,7,71.799343
64,10,43,8,71.659410
64,10,43,9,71.322410
64,10,43,10,70.318564
64,10,44,1,72.099136
64,10,44,2,71.054817
64,10,44,3,71.585902
64,10,44,4,71.345003
64,10,44,5,70.493291
64,10,44,6,72.639482
64,10,44,7,70.764762
64,10,44,8,72.681505
64,10,44,9,71.268226
64,10,44,10,70.703660
64,10,45,1,71.549826
64,10,45,2,71.619806
64,10,45,3,71.031884
64,10,45,4,70.955993
64,10,45,5,70.407781
64,10,45,6,72.878320
64,10,45,7,71.948464
64,10,45,8,75.910583
64,10,45,9,70.815703
64,10,45,10,71.628512
64,10,46,1,71.037963
64,10,46,2,71.626923
64,10,46,3,70.827315
64,10,46,4,72.561093
64,10,46,5,70.944510
64,10,46,6,71.578651
64,10,46,7,70.255799
64,10,46,8,71.243561
64,10,46,9,70.141054
64,10,46,10,71.680759
64,10,47,1,71.862515
64,10,47,2,71.858481
64,10,47,3,73.470345
64,10,47,4,71.532108
64,10,47,5,71.014224
64,10,47,6,71.407477
64,10,47,7,70.393271
64,10,47,8,73.294940
64,10,47,9,71.931679
64,10,47,10,72.007777
64,10,48,1,71.509712
64,10,48,2,83.156885
64,10,48,3,73.515005
64,10,48,4,72.312367
64,10,48,5,73.307020
64,10,48,6,73.477638
64,10,48,7,85.580319
64,10,48,8,71.988349
64,10,48,9,71.620845
64,10,48,10,71.274076
64,10,49,1,72.045023
64,10,49,2,71.326201
64,10,49,3,72.457439
64,10,49,4,71.422382
64,10,49,5,71.881387
64,10,49,6,71.964410
64,10,49,7,71.323311
64,10,49,8,74.769376
64,10,49,9,88.065922
64,10,49,10,71.209993
64,10,50,1,71.589364
64,10,50,2,72.804114
64,10,50,3,72.482666
64,10,50,4,70.013391
64,10,50,5,71.831656
64,10,50,6,71.421902
64,10,50,7,72.637772
64,10,50,8,71.329238
64,10,50,9,73.045938
64,10,50,10,74.132175
64,30,1,1,74.537153
64,30,1,2,72.316606
64,30,1,3,72.113258
64,30,1,4,72.077589
64,30,1,5,71.406984
64,30,1,6,71.075059
64,30,1,7,70.908860
64,30,1,8,72.571270
64,30,1,9,71.466842
64,30,1,10,71.187438
64,30,1,11,71.338633
64,30,1,12,71.662518
64,30,1,13,73.683246
64,30,1,14,74.774148
64,30,1,15,72.693359
64,30,1,16,71.090564
64,30,1,17,71.936874
64,30,1,18,71.905195
64,30,1,19,72.750060
64,30,1,20,71.755349
64,30,1,21,71.069977
64,30,1,22,70.121639
64,30,1,23,73.636570
64,30,1,24,72.459149
64,30,1,25,73.535224
64,30,1,26,74.300308
64,30,1,27,72.792859
64,30,1,28,71.602027
64,30,1,29,71.870692
64,30,1,30,71.237168
64,30,2,1,72.198704
64,30,2,2,72.772022
64,30,2,3,75.039580
64,30,2,4,73.062382
64,30,2,5,71.268740
64,30,2,6,72.111347
64,30,2,7,71.381361
64,30,2,8,72.312797
64,30,2,9,73.099061
64,30,2,10,72.884557
64,30,2,11,72.446108
64,30,2,12,72.864884
64,30,2,13,69.834745
64,30,2,14,71.782430
64,30,2,15,72.200062
64,30,2,16,71.281951
64,30,2,17,72.340346
64,30,2,18,72.314241
64,30,2,19,71.559520
64,30,2,20,71.567134
64,30,2,21,74.384683
64,30,2,22,74.024693
64,30,2,23,72.484832
64,30,2,24,71.495310
64,30,2,25,71.573571
64,30,2,26,71.655698
64,30,2,27,72.255326
64,30,2,28,71.825578
64,30,2,29,71.523325
64,30,2,30,70.981761
64,30,3,1,71.909794
64,30,3,2,71.183176
64,30,3,3,72.736008
64,30,3,4,73.288951
64,30,3,5,91.278394
64,30,3,6,73.438700
64,30,3,7,70.996240
64,30,3,8,70.464669
64,30,3,9,73.516881
64,30,3,10,72.171591
64,30,3,11,72.364264
64,30,3,12,72.110230
64,30,3,13,71.667785
64,30,3,14,72.401179
64,30,3,15,73.940481
64,30,3,16,72.725216
64,30,3,17,73.390730
64,30,3,18,78.869954
64,30,3,19,71.270707
64,30,3,20,71.119371
64,30,3,21,72.380542
64,30,3,22,71.279735
64,30,3,23,72.408182
64,30,3,24,72.284031
64,30,3,25,71.271414
64,30,3,26,72.448499
64,30,3,27,71.173544
64,30,3,28,72.539101
64,30,3,29,73.212045
64,30,3,30,72.617255
64,30,4,1,70.615833
64,30,4,2,73.773539
64,30,4,3,71.541416
64,30,4,4,72.539549
64,30,4,5,71.741903
64,30,4,6,71.017172
64,30,4,7,72.629983
64,30,4,8,73.131119
64,30,4,9,71.312717
64,30,4,10,72.599415
64,30,4,11,71.632811
64,30,4,12,72.628655
64,30,4,13,70.971131
64,30,4,14,72.797325
64,30,4,15,73.107027
64,30,4,16,70.981733
64,30,4,17,70.979071
64,30,4,18,72.714666
64,30,4,19,71.592231
64,30,4,20,70.949425
64,30,4,21,70.084067
64,30,4,22,72.498093
64,30,4,23,71.692842
64,30,4,24,71.532152
64,30,4,25,72.369172
64,30,4,26,70.828317
64,30,4,27,72.293582
64,30,4,28,73.781509
64,30,4,29,71.416303
64,30,4,30,72.754880
64,30,5,1,72.727660
64,30,5,2,70.989890
64,30,5,3,70.181174
64,30,5,4,72.161357
64,30,5,5,71.691542
64,30,5,6,72.717702
64,30,5,7,73.373993
64,30,5,8,71.048038
64,30,5,9,73.185994
64,30,5,10,72.876916
64,30,5,11,70.897112
64,30,5,12,70.867829
64,30,5,13,72.356653
64,30,5,14,71.527494
64,30,5,15,70.608843
64,30,5,16,72.035362
64,30,5,17,73.502038
64,30,5,18,70.936566
64,30,5,19,70.793021
64,30,5,20,71.204959
64,30,5,21,72.877678
64,30,5,22,72.478046
64,30,5,23,71.099896
64,30,5,24,71.947518
64,30,5,25,72.360697
64,30,5,26,70.941485
64,30,5,27,70.296604
64,30,5,28,69.808924
64,30,5,29,70.311669
64,30,5,30,73.012718
64,30,6,1,71.896689
64,30,6,2,71.939962
64,30,6,3,69.177001
64,30,6,4,70.497670
64,30,6,5,71.446800
64,30,6,6,73.154796
64,30,6,7,72.829140
64,30,6,8,71.458175
64,30,6,9,72.586490
64,30,6,10,70.755817
64,30,6,11,71.264266
64,30,6,12,70.567249
64,30,6,13,73.631972
64,30,6,14,73.122297
64,30,6,15,70.774819
64,30,6,16,72.013203
64,30,6,17,72.054917
64,30,6,18,72.926753
64,30,6,19,71.766029
64,30,6,20,71.846694
64,30,6,21,72.574647
64,30,6,22,70.326694
64,30,6,23,70.430359
64,30,6,24,70.382020
64,30,6,25,71.779724
64,30,6,26,71.125457
64,30,6,27,70.747217
64,30,6,28,71.993310
64,30,6,29,70.645456
64,30,6,30,71.040593
64,30,7,1,73.285226
64,30,7,2,71.593185
64,30,7,3,71.220011
64,30,7,4,72.519958
64,30,7,5,71.907471
64,30,7,6,70.208837
64,30,7,7,72.579413
64,30,7,8,71.158692
64,30,7,9,72.722643
64,30,7,10,73.016682
64,30,7,11,73.557800
64,30,7,12,86.605278
64,30,7,13,71.128418
64,30,7,14,72.095880
64,30,7,15,70.704078
64,30,7,16,70.826517
64,30,7,17,72.873137
64,30,7,18,70.919311
64,30,7,19,71.640700
64,30,7,20,71.921533
64,30,7,21,71.466136
64,30,7,22,71.105602
64,30,7,23,70.953812
64,30,7,24,72.155741
64,30,7,25,74.059548
64,30,7,26,72.078572
64,30,7,27,72.438700
64,30,7,28,72.439818
64,30,7,29,72.520713
64,30,7,30,71.853642
64,30,8,1,71.905043
64,30,8,2,71.984428
64,30,8,3,70.605400
64,30,8,4,70.999958
64,30,8,5,70.429122
64,30,8,6,70.861384
64,30,8,7,71.386721
64,30,8,8,73.286127
64,30,8,9,72.431571
64,30,8,10,72.091310
64,30,8,11,71.201365
64,30,8,12,71.863951
64,30,8,13,74.752167
64,30,8,14,71.617398
64,30,8,15,71.996177
64,30,8,16,71.335918
64,30,8,17,69.687546
64,30,8,18,73.522000
64,30,8,19,76.888615
64,30,8,20,72.431532
64,30,8,21,72.941066
64,30,8,22,71.846114
64,30,8,23,72.197977
64,30,8,24,72.582671
64,30,8,25,72.177879
64,30,8,26,72.019979
64,30,8,27,72.245647
64,30,8,28,70.883278
64,30,8,29,70.160785
64,30,8,30,72.244248
64,30,9,1,72.918740
64,30,9,2,72.438698
64,30,9,3,72.696375
64,30,9,4,73.305479
64,30,9,5,72.897668
64,30,9,6,71.584468
64,30,9,7,72.110085
64,30,9,8,72.115051
64,30,9,9,74.195767
64,30,9,10,71.700900
64,30,9,11,71.302736
64,30,9,12,71.102563
64,30,9,13,72.394239
64,30,9,14,71.988745
64,30,9,15,71.880410
64,30,9,16,71.383260
64,30,9,17,72.662428
64,30,9,18,70.838680
64,30,9,19,72.392847
64,30,9,20,72.420058
64,30,9,21,70.763412
64,30,9,22,71.211085
64,30,9,23,72.238831
64,30,9,24,70.321699
64,30,9,25,71.708197
64,30,9,26,70.522791
64,30,9,27,70.812846
64,30,9,28,72.480913
64,30,9,29,73.179710
64,30,9,30,71.856977
64,30,10,1,72.733171
64,30,10,2,72.154763
64,30,10,3,70.888170
64,30,10,4,72.110816
64,30,10,5,71.189153
64,30,10,6,70.664649
64,30,10,7,71.838378
64,30,10,8,70.931715
64,30,10,9,72.874702
64,30,10,10,72.074448
64,30,10,11,71.491853
64,30,10,12,73.438941
64,30,10,13,72.079641
64,30,10,14,72.381134
64,30,10,15,71.100726
64,30,10,16,73.100120
64,30,10,17,72.282187
64,30,10,18,71.194039
64,30,10,19,71.252088
64,30,10,20,71.767349
64,30,10,21,70.989023
64,30,10,22,71.106204
64,30,10,23,71.203734
64,30,10,24,73.273702
64,30,10,25,75.047383
64,30,10,26,72.162493
64,30,10,27,70.958773
64,30,10,28,71.138784
64,30,10,29,70.941779
64,30,10,30,71.850624
64,30,11,1,72.053509
64,30,11,2,73.296765
64,30,11,3,71.496755
64,30,11,4,71.920589
64,30,11,5,71.945348
64,30,11,6,73.425567
64,30,11,7,71.544956
64,30,11,8,72.487345
64,30,11,9,71.950731
64,30,11,10,72.556555
64,30,11,11,71.292888
64,30,11,12,72.931120
64,30,11,13,72.340217
64,30,11,14,72.913541
64,30,11,15,72.679313
64,30,11,16,71.468251
64,30,11,17,71.944932
64,30,11,18,71.185944
64,30,11,19,71.957170
64,30,11,20,72.326705
64,30,11,21,73.053464
64,30,11,22,72.821557
64,30,11,23,71.626664
64,30,11,24,70.966585
64,30,11,25,69.773736
64,30,11,26,71.628491
64,30,11,27,71.043624
64,30,11,28,72.447273
64,30,11,29,72.755549
64,30,11,30,73.475598
64,30,12,1,74.291377
64,30,12,2,73.008119
64,30,12,3,73.071482
64,30,12,4,72.699206
64,30,12,5,72.808964
64,30,12,6,71.362460
64,30,12,7,70.801344
64,30,12,8,72.727593
64,30,12,9,71.994315
64,30,12,10,71.849087
64,30,12,11,72.654079
64,30,12,12,71.788542
64,30,12,13,72.460166
64,30,12,14,71.881942
64,30,12,15,71.403523
64,30,12,16,73.342136
64,30,12,17,72.159537
64,30,12,18,72.447694
64,30,12,19,71.651228
64,30,12,20,70.496704
64,30,12,21,72.204304
64,30,12,22,71.385046
64,30,12,23,71.907305
64,30,12,24,73.596868
64,30,12,25,71.091945
64,30,12,26,71.965556
64,30,12,27,72.367750
64,30,12,28,71.217435
64,30,12,29,73.514502
64,30,12,30,75.762901
64,30,13,1,71.951753
64,30,13,2,72.312028
64,30,13,3,72.952199
64,30,13,4,71.908027
64,30,13,5,72.067701
64,30,13,6,72.962640
64,30,13,7,71.913450
64,30,13,8,72.295899
64,30,13,9,71.986589
64,30,13,10,71.055068
64,30,13,11,74.194073
64,30,13,12,72.178478
64,30,13,13,72.591280
64,30,13,14,71.477366
64,30,13,15,73.042339
64,30,13,16,71.886799
64,30,13,17,71.393822
64,30,13,18,72.340946
64,30,13,19,70.992307
64,30,13,20,74.059107
64,30,13,21,73.604678
64,30,13,22,73.420724
64,30,13,23,73.352549
64,30,13,24,73.422641
64,30,13,25,72.395881
64,30,13,26,72.284332
64,30,13,27,72.065666
64,30,13,28,72.569482
64,30,13,29,71.564809
64,30,13,30,72.251823
64,30,14,1,74.018528
64,30,14,2,71.781432
64,30,14,3,70.763856
64,30,14,4,72.543818
64,30,14,5,72.409119
64,30,14,6,74.449674
64,30,14,7,74.094686
64,30,14,8,71.991236
64,30,14,9,72.545704
64,30,14,10,70.918194
64,30,14,11,73.466890
64,30,14,12,71.868692
64,30,14,13,71.045769
64,30,14,14,70.794981
64,30,14,15,71.031897
64,30,14,16,72.469325
64,30,14,17,70.727340
64,30,14,18,72.734329
64,30,14,19,72.302039
64,30,14,20,72.897146
64,30,14,21,71.713743
64,30,14,22,73.251988
64,30,14,23,71.863050
64,30,14,24,70.691467
64,30,14,25,73.012589
64,30,14,26,71.709064
64,30,14,27,73.785243
64,30,14,28,71.945671
64,30,14,29,72.532633
64,30,14,30,72.688033
64,30,15,1,72.197373
64,30,15,2,70.605442
64,30,15,3,72.761304
64,30,15,4,71.985761
64,30,15,5,76.586760
64,30,15,6,74.090496
64,30,15,7,70.722676
64,30,15,8,72.593742
64,30,15,9,72.239036
64,30,15,10,70.630905
64,30,15,11,73.287439
64,30,15,12,94.585759
64,30,15,13,73.309029
64,30,15,14,72.049827
64,30,15,15,72.583741
64,30,15,16,72.073755
64,30,15,17,71.097634
64,30,15,18,72.245208
64,30,15,19,71.912335
64,30,15,20,71.676338
64,30,15,21,71.474877
64,30,15,22,72.693167
64,30,15,23,72.753834
64,30,15,24,73.006035
64,30,15,25,71.908096
64,30,15,26,72.265079
64,30,15,27,72.723833
64,30,15,28,73.649298
64,30,15,29,72.115663
64,30,15,30,72.645314
64,30,16,1,73.441973
64,30,16,2,72.164573
64,30,16,3,71.338661
64,30,16,4,70.263056
64,30,16,5,73.132338
64,30,16,6,72.576779
64,30,16,7,71.542518
64,30,16,8,72.375530
64,30,16,9,71.244723
64,30,16,10,71.942276
64,30,16,11,73.089952
64,30,16,12,73.744815
64,30,16,13,72.530822
64,30,16,14,72.205256
64,30,16,15,72.601970
64,30,16,16,72.135286
64,30,16,17,73.678247
64,30,16,18,72.226584
64,30,16,19,72.879362
64,30,16,20,72.116854
64,30,16,21,70.944526
64,30,16,22,72.067230
64,30,16,23,72.310785
64,30,16,24,73.515440
64,30,16,25,71.860678
64,30,16,26,72.003622
64,30,16,27,72.413323
64,30,16,28,72.363158
64,30,16,29,72.006911
64,30,16,30,71.250107
64,30,17,1,72.159628
64,30,17,2,71.448203
64,30,17,3,74.571007
64,30,17,4,74.148985
64,30,17,5,71.666031
64,30,17,6,73.446061
64,30,17,7,71.303690
64,30,17,8,72.223067
64,30,17,9,72.484930
64,30,17,10,75.202357
64,30,17,11,71.434120
64,30,17,12,73.296587
64,30,17,13,71.883019
64,30,17,14,70.876612
64,30,17,15,73.672332
64,30,17,16,72.630481
64,30,17,17,71.381831
64,30,17,18,72.743222
64,30,17,19,72.674097
64,30,17,20,72.284807
64,30,17,21,72.146456
64,30,17,22,71.901036
64,30,17,23,72.711728
64,30,17,24,71.762878
64,30,17,25,72.712881
64,30,17,26,70.566494
64,30,17,27,70.521733
64,30,17,28,72.799799
64,30,17,29,70.542647
64,30,17,30,74.188593
64,30,18,1,73.669790
64,30,18,2,72.105999
64,30,18,3,73.221905
64,30,18,4,73.087557
64,30,18,5,70.914139
64,30,18,6,71.099013
64,30,18,7,71.353675
64,30,18,8,71.786123
64,30,18,9,70.797551
64,30,18,10,70.680007
64,30,18,11,74.196061
64,30,18,12,72.022375
64,30,18,13,72.537407
64,30,18,14,73.330361
64,30,18,15,72.397397
64,30,18,16,71.919477
64,30,18,17,72.986344
64,30,18,18,73.362788
64,30,18,19,71.870803
64,30,18,20,72.469306
64,30,18,21,70.222114
64,30,18,22,71.189087
64,30,18,23,72.855943
64,30,18,24,72.565780
64,30,18,25,71.636105
64,30,18,26,75.180650
64,30,18,27,72.114600
64,30,18,28,71.194259
64,30,18,29,73.088408
64,30,18,30,71.503304
64,30,19,1,71.813433
64,30,19,2,72.855196
64,30,19,3,71.320609
64,30,19,4,71.427496
64,30,19,5,73.844822
64,30,19,6,72.957183
64,30,19,7,73.683707
64,30,19,8,71.598764
64,30,19,9,73.441720
64,30,19,10,72.248597
64,30,19,11,73.812873
64,30,19,12,72.137779
64,30,19,13,71.113077
64,30,19,14,70.802788
64,30,19,15,73.607285
64,30,19,16,72.095678
64,30,19,17,71.527134
64,30,19,18,72.233446
64,30,19,19,71.219283
64,30,19,20,71.317680
64,30,19,21,73.378802
64,30,19,22,72.369536
64,30,19,23,70.015506
64,30,19,24,72.248255
64,30,19,25,72.324332
64,30,19,26,73.265933
64,30,19,27,72.543230
64,30,19,28,71.815572
64,30,19,29,72.098158
64,30,19,30,70.873855
64,30,20,1,73.449899
64,30,20,2,72.069168
64,30,20,3,72.988905
64,30,20,4,73.028737
64,30,20,5,72.477977
64,30,20,6,71.466483
64,30,20,7,72.876717
64,30,20,8,71.740747
64,30,20,9,71.846944
64,30,20,10,70.875618
64,30,20,11,72.264878
64,30,20,12,72.303496
64,30,20,13,71.271638
64,30,20,14,71.301315
64,30,20,15,72.243504
64,30,20,16,71.957617
64,30,20,17,73.335042
64,30,20,18,73.656005
64,30,20,19,72.461607
64,30,20,20,71.505169
64,30,20,21,71.130880
64,30,20,22,70.925333
64,30,20,23,71.213187
64,30,20,24,71.209560
64,30,20,25,70.501157
64,30,20,26,70.504342
64,30,20,27,71.099994
64,30,20,28,70.912892
64,30,20,29,72.686927
64,30,20,30,72.862258
64,30,21,1,71.626763
64,30,21,2,71.924984
64,30,21,3,70.930209
64,30,21,4,70.337734
64,30,21,5,71.651776
64,30,21,6,72.056164
64,30,21,7,72.603363
64,30,21,8,71.649076
64,30,21,9,72.122526
64,30,21,10,71.129145
64,30,21,11,70.898702
64,30,21,12,71.037815
64,30,21,13,73.651461
64,30,21,14,71.791421
64,30,21,15,72.609591
64,30,21,16,70.904048
64,30,21,17,72.488082
64,30,21,18,72.747725
64,30,21,19,71.555217
64,30,21,20,73.738423
64,30,21,21,72.880250
64,30,21,22,72.902592
64,30,21,23,72.504588
64,30,21,24,71.562408
64,30,21,25,73.502219
64,30,21,26,73.805997
64,30,21,27,71.958886
64,30,21,28,72.304156
64,30,21,29,72.382814
64,30,21,30,71.487780
64,30,22,1,71.999478
64,30,22,2,72.152545
64,30,22,3,72.412182
64,30,22,4,72.604194
64,30,22,5,71.500984
64,30,22,6,73.977602
64,30,22,7,71.328019
64,30,22,8,73.377988
64,30,22,9,73.500873
64,30,22,10,72.817802
64,30,22,11,72.875704
64,30,22,12,72.535769
64,30,22,13,70.752867
64,30,22,14,71.265643
64,30,22,15,71.355201
64,30,22,16,72.389259
64,30,22,17,72.928871
64,30,22,18,80.622971
64,30,22,19,70.783543
64,30,22,20,71.686080
64,30,22,21,82.277477
64,30,22,22,71.224500
64,30,22,23,71.125621
64,30,22,24,71.252337
64,30,22,25,70.640252
64,30,22,26,70.728027
64,30,22,27,70.754762
64,30,22,28,71.306300
64,30,22,29,71.280076
64,30,22,30,70.971877
64,30,23,1,72.061369
64,30,23,2,82.247285
64,30,23,3,72.715023
64,30,23,4,73.182352
64,30,23,5,71.181652
64,30,23,6,72.196465
64,30,23,7,71.377564
64,30,23,8,70.418049
64,30,23,9,72.388048
64,30,23,10,71.580718
64,30,23,11,70.450082
64,30,23,12,70.530426
64,30,23,13,70.553677
64,30,23,14,70.743632
64,30,23,15,71.790311
64,30,23,16,73.422707
64,30,23,17,72.695446
64,30,23,18,72.786490
64,30,23,19,72.118345
64,30,23,20,72.547286
64,30,23,21,70.828809
64,30,23,22,71.565570
64,30,23,23,70.693175
64,30,23,24,72.083326
64,30,23,25,73.065613
64,30,23,26,75.317371
64,30,23,27,71.729090
64,30,23,28,71.965284
64,30,23,29,70.818928
64,30,23,30,72.642190
64,30,24,1,77.509536
64,30,24,2,81.371225
64,30,24,3,72.026810
64,30,24,4,71.442084
64,30,24,5,71.987900
64,30,24,6,71.883232
64,30,24,7,71.370436
64,30,24,8,71.646035
64,30,24,9,71.002895
64,30,24,10,70.401389
64,30,24,11,69.880767
64,30,24,12,72.564690
64,30,24,13,73.807442
64,30,24,14,71.526302
64,30,24,15,71.896014
64,30,24,16,71.285555
64,30,24,17,70.160831
64,30,24,18,70.297235
64,30,24,19,71.617669
64,30,24,20,70.363398
64,30,24,21,70.652187
64,30,24,22,70.488687
64,30,24,23,70.278909
64,30,24,24,70.057138
64,30,24,25,71.215242
64,30,24,26,73.453900
64,30,24,27,71.742493
64,30,24,28,70.771425
64,30,24,29,72.846939
64,30,24,30,71.121763
64,30,25,1,71.679719
64,30,25,2,71.645492
64,30,25,3,70.404061
64,30,25,4,70.529790
64,30,25,5,71.609041
64,30,25,6,71.663983
64,30,25,7,71.465014
64,30,25,8,74.644264
64,30,25,9,72.202433
64,30,25,10,71.714363
64,30,25,11,71.112042
64,30,25,12,70.187838
64,30,25,13,71.179510
64,30,25,14,69.962044
64,30,25,15,69.941556
64,30,25,16,71.905903
64,30,25,17,72.356964
64,30,25,18,70.386397
64,30,25,19,72.503870
64,30,25,20,72.113114
64,30,25,21,70.863795
64,30,25,22,70.420929
64,30,25,23,70.880008
64,30,25,24,71.124899
64,30,25,25,72.922925
64,30,25,26,72.048287
64,30,25,27,71.110671
64,30,25,28,71.799704
64,30,25,29,71.351978
64,30,25,30,70.570101
64,30,26,1,75.166060
64,30,26,2,74.529174
64,30,26,3,73.256547
64,30,26,4,73.290835
64,30,26,5,71.549719
64,30,26,6,72.952816
64,30,26,7,70.925933
64,30,26,8,71.502461
64,30,26,9,70.788515
64,30,26,10,69.411915
64,30,26,11,70.492107
64,30,26,12,69.822267
64,30,26,13,69.488007
64,30,26,14,70.638905
64,30,26,15,71.777882
64,30,26,16,70.539118
64,30,26,17,73.001999
64,30,26,18,71.496885
64,30,26,19,72.624034
64,30,26,20,70.334388
64,30,26,21,72.491275
64,30,26,22,71.562576
64,30,26,23,70.253743
64,30,26,24,70.847048
64,30,26,25,69.796567
64,30,26,26,69.662963
64,30,26,27,70.255582
64,30,26,28,72.575359
64,30,26,29,72.956624
64,30,26,30,71.854772
64,30,27,1,71.785298
64,30,27,2,71.848724
64,30,27,3,70.895473
64,30,27,4,70.091170
64,30,27,5,70.453389
64,30,27,6,70.287909
64,30,27,7,70.955422
64,30,27,8,70.056352
64,30,27,9,72.885302
64,30,27,10,70.473064
64,30,27,11,70.417685
64,30,27,12,72.990049
64,30,27,13,70.356751
64,30,27,14,69.353394
64,30,27,15,68.796645
64,30,27,16,69.636234
64,30,27,17,69.211533
64,30,27,18,72.549937
64,30,27,19,71.920667
64,30,27,20,70.098824
64,30,27,21,69.090868
64,30,27,22,69.370991
64,30,27,23,69.318710
64,30,27,24,73.751361
64,30,27,25,71.350157
64,30,27,26,70.652641
64,30,27,27,71.886175
64,30,27,28,70.406184
64,30,27,29,69.414932
64,30,27,30,71.305608
64,30,28,1,73.670670
64,30,28,2,71.524321
64,30,28,3,71.253663
64,30,28,4,70.392376
64,30,28,5,70.789967
64,30,28,6,70.130090
64,30,28,7,75.667191
64,30,28,8,71.908093
64,30,28,9,70.700386
64,30,28,10,72.094258
64,30,28,11,70.948844
64,30,28,12,71.438230
64,30,28,13,70.987938
64,30,28,14,70.923019
64,30,28,15,70.866656
64,30,28,16,70.373818
64,30,28,17,71.472636
64,30,28,18,72.508516
64,30,28,19,72.239856
64,30,28,20,72.936875
64,30,28,21,72.480414
64,30,28,22,70.968594
64,30,28,23,70.823224
64,30,28,24,72.517977
64,30,28,25,72.057272
64,30,28,26,72.643379
64,30,28,27,72.427289
64,30,28,28,71.025830
64,30,28,29,72.163886
64,30,28,30,72.537508
64,30,29,1,72.090576
64,30,29,2,70.746545
64,30,29,3,72.037308
64,30,29,4,69.939845
64,30,29,5,71.213727
64,30,29,6,70.510502
64,30,29,7,70.731736
64,30,29,8,72.321132
64,30,29,9,71.762229
64,30,29,10,72.606241
64,30,29,11,70.288298
64,30,29,12,71.177645
64,30,29,13,71.133602
64,30,29,14,70.890201
64,30,29,15,72.681920
64,30,29,16,74.742179
64,30,29,17,72.208168
64,30,29,18,71.567108
64,30,29,19,71.238021
64,30,29,20,69.921308
64,30,29,21,71.520245
64,30,29,22,70.721752
64,30,29,23,72.391210
64,30,29,24,71.609511
64,30,29,25,70.869088
64,30,29,26,69.124280
64,30,29,27,69.562554
64,30,29,28,69.931779
64,30,29,29,72.557867
64,30,29,30,70.212127
64,30,30,1,69.826111
64,30,30,2,70.506103
64,30,30,3,72.263581
64,30,30,4,70.873577
64,30,30,5,71.715920
64,30,30,6,70.255177
64,30,30,7,72.495227
64,30,30,8,72.291611
64,30,30,9,70.742039
64,30,30,10,69.698165
64,30,30,11,73.405882
64,30,30,12,73.384277
64,30,30,13,74.992271
64,30,30,14,70.775075
64,30,30,15,72.403825
64,30,30,16,70.178396
64,30,30,17,70.467973
64,30,30,18,72.973653
64,30,30,19,71.141433
64,30,30,20,71.442550
64,30,30,21,71.114184
64,30,30,22,72.367964
64,30,30,23,71.813128
64,30,30,24,70.935012
64,30,30,25,72.692082
64,30,30,26,71.262906
64,30,30,27,72.342968
64,30,30,28,69.976011
64,30,30,29,70.012066
64,30,30,30,71.728264
64,30,31,1,71.414295
64,30,31,2,79.182411
64,30,31,3,72.330903
64,30,31,4,70.310101
64,30,31,5,69.288943
64,30,31,6,70.745621
64,30,31,7,72.324370
64,30,31,8,70.128392
64,30,31,9,70.359344
64,30,31,10,71.626913
64,30,31,11,70.480938
64,30,31,12,70.203745
64,30,31,13,72.585420
64,30,31,14,72.172855
64,30,31,15,69.509319
64,30,31,16,71.334181
64,30,31,17,70.293399
64,30,31,18,69.278882
64,30,31,19,70.042852
64,30,31,20,73.485966
64,30,31,21,72.771570
64,30,31,22,70.281139
64,30,31,23,69.788457
64,30,31,24,70.880224
64,30,31,25,69.167449
64,30,31,26,71.237350
64,30,31,27,70.151595
64,30,31,28,70.407750
64,30,31,29,70.818111
64,30,31,30,69.952368
64,30,32,1,71.794070
64,30,32,2,70.337224
64,30,32,3,69.603209
64,30,32,4,70.842928
64,30,32,5,69.873929
64,30,32,6,74.067977
64,30,32,7,70.737761
64,30,32,8,69.360765
64,30,32,9,69.323642
64,30,32,10,71.084864
64,30,32,11,70.334475
64,30,32,12,69.131224
64,30,32,13,73.246834
64,30,32,14,71.479320
64,30,32,15,72.582320
64,30,32,16,72.352072
64,30,32,17,70.747387
64,30,32,18,70.650083
64,30,32,19,72.594635
64,30,32,20,70.999118
64,30,32,21,69.707783
64,30,32,22,71.463897
64,30,32,23,70.261828
64,30,32,24,71.650902
64,30,32,25,70.339904
64,30,32,26,72.604662
64,30,32,27,73.782916
64,30,32,28,72.487108
64,30,32,29,79.657641
64,30,32,30,70.956535
64,30,33,1,71.598159
64,30,33,2,71.039857
64,30,33,3,70.046943
64,30,33,4,70.293146
64,30,33,5,69.980468
64,30,33,6,70.452028
64,30,33,7,71.171739
64,30,33,8,70.929717
64,30,33,9,71.124527
64,30,33,10,70.623171
64,30,33,11,70.174099
64,30,33,12,73.440949
64,30,33,13,72.879999
64,30,33,14,77.424243
64,30,33,15,71.340492
64,30,33,16,71.130714
64,30,33,17,70.793856
64,30,33,18,72.047587
64,30,33,19,70.865650
64,30,33,20,70.563956
64,30,33,21,69.886814
64,30,33,22,71.804268
64,30,33,23,71.196851
64,30,33,24,73.590094
64,30,33,25,72.510377
64,30,33,26,72.888595
64,30,33,27,70.263367
64,30,33,28,71.165516
64,30,33,29,69.866943
64,30,33,30,70.024962
64,30,34,1,72.361403
64,30,34,2,71.113075
64,30,34,3,72.484498
64,30,34,4,70.422570
64,30,34,5,72.553884
64,30,34,6,73.916871
64,30,34,7,71.043243
64,30,34,8,72.556842
64,30,34,9,70.158578
64,30,34,10,71.494705
64,30,34,11,71.271171
64,30,34,12,72.015112
64,30,34,13,70.715015
64,30,34,14,70.334124
64,30,34,15,71.256700
64,30,34,16,70.698706
64,30,34,17,72.594286
64,30,34,18,72.189419
64,30,34,19,71.918273
64,30,34,20,73.264268
64,30,34,21,72.162235
64,30,34,22,70.304398
64,30,34,23,70.617263
64,30,34,24,74.019377
64,30,34,25,71.192520
64,30,34,26,71.567168
64,30,34,27,70.165097
64,30,34,28,71.639677
64,30,34,29,72.841711
64,30,34,30,71.005082
64,30,35,1,71.900140
64,30,35,2,72.719367
64,30,35,3,72.515114
64,30,35,4,70.373172
64,30,35,5,70.958011
64,30,35,6,71.162169
64,30,35,7,71.049674
64,30,35,8,71.129758
64,30,35,9,73.269122
64,30,35,10,70.699300
64,30,35,11,69.811043
64,30,35,12,71.561931
64,30,35,13,71.261667
64,30,35,14,71.080139
64,30,35,15,74.641355
64,30,35,16,71.424383
64,30,35,17,70.728162
64,30,35,18,70.803814
64,30,35,19,71.614082
64,30,35,20,70.758240
64,30,35,21,72.299578
64,30,35,22,70.685761
64,30,35,23,71.158076
64,30,35,24,70.963654
64,30,35,25,71.925397
64,30,35,26,72.079717
64,30,35,27,69.848810
64,30,35,28,70.506321
64,30,35,29,69.106472
64,30,35,30,70.443016
64,30,36,1,73.920565
64,30,36,2,71.177849
64,30,36,3,71.309964
64,30,36,4,71.055742
64,30,36,5,71.790581
64,30,36,6,71.239171
64,30,36,7,69.824346
64,30,36,8,70.217090
64,30,36,9,69.787998
64,30,36,10,70.737112
64,30,36,11,73.935925
64,30,36,12,72.846440
64,30,36,13,71.779292
64,30,36,14,70.839602
64,30,36,15,70.025220
64,30,36,16,71.316429
64,30,36,17,71.939667
64,30,36,18,71.369991
64,30,36,19,71.136165
64,30,36,20,70.421603
64,30,36,21,69.984717
64,30,36,22,71.589875
64,30,36,23,69.815150
64,30,36,24,70.824714
64,30,36,25,73.467264
64,30,36,26,71.523039
64,30,36,27,71.681437
64,30,36,28,70.622742
64,30,36,29,71.165766
64,30,36,30,75.489970
64,30,37,1,72.936460
64,30,37,2,70.883098
64,30,37,3,70.069769
64,30,37,4,72.201670
64,30,37,5,71.633702
64,30,37,6,72.332415
64,30,37,7,75.878419
64,30,37,8,87.190491
64,30,37,9,71.923846
64,30,37,10,70.585189
64,30,37,11,69.567622
64,30,37,12,70.101981
64,30,37,13,71.383412
64,30,37,14,72.229835
64,30,37,15,71.676779
64,30,37,16,70.907974
64,30,37,17,72.953222
64,30,37,18,72.147541
64,30,37,19,72.386254
64,30,37,20,73.370039
64,30,37,21,73.135694
64,30,37,22,71.244362
64,30,37,23,71.986709
64,30,37,24,70.603495
64,30,37,25,71.435237
64,30,37,26,70.453876
64,30,37,27,71.504523
64,30,37,28,69.708436
64,30,37,29,70.287870
64,30,37,30,68.824745
64,30,38,1,70.264166
64,30,38,2,72.087857
64,30,38,3,76.528420
64,30,38,4,70.920456
64,30,38,5,71.087739
64,30,38,6,71.467814
64,30,38,7,73.657418
64,30,38,8,71.271827
64,30,38,9,71.413529
64,30,38,10,70.562790
64,30,38,11,73.240026
64,30,38,12,70.170124
64,30,38,13,70.904122
64,30,38,14,73.057098
64,30,38,15,72.659206
64,30,38,16,73.148507
64,30,38,17,71.461652
64,30,38,18,70.525393
64,30,38,19,71.493761
64,30,38,20,70.886969
64,30,38,21,71.618103
64,30,38,22,71.489392
64,30,38,23,73.111782
64,30,38,24,71.355662
64,30,38,25,70.667001
64,30,38,26,70.684979
64,30,38,27,70.527656
64,30,38,28,73.531745
64,30,38,29,74.055318
64,30,38,30,71.464529
64,30,39,1,70.186128
64,30,39,2,70.935410
64,30,39,3,71.417021
64,30,39,4,71.918532
64,30,39,5,75.012072
64,30,39,6,72.930826
64,30,39,7,70.726741
64,30,39,8,72.634734
64,30,39,9,74.121357
64,30,39,10,73.991034
64,30,39,11,72.751180
64,30,39,12,72.623605
64,30,39,13,73.475977
64,30,39,14,72.709420
64,30,39,15,71.533974
64,30,39,16,70.337052
64,30,39,17,70.638352
64,30,39,18,71.048095
64,30,39,19,71.034678
64,30,39,20,72.939586
64,30,39,21,71.916000
64,30,39,22,71.933758
64,30,39,23,72.565171
64,30,39,24,74.986385
64,30,39,25,71.092500
64,30,39,26,73.878654
64,30,39,27,73.312693
64,30,39,28,72.052834
64,30,39,29,71.160242
64,30,39,30,70.856956
64,30,40,1,71.265230
64,30,40,2,70.804811
64,30,40,3,70.553131
64,30,40,4,70.384314
64,30,40,5,71.066110
64,30,40,6,73.231942
64,30,40,7,71.371647
64,30,40,8,72.740425
64,30,40,9,71.858297
64,30,40,10,70.508682
64,30,40,11,71.979932
64,30,40,12,72.125984
64,30,40,13,70.182586
64,30,40,14,81.312267
64,30,40,15,70.326001
64,30,40,16,70.860935
64,30,40,17,71.460621
64,30,40,18,73.257656
64,30,40,19,74.180910
64,30,40,20,84.271070
64,30,40,21,71.703850
64,30,40,22,70.177730
64,30,40,23,70.466227
64,30,40,24,72.206768
64,30,40,25,71.221820
64,30,40,26,70.423747
64,30,40,27,72.441650
64,30,40,28,71.358451
64,30,40,29,71.884364
64,30,40,30,73.204141
64,30,41,1,72.390389
64,30,41,2,75.464314
64,30,41,3,72.216810
64,30,41,4,70.968296
64,30,41,5,70.441180
64,30,41,6,72.722694
64,30,41,7,70.694785
64,30,41,8,71.098217
64,30,41,9,71.021662
64,30,41,10,73.312653
64,30,41,11,71.847989
64,30,41,12,70.896372
64,30,41,13,72.682872
64,30,41,14,72.809158
64,30,41,15,73.556616
64,30,41,16,72.716744
64,30,41,17,71.895897
64,30,41,18,72.750277
64,30,41,19,70.220105
64,30,41,20,72.565235
64,30,41,21,71.629183
64,30,41,22,71.672220
64,30,41,23,70.586953
64,30,41,24,70.553774
64,30,41,25,70.533911
64,30,41,26,73.173606
64,30,41,27,72.914599
64,30,41,28,74.953867
64,30,41,29,71.728379
64,30,41,30,74.657000
64,30,42,1,76.907982
64,30,42,2,71.110066
64,30,42,3,70.378886
64,30,42,4,71.550395
64,30,42,5,73.339778
64,30,42,6,71.995042
64,30,42,7,71.427735
64,30,42,8,70.830157
64,30,42,9,73.172978
64,30,42,10,72.527330
64,30,42,11,73.025896
64,30,42,12,73.948817
64,30,42,13,71.916323
64,30,42,14,72.028378
64,30,42,15,71.064449
64,30,42,16,73.113207
64,30,42,17,71.909237
64,30,42,18,71.646559
64,30,42,19,70.318807
64,30,42,20,74.757607
64,30,42,21,71.341821
64,30,42,22,72.948589
64,30,42,23,72.864624
64,30,42,24,73.054782
64,30,42,25,71.442815
64,30,42,26,69.931303
64,30,42,27,69.930728
64,30,42,28,70.743305
64,30,42,29,71.297084
64,30,42,30,71.351464
64,30,43,1,70.127893
64,30,43,2,72.680052
64,30,43,3,71.176250
64,30,43,4,70.715434
64,30,43,5,73.874164
64,30,43,6,73.167409
64,30,43,7,75.842026
64,30,43,8,70.401864
64,30,43,9,70.579319
64,30,43,10,73.403318
64,30,43,11,70.213794
64,30,43,12,70.944170
64,30,43,13,70.299934
64,30,43,14,71.443061
64,30,43,15,71.511846
64,30,43,16,75.781098
64,30,43,17,74.890453
64,30,43,18,72.650177
64,30,43,19,73.250563
64,30,43,20,72.333336
64,30,43,21,72.753412
64,30,43,22,72.078032
64,30,43,23,71.976184
64,30,43,24,71.120732
64,30,43,25,70.760256
64,30,43,26,70.802942
64,30,43,27,73.468818
64,30,43,28,72.304821
64,30,43,29,71.035631
64,30,43,30,70.901143
64,30,44,1,73.599349
64,30,44,2,71.625797
64,30,44,3,71.598054
64,30,44,4,73.328037
64,30,44,5,71.692236
64,30,44,6,72.850011
64,30,44,7,72.464126
64,30,44,8,71.491543
64,30,44,9,71.854118
64,30,44,10,71.224913
64,30,44,11,74.017861
64,30,44,12,71.005970
64,30,44,13,71.639107
64,30,44,14,73.802686
64,30,44,15,70.622459
64,30,44,16,71.465939
64,30,44,17,72.126478
64,30,44,18,71.236257
64,30,44,19,72.046002
64,30,44,20,73.049127
64,30,44,21,72.650526
64,30,44,22,71.246197
64,30,44,23,71.626590
64,30,44,24,71.163685
64,30,44,25,72.154764
64,30,44,26,74.205936
64,30,44,27,71.563559
64,30,44,28,71.518756
64,30,44,29,71.026064
64,30,44,30,71.734436
64,30,45,1,73.562419
64,30,45,2,73.596117
64,30,45,3,70.974726
64,30,45,4,72.516745
64,30,45,5,71.830554
64,30,45,6,71.591193
64,30,45,7,71.721114
64,30,45,8,71.628580
64,30,45,9,73.956757
64,30,45,10,73.993653
64,30,45,11,72.218564
64,30,45,12,71.251051
64,30,45,13,73.026751
64,30,45,14,72.207658
64,30,45,15,72.386142
64,30,45,16,72.055867
64,30,45,17,72.697428
64,30,45,18,72.022264
64,30,45,19,70.984070
64,30,45,20,71.739434
64,30,45,21,76.277543
64,30,45,22,74.118469
64,30,45,23,74.853467
64,30,45,24,73.945153
64,30,45,25,72.474519
64,30,45,26,71.007428
64,30,45,27,72.774296
64,30,45,28,73.529685
64,30,45,29,70.589516
64,30,45,30,70.981207
64,30,46,1,72.858124
64,30,46,2,73.941906
64,30,46,3,70.297898
64,30,46,4,73.333906
64,30,46,5,74.622057
64,30,46,6,71.995692
64,30,46,7,71.110694
64,30,46,8,71.785496
64,30,46,9,73.356994
64,30,46,10,72.047260
64,30,46,11,72.775483
64,30,46,12,72.549081
64,30,46,13,71.965749
64,30,46,14,70.857227
64,30,46,15,71.285284
64,30,46,16,70.296471
64,30,46,17,74.731831
64,30,46,18,72.408228
64,30,46,19,70.921719
64,30,46,20,73.200494
64,30,46,21,71.962622
64,30,46,22,73.261568
64,30,46,23,71.062018
64,30,46,24,74.979238
64,30,46,25,70.495430
64,30,46,26,72.340019
64,30,46,27,71.168231
64,30,46,28,70.239638
64,30,46,29,73.598716
64,30,46,30,74.290353
64,30,47,1,80.106497
64,30,47,2,72.570351
64,30,47,3,71.810449
64,30,47,4,72.412632
64,30,47,5,71.956068
64,30,47,6,72.311254
64,30,47,7,74.172491
64,30,47,8,70.856723
64,30,47,9,71.989477
64,30,47,10,69.538363
64,30,47,11,70.959532
64,30,47,12,71.447588
64,30,47,13,73.726771
64,30,47,14,71.964788
64,30,47,15,71.170148
64,30,47,16,72.150133
64,30,47,17,73.622074
64,30,47,18,71.085805
64,30,47,19,70.128103
64,30,47,20,72.679747
64,30,47,21,72.499294
64,30,47,22,70.721389
64,30,47,23,72.395363
64,30,47,24,73.463596
64,30,47,25,71.712704
64,30,47,26,80.598585
64,30,47,27,75.330859
64,30,47,28,71.929634
64,30,47,29,73.182379
64,30,47,30,73.888448
64,30,48,1,75.137580
64,30,48,2,72.376967
64,30,48,3,71.230165
64,30,48,4,70.181602
64,30,48,5,70.672340
64,30,48,6,73.686197
64,30,48,7,72.895896
64,30,48,8,75.361915
64,30,48,9,71.790965
64,30,48,10,72.300931
64,30,48,11,70.866990
64,30,48,12,71.008990
64,30,48,13,71.288422
64,30,48,14,71.350117
64,30,48,15,71.864135
64,30,48,16,73.295688
64,30,48,17,70.889761
64,30,48,18,70.494555
64,30,48,19,72.641893
64,30,48,20,74.848123
64,30,48,21,72.168727
64,30,48,22,74.094417
64,30,48,23,73.558067
64,30,48,24,71.491973
64,30,48,25,72.504639
64,30,48,26,72.930231
64,30,48,27,72.333469
64,30,48,28,71.437837
64,30,48,29,73.466790
64,30,48,30,73.317242
64,30,49,1,73.496883
64,30,49,2,71.125557
64,30,49,3,70.025613
64,30,49,4,75.188719
64,30,49,5,72.414577
64,30,49,6,71.172579
64,30,49,7,71.573388
64,30,49,8,71.318154
64,30,49,9,72.611821
64,30,49,10,70.956422
64,30,49,11,72.011163
64,30,49,12,73.225869
64,30,49,13,74.120087
64,30,49,14,73.228480
64,30,49,15,70.807613
64,30,49,16,73.656018
64,30,49,17,75.131815
64,30,49,18,72.990703
64,30,49,19,71.656934
64,30,49,20,73.481948
64,30,49,21,72.415365
64,30,49,22,74.753841
64,30,49,23,72.035429
64,30,49,24,74.655990
64,30,49,25,72.417684
64,30,49,26,72.093904
64,30,49,27,73.149165
64,30,49,28,73.490960
64,30,49,29,72.109752
64,30,49,30,78.008149
64,30,50,1,73.919146
64,30,50,2,74.577325
64,30,50,3,71.553654
64,30,50,4,73.702129
64,30,50,5,71.912213
64,30,50,6,73.432529
64,30,50,7,71.682177
64,30,50,8,72.144203
64,30,50,9,71.646050
64,30,50,10,74.671021
64,30,50,11,71.138956
64,30,50,12,73.181053
64,30,50,13,73.196438
64,30,50,14,74.842237
64,30,50,15,72.299271
64,30,50,16,70.977475
64,30,50,17,71.172167
64,30,50,18,75.514126
64,30,50,19,71.877537
64,30,50,20,71.137099
64,30,50,21,70.819764
64,30,50,22,71.712798
64,30,50,23,73.401452
64,30,50,24,74.598242
64,30,50,25,71.849856
64,30,50,26,73.348967
64,30,50,27,72.316703
64,30,50,28,73.969064
64,30,50,29,71.262826
64,30,50,30,74.461350
64,60,1,1,75.419170
64,60,1,2,71.454753
64,60,1,3,72.587394
64,60,1,4,75.209874
64,60,1,5,72.704461
64,60,1,6,73.768398
64,60,1,7,73.929956
64,60,1,8,72.682860
64,60,1,9,70.837695
64,60,1,10,72.626279
64,60,1,11,80.920399
64,60,1,12,70.665897
64,60,1,13,71.975590
64,60,1,14,71.122709
64,60,1,15,71.907963
64,60,1,16,71.614870
64,60,1,17,71.340821
64,60,1,18,74.035659
64,60,1,19,73.669679
64,60,1,20,73.269357
64,60,1,21,72.149947
64,60,1,22,70.951660
64,60,1,23,72.673318
64,60,1,24,72.044470
64,60,1,25,71.595352
64,60,1,26,70.658062
64,60,1,27,73.191101
64,60,1,28,71.536170
64,60,1,29,73.217069
64,60,1,30,71.123520
64,60,1,31,78.043814
64,60,1,32,85.809507
64,60,1,33,74.482991
64,60,1,34,74.937068
64,60,1,35,72.292248
64,60,1,36,71.617234
64,60,1,37,72.816102
64,60,1,38,72.165205
64,60,1,39,72.497394
64,60,1,40,70.995898
64,60,1,41,71.762025
64,60,1,42,71.401586
64,60,1,43,74.130929
64,60,1,44,72.869003
64,60,1,45,71.151485
64,60,1,46,72.560829
64,60,1,47,73.398938
64,60,1,48,71.943016
64,60,1,49,72.882916
64,60,1,50,72.101931
64,60,1,51,71.293101
64,60,1,52,69.901603
64,60,1,53,72.345624
64,60,1,54,72.364297
64,60,1,55,72.786873
64,60,1,56,75.871798
64,60,1,57,71.958569
64,60,1,58,72.750714
64,60,1,59,72.436580
64,60,1,60,71.879881
64,60,2,1,72.112506
64,60,2,2,71.348655
64,60,2,3,71.489049
64,60,2,4,70.291704
64,60,2,5,73.190055
64,60,2,6,71.852139
64,60,2,7,70.655891
64,60,2,8,70.602372
64,60,2,9,73.852135
64,60,2,10,75.013933
64,60,2,11,70.921329
64,60,2,12,70.447644
64,60,2,13,71.609432
64,60,2,14,72.235835
64,60,2,15,71.781870
64,60,2,16,70.821835
64,60,2,17,70.909372
64,60,2,18,72.866903
64,60,2,19,71.830915
64,60,2,20,71.362958
64,60,2,21,74.335125
64,60,2,22,74.231520
64,60,2,23,70.450332
64,60,2,24,70.467538
64,60,2,25,74.288315
64,60,2,26,71.048258
64,60,2,27,70.189851
64,60,2,28,71.465603
64,60,2,29,70.941226
64,60,2,30,70.952544
64,60,2,31,71.733546
64,60,2,32,70.470531
64,60,2,33,70.914781
64,60,2,34,71.427321
64,60,2,35,71.933799
64,60,2,36,73.192973
64,60,2,37,72.825798
64,60,2,38,71.455875
64,60,2,39,71.239359
64,60,2,40,73.553248
64,60,2,41,73.178910
64,60,2,42,71.488310
64,60,2,43,70.410210
64,60,2,44,70.780685
64,60,2,45,73.620566
64,60,2,46,71.675213
64,60,2,47,74.514958
64,60,2,48,72.653670
64,60,2,49,72.951805
64,60,2,50,71.699395
64,60,2,51,72.381228
64,60,2,52,71.918131
64,60,2,53,70.999873
64,60,2,54,72.310850
64,60,2,55,70.792302
64,60,2,56,70.595715
64,60,2,57,73.412251
64,60,2,58,72.024162
64,60,2,59,71.157197
64,60,2,60,72.883462
64,60,3,1,72.657828
64,60,3,2,72.159013
64,60,3,3,70.488411
64,60,3,4,70.687123
64,60,3,5,71.002854
64,60,3,6,70.835760
64,60,3,7,70.772685
64,60,3,8,70.592742
64,60,3,9,71.221500
64,60,3,10,71.434335
64,60,3,11,72.045196
64,60,3,12,72.947073
64,60,3,13,73.670959
64,60,3,14,72.377963
64,60,3,15,71.770277
64,60,3,16,71.303966
64,60,3,17,70.498279
64,60,3,18,71.303444
64,60,3,19,71.511581
64,60,3,20,71.456703
64,60,3,21,70.671847
64,60,3,22,70.786272
64,60,3,23,71.365717
64,60,3,24,75.751518
64,60,3,25,82.838423
64,60,3,26,73.462664
64,60,3,27,70.912136
64,60,3,28,71.320380
64,60,3,29,73.247754
64,60,3,30,72.713988
64,60,3,31,71.569890
64,60,3,32,70.516320
64,60,3,33,70.508155
64,60,3,34,70.328776
64,60,3,35,71.277541
64,60,3,36,71.727517
64,60,3,37,70.644929
64,60,3,38,73.228982
64,60,3,39,72.947753
64,60,3,40,71.438233
64,60,3,41,73.896384
64,60,3,42,71.360048
64,60,3,43,73.436675
64,60,3,44,71.467006
64,60,3,45,75.115899
64,60,3,46,71.340588
64,60,3,47,71.250735
64,60,3,48,70.677121
64,60,3,49,71.657885
64,60,3,50,73.826090
64,60,3,51,74.391322
64,60,3,52,74.705623
64,60,3,53,73.416016
64,60,3,54,71.413181
64,60,3,55,70.563255
64,60,3,56,70.470865
64,60,3,57,70.657643
64,60,3,58,69.783138
64,60,3,59,69.961394
64,60,3,60,72.331175
64,60,4,1,73.058521
64,60,4,2,71.114545
64,60,4,3,71.467195
64,60,4,4,71.107319
64,60,4,5,74.440120
64,60,4,6,71.100519
64,60,4,7,72.238430
64,60,4,8,70.938037
64,60,4,9,71.142416
64,60,4,10,72.119986
64,60,4,11,71.539640
64,60,4,12,70.864233
64,60,4,13,72.449979
64,60,4,14,70.936657
64,60,4,15,72.522226
64,60,4,16,72.654352
64,60,4,17,73.097922
64,60,4,18,71.787030
64,60,4,19,70.786265
64,60,4,20,71.466487
64,60,4,21,70.444187
64,60,4,22,71.581355
64,60,4,23,73.352756
64,60,4,24,71.747755
64,60,4,25,71.532797
64,60,4,26,69.512872
64,60,4,27,72.246417
64,60,4,28,72.462930
64,60,4,29,72.269931
64,60,4,30,72.349006
64,60,4,31,72.758372
64,60,4,32,71.995635
64,60,4,33,72.928221
64,60,4,34,72.010180
64,60,4,35,71.167271
64,60,4,36,71.318219
64,60,4,37,72.141654
64,60,4,38,70.336391
64,60,4,39,70.821683
64,60,4,40,73.301240
64,60,4,41,74.613830
64,60,4,42,90.076558
64,60,4,43,71.816934
64,60,4,44,71.331439
64,60,4,45,72.418660
64,60,4,46,72.794378
64,60,4,47,72.099913
64,60,4,48,70.426161
64,60,4,49,72.184309
64,60,4,50,73.311352
64,60,4,51,70.518998
64,60,4,52,72.532349
64,60,4,53,71.447922
64,60,4,54,73.011479
64,60,4,55,71.109844
64,60,4,56,72.395833
64,60,4,57,73.431295
64,60,4,58,72.472352
64,60,4,59,70.747118
64,60,4,60,72.700942
64,60,5,1,72.135775
64,60,5,2,70.940219
64,60,5,3,71.551840
64,60,5,4,69.094916
64,60,5,5,69.464625
64,60,5,6,70.055342
64,60,5,7,71.551434
64,60,5,8,74.395965
64,60,5,9,72.585365
64,60,5,10,70.631359
64,60,5,11,70.545926
64,60,5,12,72.705882
64,60,5,13,71.125693
64,60,5,14,72.496968
64,60,5,15,70.756255
64,60,5,16,72.284298
64,60,5,17,71.861434
64,60,5,18,79.250181
64,60,5,19,71.040492
64,60,5,20,72.092180
64,60,5,21,72.242231
64,60,5,22,71.441509
64,60,5,23,72.243809
64,60,5,24,72.211238
64,60,5,25,75.270244
64,60,5,26,70.275140
64,60,5,27,69.903203
64,60,5,28,69.501725
64,60,5,29,70.401182
64,60,5,30,71.076565
64,60,5,31,72.280604
64,60,5,32,71.201858
64,60,5,33,75.400720
64,60,5,34,72.510815
64,60,5,35,69.759241
64,60,5,36,71.254716
64,60,5,37,70.885863
64,60,5,38,71.698116
64,60,5,39,70.668930
64,60,5,40,72.547678
64,60,5,41,70.914671
64,60,5,42,72.378202
64,60,5,43,70.693073
64,60,5,44,71.663664
64,60,5,45,71.035288
64,60,5,46,73.503328
64,60,5,47,71.142288
64,60,5,48,70.971919
64,60,5,49,72.922997
64,60,5,50,71.752906
64,60,5,51,69.409698
64,60,5,52,72.406477
64,60,5,53,72.302995
64,60,5,54,71.985286
64,60,5,55,74.595955
64,60,5,56,71.584240
64,60,5,57,71.347800
64,60,5,58,69.853972
64,60,5,59,72.188526
64,60,5,60,74.926145
64,60,6,1,71.920978
64,60,6,2,71.542459
64,60,6,3,71.031695
64,60,6,4,69.249237
64,60,6,5,71.908383
64,60,6,6,70.804333
64,60,6,7,70.673047
64,60,6,8,71.456394
64,60,6,9,70.825229
64,60,6,10,69.770791
64,60,6,11,73.445198
64,60,6,12,72.855306
64,60,6,13,71.061787
64,60,6,14,71.074926
64,60,6,15,72.654163
64,60,6,16,73.076383
64,60,6,17,70.422833
64,60,6,18,71.742835
64,60,6,19,70.537404
64,60,6,20,71.037204
64,60,6,21,69.993355
64,60,6,22,73.631623
64,60,6,23,72.155853
64,60,6,24,74.301153
64,60,6,25,71.620224
64,60,6,26,73.039127
64,60,6,27,69.999701
64,60,6,28,70.274183
64,60,6,29,72.363404
64,60,6,30,73.363106
64,60,6,31,71.217255
64,60,6,32,70.943836
64,60,6,33,69.913403
64,60,6,34,71.132497
64,60,6,35,71.075643
64,60,6,36,71.631160
64,60,6,37,71.771974
64,60,6,38,70.691143
64,60,6,39,69.425939
64,60,6,40,71.678783
64,60,6,41,71.895814
64,60,6,42,73.355170
64,60,6,43,72.561133
64,60,6,44,71.830636
64,60,6,45,71.150000
64,60,6,46,72.393496
64,60,6,47,71.385610
64,60,6,48,72.832426
64,60,6,49,72.790610
64,60,6,50,73.459618
64,60,6,51,72.421371
64,60,6,52,71.801473
64,60,6,53,71.999652
64,60,6,54,73.406745
64,60,6,55,72.394373
64,60,6,56,70.545476
64,60,6,57,73.035138
64,60,6,58,71.116536
64,60,6,59,69.541654
64,60,6,60,72.859400
64,60,7,1,74.856446
64,60,7,2,73.840197
64,60,7,3,73.082438
64,60,7,4,72.396322
64,60,7,5,73.277357
64,60,7,6,70.771004
64,60,7,7,69.470541
64,60,7,8,74.853065
64,60,7,9,71.885501
64,60,7,10,70.377300
64,60,7,11,69.771570
64,60,7,12,69.326805
64,60,7,13,69.820144
64,60,7,14,70.614013
64,60,7,15,73.191122
64,60,7,16,74.396845
64,60,7,17,71.703430
64,60,7,18,71.284999
64,60,7,19,74.234494
64,60,7,20,71.635171
64,60,7,21,70.924477
64,60,7,22,69.705281
64,60,7,23,69.962603
64,60,7,24,72.524692
64,60,7,25,72.334018
64,60,7,26,71.269237
64,60,7,27,72.515212
64,60,7,28,73.198764
64,60,7,29,74.697811
64,60,7,30,71.526743
64,60,7,31,74.160125
64,60,7,32,72.492160
64,60,7,33,71.818144
64,60,7,34,72.432221
64,60,7,35,70.066426
64,60,7,36,72.091931
64,60,7,37,70.480234
64,60,7,38,69.742237
64,60,7,39,69.725450
64,60,7,40,72.001867
64,60,7,41,70.992119
64,60,7,42,69.527745
64,60,7,43,71.781853
64,60,7,44,70.387655
64,60,7,45,71.338528
64,60,7,46,71.806142
64,60,7,47,72.628910
64,60,7,48,71.068872
64,60,7,49,72.737016
64,60,7,50,70.590703
64,60,7,51,74.004326
64,60,7,52,73.584330
64,60,7,53,71.857748
64,60,7,54,76.048251
64,60,7,55,71.278460
64,60,7,56,73.365330
64,60,7,57,71.213585
64,60,7,58,69.791760
64,60,7,59,70.725502
64,60,7,60,70.897771
64,60,8,1,74.144911
64,60,8,2,71.532169
64,60,8,3,70.189093
64,60,8,4,72.737776
64,60,8,5,80.025304
64,60,8,6,80.080840
64,60,8,7,99.503956
64,60,8,8,71.528288
64,60,8,9,73.026721
64,60,8,10,71.587055
64,60,8,11,73.217853
64,60,8,12,71.843821
64,60,8,13,70.740825
64,60,8,14,71.421687
64,60,8,15,70.290702
64,60,8,16,70.344552
64,60,8,17,70.810043
64,60,8,18,71.001017
64,60,8,19,72.784659
64,60,8,20,70.815670
64,60,8,21,70.235214
64,60,8,22,74.691223
64,60,8,23,70.564846
64,60,8,24,70.367911
64,60,8,25,72.756573
64,60,8,26,72.387170
64,60,8,27,71.100952
64,60,8,28,69.899717
64,60,8,29,70.226307
64,60,8,30,72.836573
64,60,8,31,73.392758
64,60,8,32,72.728729
64,60,8,33,70.731789
64,60,8,34,72.901832
64,60,8,35,72.398045
64,60,8,36,71.370829
64,60,8,37,73.111089
64,60,8,38,71.305859
64,60,8,39,73.676884
64,60,8,40,70.508255
64,60,8,41,74.099576
64,60,8,42,73.202299
64,60,8,43,71.975479
64,60,8,44,72.943190
64,60,8,45,74.004889
64,60,8,46,71.676326
64,60,8,47,73.300475
64,60,8,48,71.789378
64,60,8,49,73.453186
64,60,8,50,71.985544
64,60,8,51,74.213678
64,60,8,52,73.376857
64,60,8,53,71.909086
64,60,8,54,73.461407
64,60,8,55,72.378208
64,60,8,56,74.237135
64,60,8,57,72.339002
64,60,8,58,71.641069
64,60,8,59,74.029795
64,60,8,60,71.699982
64,60,9,1,75.015366
64,60,9,2,73.152243
64,60,9,3,74.227599
64,60,9,4,72.618692
64,60,9,5,71.708713
64,60,9,6,71.286705
64,60,9,7,73.576608
64,60,9,8,71.686960
64,60,9,9,72.190989
64,60,9,10,73.468512
64,60,9,11,75.184442
64,60,9,12,72.611826
64,60,9,13,71.721862
64,60,9,14,70.745350
64,60,9,15,72.021415
64,60,9,16,73.859187
64,60,9,17,72.681289
64,60,9,18,73.098423
64,60,9,19,71.601279
64,60,9,20,71.683527
64,60,9,21,71.489102
64,60,9,22,73.564293
64,60,9,23,81.332077
64,60,9,24,71.274799
64,60,9,25,70.733020
64,60,9,26,73.245316
64,60,9,27,71.678527
64,60,9,28,73.168773
64,60,9,29,71.758891
64,60,9,30,73.674623
64,60,9,31,71.409780
64,60,9,32,76.032318
64,60,9,33,74.182995
64,60,9,34,72.867519
64,60,9,35,73.156435
64,60,9,36,72.358319
64,60,9,37,73.236583
64,60,9,38,71.592102
64,60,9,39,71.417134
64,60,9,40,71.960244
64,60,9,41,71.662167
64,60,9,42,74.002345
64,60,9,43,77.372443
64,60,9,44,74.100836
64,60,9,45,72.513471
64,60,9,46,70.326413
64,60,9,47,72.830840
64,60,9,48,75.075113
64,60,9,49,71.773087
64,60,9,50,70.865185
64,60,9,51,73.556847
64,60,9,52,71.860119
64,60,9,53,73.938230
64,60,9,54,73.719597
64,60,9,55,70.696893
64,60,9,56,70.628753
64,60,9,57,73.477342
64,60,9,58,71.004056
64,60,9,59,73.823157
64,60,9,60,74.152269
64,60,10,1,72.831621
64,60,10,2,74.758386
64,60,10,3,74.325036
64,60,10,4,72.303457
64,60,10,5,73.796513
64,60,10,6,72.270218
64,60,10,7,70.899235
64,60,10,8,72.596335
64,60,10,9,71.365587
64,60,10,10,72.751030
64,60,10,11,70.403315
64,60,10,12,76.165753
64,60,10,13,72.713864
64,60,10,14,74.186184
64,60,10,15,75.439788
64,60,10,16,74.401366
64,60,10,17,70.534070
64,60,10,18,71.457344
64,60,10,19,72.774982
64,60,10,20,72.226889
64,60,10,21,70.322654
64,60,10,22,71.695099
64,60,10,23,72.879245
64,60,10,24,72.049499
64,60,10,25,73.733764
64,60,10,26,71.019519
64,60,10,27,73.503334
64,60,10,28,71.893961
64,60,10,29,71.361141
64,60,10,30,71.306814
64,60,10,31,73.064907
64,60,10,32,70.939239
64,60,10,33,73.496834
64,60,10,34,70.979651
64,60,10,35,72.999611
64,60,10,36,74.598117
64,60,10,37,73.541588
64,60,10,38,73.041337
64,60,10,39,71.101836
64,60,10,40,74.124280
64,60,10,41,70.989819
64,60,10,42,71.003493
64,60,10,43,71.532509
64,60,10,44,71.255393
64,60,10,45,70.401105
64,60,10,46,72.316092
64,60,10,47,70.740351
64,60,10,48,73.384315
64,60,10,49,73.327633
64,60,10,50,73.083306
64,60,10,51,74.403012
64,60,10,52,73.843034
64,60,10,53,73.604714
64,60,10,54,71.423866
64,60,10,55,70.503305
64,60,10,56,71.687464
64,60,10,57,73.276297
64,60,10,58,71.937418
64,60,10,59,70.375019
64,60,10,60,70.488606
64,60,11,1,73.719093
64,60,11,2,73.762756
64,60,11,3,73.676878
64,60,11,4,73.355128
64,60,11,5,71.173669
64,60,11,6,71.439469
64,60,11,7,71.360164
64,60,11,8,72.475977
64,60,11,9,73.322912
64,60,11,10,71.269876
64,60,11,11,69.248921
64,60,11,12,74.990293
64,60,11,13,71.836723
64,60,11,14,73.272025
64,60,11,15,71.584162
64,60,11,16,70.951003
64,60,11,17,72.858397
64,60,11,18,70.698157
64,60,11,19,71.524046
64,60,11,20,70.464652
64,60,11,21,76.171422
64,60,11,22,73.734618
64,60,11,23,72.995186
64,60,11,24,71.350730
64,60,11,25,72.153055
64,60,11,26,73.678405
64,60,11,27,71.859402
64,60,11,28,74.703361
64,60,11,29,71.747321
64,60,11,30,71.759914
64,60,11,31,70.504790
64,60,11,32,70.230240
64,60,11,33,73.155775
64,60,11,34,71.571278
64,60,11,35,73.754320
64,60,11,36,71.275493
64,60,11,37,74.261702
64,60,11,38,71.529222
64,60,11,39,71.129092
64,60,11,40,72.497361
64,60,11,41,75.179195
64,60,11,42,74.927861
64,60,11,43,71.145161
64,60,11,44,72.039600
64,60,11,45,70.726174
64,60,11,46,71.048914
64,60,11,47,71.698698
64,60,11,48,73.732109
64,60,11,49,71.536131
64,60,11,50,71.638475
64,60,11,51,71.754889
64,60,11,52,71.571881
64,60,11,53,73.993034
64,60,11,54,73.823654
64,60,11,55,73.930008
64,60,11,56,71.951317
64,60,11,57,73.779850
64,60,11,58,72.016501
64,60,11,59,71.311332
64,60,11,60,70.387183
64,60,12,1,73.626949
64,60,12,2,72.271711
64,60,12,3,71.602307
64,60,12,4,72.567653
64,60,12,5,75.123833
64,60,12,6,73.972612
64,60,12,7,72.371126
64,60,12,8,73.535983
64,60,12,9,72.154097
64,60,12,10,71.236031
64,60,12,11,73.933293
64,60,12,12,70.989090
64,60,12,13,71.017253
64,60,12,14,70.866996
64,60,12,15,72.210821
64,60,12,16,71.226268
64,60,12,17,71.244638
64,60,12,18,72.012628
64,60,12,19,73.224338
64,60,12,20,75.590647
64,60,12,21,73.774909
64,60,12,22,73.884175
64,60,12,23,72.194068
64,60,12,24,71.537573
64,60,12,25,71.420387
64,60,12,26,75.851231
64,60,12,27,70.947614
64,60,12,28,73.049804
64,60,12,29,71.725140
64,60,12,30,72.718422
64,60,12,31,71.470846
64,60,12,32,72.801496
64,60,12,33,72.429796
64,60,12,34,71.987479
64,60,12,35,71.894334
64,60,12,36,71.418163
64,60,12,37,73.660306
64,60,12,38,72.639248
64,60,12,39,73.583853
64,60,12,40,71.680849
64,60,12,41,73.923696
64,60,12,42,72.471894
64,60,12,43,73.059141
64,60,12,44,74.004405
64,60,12,45,73.759067
64,60,12,46,75.765288
64,60,12,47,73.716122
64,60,12,48,73.431149
64,60,12,49,72.210257
64,60,12,50,74.029277
64,60,12,51,72.555738
64,60,12,52,72.911679
64,60,12,53,76.039491
64,60,12,54,71.476266
64,60,12,55,75.079816
64,60,12,56,73.539124
64,60,12,57,73.997345
64,60,12,58,77.052711
64,60,12,59,73.169566
64,60,12,60,73.601195
64,60,13,1,73.500159
64,60,13,2,72.708603
64,60,13,3,73.494454
64,60,13,4,74.014907
64,60,13,5,73.104230
64,60,13,6,72.423368
64,60,13,7,71.172285
64,60,13,8,73.694166
64,60,13,9,72.050554
64,60,13,10,73.799552
64,60,13,11,73.809809
64,60,13,12,72.655379
64,60,13,13,71.504971
64,60,13,14,73.287899
64,60,13,15,72.393200
64,60,13,16,73.494750
64,60,13,17,72.501904
64,60,13,18,71.622189
64,60,13,19,71.644549
64,60,13,20,72.504668
64,60,13,21,73.629181
64,60,13,22,73.325898
64,60,13,23,72.509449
64,60,13,24,73.387887
64,60,13,25,72.052088
64,60,13,26,74.231971
64,60,13,27,72.290591
64,60,13,28,70.965905
64,60,13,29,71.750167
64,60,13,30,76.126085
64,60,13,31,71.328083
64,60,13,32,73.354461
64,60,13,33,75.843267
64,60,13,34,71.864449
64,60,13,35,72.111884
64,60,13,36,73.834645
64,60,13,37,73.607507
64,60,13,38,72.080395
64,60,13,39,72.640210
64,60,13,40,71.630365
64,60,13,41,72.148653
64,60,13,42,72.246081
64,60,13,43,72.855460
64,60,13,44,72.138505
64,60,13,45,73.712563
64,60,13,46,74.141284
64,60,13,47,71.361848
64,60,13,48,76.042740
64,60,13,49,73.263325
64,60,13,50,72.297467
64,60,13,51,72.346084
64,60,13,52,71.445499
64,60,13,53,71.242426
64,60,13,54,71.141194
64,60,13,55,71.953372
64,60,13,56,71.814096
64,60,13,57,73.245360
64,60,13,58,72.114561
64,60,13,59,72.277471
64,60,13,60,73.709039
64,60,14,1,74.352995
64,60,14,2,74.993065
64,60,14,3,75.169128
64,60,14,4,72.069439
64,60,14,5,73.138668
64,60,14,6,73.064751
64,60,14,7,71.434171
64,60,14,8,71.730793
64,60,14,9,71.690370
64,60,14,10,72.434975
64,60,14,11,73.668150
64,60,14,12,72.699581
64,60,14,13,71.994893
64,60,14,14,73.371080
64,60,14,15,71.692801
64,60,14,16,72.764212
64,60,14,17,71.940224
64,60,14,18,71.665955
64,60,14,19,71.111901
64,60,14,20,73.939272
64,60,14,21,72.630490
64,60,14,22,72.713640
64,60,14,23,70.554981
64,60,14,24,72.695382
64,60,14,25,72.859060
64,60,14,26,73.802411
64,60,14,27,72.293542
64,60,14,28,74.256947
64,60,14,29,75.614207
64,60,14,30,75.580498
64,60,14,31,74.731163
64,60,14,32,74.384527
64,60,14,33,73.701360
64,60,14,34,79.749251
64,60,14,35,76.658762
64,60,14,36,72.759109
64,60,14,37,74.544043
64,60,14,38,72.014140
64,60,14,39,74.782457
64,60,14,40,72.442657
64,60,14,41,73.643311
64,60,14,42,74.447395
64,60,14,43,72.716555
64,60,14,44,72.247717
64,60,14,45,73.776959
64,60,14,46,73.092090
64,60,14,47,72.821136
64,60,14,48,72.449772
64,60,14,49,73.954775
64,60,14,50,72.246417
64,60,14,51,75.139624
64,60,14,52,72.678002
64,60,14,53,72.993291
64,60,14,54,73.213868
64,60,14,55,74.187346
64,60,14,56,73.387857
64,60,14,57,73.036790
64,60,14,58,72.237596
64,60,14,59,72.606466
64,60,14,60,72.060324
64,60,15,1,70.561620
64,60,15,2,70.650951
64,60,15,3,73.381152
64,60,15,4,72.487124
64,60,15,5,73.533154
64,60,15,6,72.728256
64,60,15,7,71.503566
64,60,15,8,74.922903
64,60,15,9,73.534664
64,60,15,10,73.924325
64,60,15,11,72.670317
64,60,15,12,71.185261
64,60,15,13,71.238565
64,60,15,14,71.729803
64,60,15,15,71.746187
64,60,15,16,75.126202
64,60,15,17,74.406416
64,60,15,18,72.268798
64,60,15,19,73.364079
64,60,15,20,72.517404
64,60,15,21,71.882346
64,60,15,22,73.548581
64,60,15,23,71.787996
64,60,15,24,72.954121
64,60,15,25,72.356894
64,60,15,26,74.449424
64,60,15,27,71.058971
64,60,15,28,73.927735
64,60,15,29,72.225633
64,60,15,30,74.290262
64,60,15,31,77.078096
64,60,15,32,71.284225
64,60,15,33,73.805814
64,60,15,34,72.385207
64,60,15,35,71.494757
64,60,15,36,72.259125
64,60,15,37,73.120101
64,60,15,38,72.186537
64,60,15,39,76.120974
64,60,15,40,71.287125
64,60,15,41,73.485147
64,60,15,42,72.967001
64,60,15,43,71.472567
64,60,15,44,71.431573
64,60,15,45,71.856045
64,60,15,46,73.923602
64,60,15,47,73.718485
64,60,15,48,72.389349
64,60,15,49,70.890579
64,60,15,50,71.103867
64,60,15,51,72.822041
64,60,15,52,71.495023
64,60,15,53,72.036512
64,60,15,54,73.481794
64,60,15,55,74.173379
64,60,15,56,72.088516
64,60,15,57,73.076507
64,60,15,58,71.015101
64,60,15,59,72.847293
64,60,15,60,73.721482
64,60,16,1,73.606123
64,60,16,2,72.949954
64,60,16,3,71.321412
64,60,16,4,70.969452
64,60,16,5,73.009588
64,60,16,6,72.764660
64,60,16,7,75.677492
64,60,16,8,74.341182
64,60,16,9,74.162107
64,60,16,10,72.105532
64,60,16,11,73.511452
64,60,16,12,74.704151
64,60,16,13,73.909770
64,60,16,14,72.507608
64,60,16,15,73.500635
64,60,16,16,73.401227
64,60,16,17,74.433268
64,60,16,18,73.876996
64,60,16,19,74.996823
64,60,16,20,73.609923
64,60,16,21,73.001697
64,60,16,22,72.944425
64,60,16,23,74.392562
64,60,16,24,73.441844
64,60,16,25,73.355413
64,60,16,26,74.572911
64,60,16,27,73.396285
64,60,16,28,72.169449
64,60,16,29,73.177868
64,60,16,30,73.000842
64,60,16,31,73.156514
64,60,16,32,73.991784
64,60,16,33,72.425395
64,60,16,34,71.689619
64,60,16,35,73.255740
64,60,16,36,71.868165
64,60,16,37,73.965196
64,60,16,38,74.296251
64,60,16,39,71.837934
64,60,16,40,72.654954
64,60,16,41,72.598993
64,60,16,42,71.414675
64,60,16,43,72.168993
64,60,16,44,76.009510
64,60,16,45,107.292091
64,60,16,46,72.446684
64,60,16,47,72.741411
64,60,16,48,73.783420
64,60,16,49,72.265351
64,60,16,50,72.847013
64,60,16,51,74.293096
64,60,16,52,72.160010
64,60,16,53,71.895505
64,60,16,54,71.903368
64,60,16,55,86.882540
64,60,16,56,73.065949
64,60,16,57,72.763320
64,60,16,58,74.925767
64,60,16,59,72.600026
64,60,16,60,71.524864
64,60,17,1,74.261114
64,60,17,2,72.806864
64,60,17,3,73.030802
64,60,17,4,72.201193
64,60,17,5,74.360223
64,60,17,6,73.733802
64,60,17,7,72.485209
64,60,17,8,72.794679
64,60,17,9,71.197740
64,60,17,10,72.997416
64,60,17,11,71.646761
64,60,17,12,71.549950
64,60,17,13,72.766112
64,60,17,14,72.139734
64,60,17,15,71.956794
64,60,17,16,71.290387
64,60,17,17,74.738090
64,60,17,18,72.434635
64,60,17,19,75.888655
64,60,17,20,73.877181
64,60,17,21,75.085555
64,60,17,22,74.771096
64,60,17,23,73.572795
64,60,17,24,72.639862
64,60,17,25,71.675126
64,60,17,26,72.794596
64,60,17,27,73.133074
64,60,17,28,72.541809
64,60,17,29,74.192045
64,60,17,30,74.128266
64,60,17,31,73.415142
64,60,17,32,73.318720
64,60,17,33,72.285547
64,60,17,34,74.139724
64,60,17,35,72.142727
64,60,17,36,72.562379
64,60,17,37,72.536393
64,60,17,38,73.988380
64,60,17,39,72.980753
64,60,17,40,72.886416
64,60,17,41,72.717157
64,60,17,42,74.013733
64,60,17,43,72.168400
64,60,17,44,70.708025
64,60,17,45,72.445354
64,60,17,46,72.412514
64,60,17,47,77.870405
64,60,17,48,73.015586
64,60,17,49,72.718233
64,60,17,50,71.743850
64,60,17,51,72.467269
64,60,17,52,74.492691
64,60,17,53,72.675291
64,60,17,54,72.157376
64,60,17,55,73.318475
64,60,17,56,72.970659
64,60,17,57,73.865527
64,60,17,58,75.356159
64,60,17,59,75.713683
64,60,17,60,74.347564
64,60,18,1,88.084848
64,60,18,2,73.426344
64,60,18,3,72.055782
64,60,18,4,70.407317
64,60,18,5,75.128081
64,60,18,6,72.583331
64,60,18,7,72.868956
64,60,18,8,72.329699
64,60,18,9,71.436345
64,60,18,10,71.815555
64,60,18,11,71.792171
64,60,18,12,72.860050
64,60,18,13,73.901793
64,60,18,14,72.483180
64,60,18,15,71.480371
64,60,18,16,73.891717
64,60,18,17,72.854041
64,60,18,18,73.175158
64,60,18,19,72.531103
64,60,18,20,73.449232
64,60,18,21,71.697469
64,60,18,22,71.726522
64,60,18,23,73.155329
64,60,18,24,74.560334
64,60,18,25,72.919813
64,60,18,26,72.379755
64,60,18,27,72.661850
64,60,18,28,70.203555
64,60,18,29,71.777995
64,60,18,30,72.471460
64,60,18,31,75.107461
64,60,18,32,73.665842
64,60,18,33,72.391149
64,60,18,34,72.168273
64,60,18,35,73.847613
64,60,18,36,73.220070
64,60,18,37,73.982599
64,60,18,38,72.752023
64,60,18,39,71.732809
64,60,18,40,71.879385
64,60,18,41,73.302343
64,60,18,42,72.564090
64,60,18,43,72.742239
64,60,18,44,72.376221
64,60,18,45,72.350936
64,60,18,46,75.903701
64,60,18,47,73.443024
64,60,18,48,73.344286
64,60,18,49,76.029082
64,60,18,50,72.302848
64,60,18,51,73.152290
64,60,18,52,72.780510
64,60,18,53,72.129811
64,60,18,54,71.487778
64,60,18,55,74.145926
64,60,18,56,74.934385
64,60,18,57,73.356557
64,60,18,58,72.527656
64,60,18,59,73.905891
64,60,18,60,72.883422
64,60,19,1,72.571825
64,60,19,2,74.542131
64,60,19,3,72.629491
64,60,19,4,70.402601
64,60,19,5,71.931050
64,60,19,6,72.540434
64,60,19,7,72.701417
64,60,19,8,79.260953
64,60,19,9,71.381687
64,60,19,10,71.969908
64,60,19,11,71.933717
64,60,19,12,73.037485
64,60,19,13,72.501987
64,60,19,14,73.722011
64,60,19,15,72.490574
64,60,19,16,70.755427
64,60,19,17,71.069412
64,60,19,18,72.299646
64,60,19,19,71.194871
64,60,19,20,73.902357
64,60,19,21,71.880500
64,60,19,22,73.613772
64,60,19,23,75.833490
64,60,19,24,71.744461
64,60,19,25,71.257780
64,60,19,26,73.528687
64,60,19,27,71.903768
64,60,19,28,73.352580
64,60,19,29,72.793887
64,60,19,30,72.255161
64,60,19,31,73.282280
64,60,19,32,71.902725
64,60,19,33,74.043094
64,60,19,34,73.241119
64,60,19,35,73.307288
64,60,19,36,73.057230
64,60,19,37,74.913016
64,60,19,38,71.936039
64,60,19,39,74.998490
64,60,19,40,72.572027
64,60,19,41,71.630811
64,60,19,42,72.324885
64,60,19,43,73.200004
64,60,19,44,71.575856
64,60,19,45,72.549939
64,60,19,46,73.175590
64,60,19,47,71.618522
64,60,19,48,73.648227
64,60,19,49,72.321718
64,60,19,50,74.439627
64,60,19,51,73.487331
64,60,19,52,73.500755
64,60,19,53,72.479905
64,60,19,54,71.381375
64,60,19,55,74.216276
64,60,19,56,77.169497
64,60,19,57,74.142703
64,60,19,58,72.473229
64,60,19,59,73.442744
64,60,19,60,71.684961
64,60,20,1,74.748081
64,60,20,2,72.416701
64,60,20,3,75.394431
64,60,20,4,73.155366
64,60,20,5,73.722084
64,60,20,6,74.572220
64,60,20,7,73.055289
64,60,20,8,72.599483
64,60,20,9,70.870035
64,60,20,10,73.776097
64,60,20,11,72.184063
64,60,20,12,72.784194
64,60,20,13,72.490960
64,60,20,14,73.568601
64,60,20,15,73.776661
64,60,20,16,74.318360
64,60,20,17,73.601215
64,60,20,18,74.179155
64,60,20,19,72.945191
64,60,20,20,71.465944
64,60,20,21,71.957412
64,60,20,22,73.112159
64,60,20,23,73.205870
64,60,20,24,71.554454
64,60,20,25,71.220269
64,60,20,26,71.768353
64,60,20,27,72.722689
64,60,20,28,73.976940
64,60,20,29,74.315964
64,60,20,30,73.874202
64,60,20,31,73.276228
64,60,20,32,72.076014
64,60,20,33,72.657095
64,60,20,34,72.169654
64,60,20,35,72.754293
64,60,20,36,72.214566
64,60,20,37,73.806071
64,60,20,38,71.948022
64,60,20,39,73.851392
64,60,20,40,73.784331
64,60,20,41,72.249504
64,60,20,42,71.562413
64,60,20,43,74.975352
64,60,20,44,72.699216
64,60,20,45,73.703423
64,60,20,46,73.811432
64,60,20,47,72.227970
64,60,20,48,72.700650
64,60,20,49,73.863934
64,60,20,50,72.728677
64,60,20,51,71.476237
64,60,20,52,71.838304
64,60,20,53,73.701750
64,60,20,54,73.816799
64,60,20,55,75.576680
64,60,20,56,74.097910
64,60,20,57,74.473002
64,60,20,58,73.303212
64,60,20,59,73.881987
64,60,20,60,74.250970
64,60,21,1,75.533384
64,60,21,2,73.948393
64,60,21,3,72.708006
64,60,21,4,72.727885
64,60,21,5,74.118891
64,60,21,6,72.542153
64,60,21,7,72.623192
64,60,21,8,74.034700
64,60,21,9,74.374492
64,60,21,10,73.762630
64,60,21,11,72.788419
64,60,21,12,72.773995
64,60,21,13,71.847722
64,60,21,14,73.664389
64,60,21,15,72.021009
64,60,21,16,74.298655
64,60,21,17,74.575467
64,60,21,18,74.122664
64,60,21,19,71.681117
64,60,21,20,75.773382
64,60,21,21,73.110089
64,60,21,22,72.634417
64,60,21,23,71.901485
64,60,21,24,72.816506
64,60,21,25,71.740132
64,60,21,26,72.307344
64,60,21,27,74.216721
64,60,21,28,71.755046
64,60,21,29,70.984076
64,60,21,30,72.904538
64,60,21,31,73.907425
64,60,21,32,74.241490
64,60,21,33,78.468322
64,60,21,34,73.067681
64,60,21,35,73.046284
64,60,21,36,70.798463
64,60,21,37,73.214125
64,60,21,38,72.204960
64,60,21,39,72.912120
64,60,21,40,71.115262
64,60,21,41,72.036997
64,60,21,42,70.895316
64,60,21,43,70.407376
64,60,21,44,72.662567
64,60,21,45,73.590235
64,60,21,46,75.407759
64,60,21,47,71.723571
64,60,21,48,71.829091
64,60,21,49,71.278301
64,60,21,50,73.534843
64,60,21,51,72.198637
64,60,21,52,74.265128
64,60,21,53,71.792696
64,60,21,54,71.508652
64,60,21,55,74.039102
64,60,21,56,72.449357
64,60,21,57,73.071079
64,60,21,58,73.156415
64,60,21,59,76.540371
64,60,21,60,87.489899
64,60,22,1,71.601362
64,60,22,2,70.635889
64,60,22,3,70.988976
64,60,22,4,70.789958
64,60,22,5,76.818972
64,60,22,6,71.970655
64,60,22,7,72.440456
64,60,22,8,72.620617
64,60,22,9,71.247733
64,60,22,10,73.815722
64,60,22,11,71.981446
64,60,22,12,73.469093
64,60,22,13,72.589294
64,60,22,14,73.190298
64,60,22,15,71.664543
64,60,22,16,71.879229
64,60,22,17,71.628235
64,60,22,18,70.959791
64,60,22,19,71.606241
64,60,22,20,72.580814
64,60,22,21,71.711413
64,60,22,22,72.497523
64,60,22,23,76.251943
64,60,22,24,73.446173
64,60,22,25,76.580360
64,60,22,26,71.926389
64,60,22,27,70.545765
64,60,22,28,70.674809
64,60,22,29,71.827388
64,60,22,30,72.284491
64,60,22,31,70.624112
64,60,22,32,71.904833
64,60,22,33,70.592403
64,60,22,34,71.169582
64,60,22,35,72.500935
64,60,22,36,73.327032
64,60,22,37,72.012522
64,60,22,38,74.909841
64,60,22,39,71.682085
64,60,22,40,72.539329
64,60,22,41,70.950632
64,60,22,42,71.900095
64,60,22,43,71.961134
64,60,22,44,72.375368
64,60,22,45,73.035876
64,60,22,46,73.017839
64,60,22,47,71.355143
64,60,22,48,77.130521
64,60,22,49,73.494169
64,60,22,50,71.952189
64,60,22,51,72.929070
64,60,22,52,72.241386
64,60,22,53,71.960213
64,60,22,54,72.323086
64,60,22,55,72.688280
64,60,22,56,73.385326
64,60,22,57,72.968330
64,60,22,58,73.775613
64,60,22,59,72.758187
64,60,22,60,73.614378
64,60,23,1,73.698097
64,60,23,2,71.399642
64,60,23,3,73.090225
64,60,23,4,73.129268
64,60,23,5,70.704963
64,60,23,6,71.736688
64,60,23,7,70.435117
64,60,23,8,72.841261
64,60,23,9,73.493616
64,60,23,10,72.412500
64,60,23,11,70.803197
64,60,23,12,73.519584
64,60,23,13,73.471361
64,60,23,14,76.998716
64,60,23,15,73.325354
64,60,23,16,72.103658
64,60,23,17,71.172030
64,60,23,18,73.462161
64,60,23,19,72.708273
64,60,23,20,73.145663
64,60,23,21,71.859845
64,60,23,22,71.607442
64,60,23,23,70.624736
64,60,23,24,72.972436
64,60,23,25,71.691542
64,60,23,26,75.120421
64,60,23,27,73.345792
64,60,23,28,72.353912
64,60,23,29,73.470159
64,60,23,30,72.822362
64,60,23,31,72.523661
64,60,23,32,70.982680
64,60,23,33,73.063004
64,60,23,34,72.544974
64,60,23,35,71.437143
64,60,23,36,72.638131
64,60,23,37,72.210983
64,60,23,38,73.193250
64,60,23,39,75.090936
64,60,23,40,74.691134
64,60,23,41,74.025714
64,60,23,42,71.566760
64,60,23,43,72.555689
64,60,23,44,72.178970
64,60,23,45,73.483408
64,60,23,46,72.595045
64,60,23,47,71.852472
64,60,23,48,72.891824
64,60,23,49,73.933090
64,60,23,50,73.608842
64,60,23,51,73.610911
64,60,23,52,74.617712
64,60,23,53,71.459873
64,60,23,54,73.934812
64,60,23,55,72.670265
64,60,23,56,73.206653
64,60,23,57,71.452024
64,60,23,58,74.529578
64,60,23,59,71.706071
64,60,23,60,73.019875
64,60,24,1,72.168600
64,60,24,2,71.813612
64,60,24,3,72.289547
64,60,24,4,75.116974
64,60,24,5,73.618652
64,60,24,6,75.147260
64,60,24,7,72.839836
64,60,24,8,71.948186
64,60,24,9,72.734892
64,60,24,10,72.859224
64,60,24,11,71.713314
64,60,24,12,72.512660
64,60,24,13,71.019513
64,60,24,14,74.777629
64,60,24,15,73.232729
64,60,24,16,72.216635
64,60,24,17,73.368228
64,60,24,18,73.249093
64,60,24,19,71.976393
64,60,24,20,72.252785
64,60,24,21,73.212832
64,60,24,22,72.456832
64,60,24,23,73.866422
64,60,24,24,71.539805
64,60,24,25,72.115932
64,60,24,26,71.846129
64,60,24,27,73.180054
64,60,24,28,74.329075
64,60,24,29,73.558402
64,60,24,30,71.432051
64,60,24,31,72.534320
64,60,24,32,73.338170
64,60,24,33,73.239764
64,60,24,34,71.394047
64,60,24,35,72.710926
64,60,24,36,71.492868
64,60,24,37,71.604213
64,60,24,38,71.951401
64,60,24,39,72.212732
64,60,24,40,72.358226
64,60,24,41,70.730964
64,60,24,42,73.451095
64,60,24,43,71.069517
64,60,24,44,71.777267
64,60,24,45,72.076739
64,60,24,46,72.917178
64,60,24,47,75.031710
64,60,24,48,71.416454
64,60,24,49,70.215566
64,60,24,50,71.423656
64,60,24,51,71.139640
64,60,24,52,71.574152
64,60,24,53,70.047322
64,60,24,54,70.599345
64,60,24,55,71.109250
64,60,24,56,72.289966
64,60,24,57,73.203430
64,60,24,58,72.082682
64,60,24,59,74.124904
64,60,24,60,72.841702
64,60,25,1,74.466305
64,60,25,2,73.012003
64,60,25,3,71.316055
64,60,25,4,73.273260
64,60,25,5,72.125440
64,60,25,6,71.850563
64,60,25,7,71.704174
64,60,25,8,72.275648
64,60,25,9,72.485392
64,60,25,10,73.161201
64,60,25,11,69.981919
64,60,25,12,70.962135
64,60,25,13,75.303876
64,60,25,14,72.577108
64,60,25,15,76.064737
64,60,25,16,71.999240
64,60,25,17,72.215525
64,60,25,18,71.506547
64,60,25,19,76.150408
64,60,25,20,72.024328
64,60,25,21,74.479751
64,60,25,22,72.075393
64,60,25,23,71.937229
64,60,25,24,74.295350
64,60,25,25,72.546928
64,60,25,26,73.243140
64,60,25,27,72.205946
64,60,25,28,71.200708
64,60,25,29,72.805549
64,60,25,30,73.174248
64,60,25,31,72.791812
64,60,25,32,73.137467
64,60,25,33,80.303013
64,60,25,34,73.519889
64,60,25,35,72.250242
64,60,25,36,70.416722
64,60,25,37,71.878489
64,60,25,38,72.277143
64,60,25,39,75.986361
64,60,25,40,72.882394
64,60,25,41,71.858782
64,60,25,42,72.717305
64,60,25,43,72.387534
64,60,25,44,72.516029
64,60,25,45,72.845403
64,60,25,46,73.493533
64,60,25,47,72.300965
64,60,25,48,72.211488
64,60,25,49,71.377562
64,60,25,50,73.219813
64,60,25,51,71.675452
64,60,25,52,72.157380
64,60,25,53,71.712408
64,60,25,54,71.642124
64,60,25,55,71.918990
64,60,25,56,72.644487
64,60,25,57,71.540806
64,60,25,58,72.633978
64,60,25,59,74.958363
64,60,25,60,70.852599
64,60,26,1,72.541547
64,60,26,2,72.920542
64,60,26,3,71.421699
64,60,26,4,71.636058
64,60,26,5,73.831336
64,60,26,6,72.070445
64,60,26,7,72.312426
64,60,26,8,72.367350
64,60,26,9,72.434865
64,60,26,10,72.354998
64,60,26,11,73.643171
64,60,26,12,71.794779
64,60,26,13,71.941602
64,60,26,14,74.370127
64,60,26,15,72.227655
64,60,26,16,76.149622
64,60,26,17,72.235198
64,60,26,18,71.814772
64,60,26,19,72.255474
64,60,26,20,72.698552
64,60,26,21,73.376027
64,60,26,22,72.201644
64,60,26,23,74.274090
64,60,26,24,76.701977
64,60,26,25,72.019852
64,60,26,26,77.108355
64,60,26,27,72.693958
64,60,26,28,72.174615
64,60,26,29,72.509157
64,60,26,30,73.435743
64,60,26,31,73.953321
64,60,26,32,72.631890
64,60,26,33,71.646839
64,60,26,34,72.278953
64,60,26,35,71.969268
64,60,26,36,74.167836
64,60,26,37,73.628676
64,60,26,38,72.798553
64,60,26,39,72.387311
64,60,26,40,71.578697
64,60,26,41,74.304522
64,60,26,42,71.565815
64,60,26,43,71.994738
64,60,26,44,73.279831
64,60,26,45,72.174958
64,60,26,46,71.424605
64,60,26,47,72.097717
64,60,26,48,73.217642
64,60,26,49,78.332027
64,60,26,50,72.927617
64,60,26,51,72.885716
64,60,26,52,71.263361
64,60,26,53,71.885664
64,60,26,54,73.307720
64,60,26,55,72.147301
64,60,26,56,73.791056
64,60,26,57,72.596376
64,60,26,58,72.313341
64,60,26,59,71.930136
64,60,26,60,72.060772
64,60,27,1,71.422985
64,60,27,2,74.867129
64,60,27,3,72.647707
64,60,27,4,71.740695
64,60,27,5,71.959628
64,60,27,6,71.436814
64,60,27,7,72.825274
64,60,27,8,73.853689
64,60,27,9,72.823413
64,60,27,10,71.143367
64,60,27,11,74.452044
64,60,27,12,72.666818
64,60,27,13,71.676695
64,60,27,14,73.451643
64,60,27,15,72.120905
64,60,27,16,71.836529
64,60,27,17,72.003531
64,60,27,18,71.108730
64,60,27,19,72.078622
64,60,27,20,72.004239
64,60,27,21,72.264018
64,60,27,22,71.720095
64,60,27,23,73.429201
64,60,27,24,72.597425
64,60,27,25,72.216263
64,60,27,26,72.331974
64,60,27,27,74.162198
64,60,27,28,75.503910
64,60,27,29,71.630456
64,60,27,30,71.328175
64,60,27,31,72.901762
64,60,27,32,71.955457
64,60,27,33,72.911949
64,60,27,34,71.072797
64,60,27,35,72.572440
64,60,27,36,71.138403
64,60,27,37,77.087370
64,60,27,38,72.176831
64,60,27,39,72.812524
64,60,27,40,73.400222
64,60,27,41,72.591745
64,60,27,42,72.312555
64,60,27,43,72.515332
64,60,27,44,72.321029
64,60,27,45,73.024925
64,60,27,46,71.946275
64,60,27,47,71.080163
64,60,27,48,71.107774
64,60,27,49,71.773605
64,60,27,50,72.882476
64,60,27,51,73.177848
64,60,27,52,72.863340
64,60,27,53,72.997263
64,60,27,54,76.646768
64,60,27,55,72.725247
64,60,27,56,72.327422
64,60,27,57,71.570394
64,60,27,58,72.341326
64,60,27,59,74.124913
64,60,27,60,71.344559
64,60,28,1,72.962606
64,60,28,2,78.819623
64,60,28,3,72.786691
64,60,28,4,73.224091
64,60,28,5,74.098215
64,60,28,6,72.704216
64,60,28,7,72.883084
64,60,28,8,71.613895
64,60,28,9,71.457741
64,60,28,10,72.087570
64,60,28,11,72.875943
64,60,28,12,73.994398
64,60,28,13,72.251376
64,60,28,14,71.141505
64,60,28,15,71.886793
64,60,28,16,72.388787
64,60,28,17,72.965167
64,60,28,18,72.309552
64,60,28,19,72.392928
64,60,28,20,71.871847
64,60,28,21,72.987843
64,60,28,22,72.275993
64,60,28,23,72.394414
64,60,28,24,71.846023
64,60,28,25,73.958688
64,60,28,26,70.023437
64,60,28,27,71.719103
64,60,28,28,72.855294
64,60,28,29,73.066372
64,60,28,30,73.404248
64,60,28,31,72.211948
64,60,28,32,72.618505
64,60,28,33,75.387955
64,60,28,34,72.339770
64,60,28,35,72.611019
64,60,28,36,71.976302
64,60,28,37,72.899966
64,60,28,38,70.593130
64,60,28,39,71.364544
64,60,28,40,73.901878
64,60,28,41,72.038447
64,60,28,42,72.593627
64,60,28,43,72.344510
64,60,28,44,74.403017
64,60,28,45,72.453226
64,60,28,46,73.607049
64,60,28,47,72.206750
64,60,28,48,72.518290
64,60,28,49,73.373635
64,60,28,50,72.147134
64,60,28,51,73.722295
64,60,28,52,74.250070
64,60,28,53,74.354919
64,60,28,54,72.609652
64,60,28,55,73.478010
64,60,28,56,72.932866
64,60,28,57,78.058896
64,60,28,58,84.465420
64,60,28,59,72.851393
64,60,28,60,71.226639
64,60,29,1,73.282498
64,60,29,2,70.616361
64,60,29,3,70.774345
64,60,29,4,73.210248
64,60,29,5,71.725634
64,60,29,6,73.685031
64,60,29,7,73.161020
64,60,29,8,73.729865
64,60,29,9,72.414630
64,60,29,10,72.353321
64,60,29,11,72.347075
64,60,29,12,71.454085
64,60,29,13,72.636513
64,60,29,14,72.252461
64,60,29,15,71.796697
64,60,29,16,74.164029
64,60,29,17,72.873353
64,60,29,18,72.761242
64,60,29,19,73.284423
64,60,29,20,73.716709
64,60,29,21,72.447342
64,60,29,22,72.378365
64,60,29,23,72.277150
64,60,29,24,72.823954
64,60,29,25,73.816216
64,60,29,26,71.013319
64,60,29,27,73.082854
64,60,29,28,73.743740
64,60,29,29,72.864706
64,60,29,30,71.698436
64,60,29,31,73.069132
64,60,29,32,75.106903
64,60,29,33,72.177732
64,60,29,34,72.672538
64,60,29,35,74.315214
64,60,29,36,72.673589
64,60,29,37,74.735432
64,60,29,38,74.674324
64,60,29,39,72.694292
64,60,29,40,72.416129
64,60,29,41,71.511320
64,60,29,42,75.782780
64,60,29,43,74.610311
64,60,29,44,72.873602
64,60,29,45,78.206393
64,60,29,46,74.221159
64,60,29,47,72.343298
64,60,29,48,71.323517
64,60,29,49,71.531580
64,60,29,50,73.272686
64,60,29,51,71.701673
64,60,29,52,73.238287
64,60,29,53,73.244958
64,60,29,54,72.660540
64,60,29,55,73.518514
64,60,29,56,72.833645
64,60,29,57,74.798809
64,60,29,58,72.910160
64,60,29,59,72.738845
64,60,29,60,73.632299
64,60,30,1,73.260035
64,60,30,2,73.202768
64,60,30,3,71.893978
64,60,30,4,71.803988
64,60,30,5,71.358174
64,60,30,6,71.070261
64,60,30,7,71.097316
64,60,30,8,74.195718
64,60,30,9,71.783868
64,60,30,10,74.201140
64,60,30,11,73.249300
64,60,30,12,73.561231
64,60,30,13,73.661461
64,60,30,14,72.202118
64,60,30,15,73.301996
64,60,30,16,73.844059
64,60,30,17,72.957634
64,60,30,18,72.921616
64,60,30,19,73.092655
64,60,30,20,72.580059
64,60,30,21,73.689331
64,60,30,22,73.959407
64,60,30,23,75.421053
64,60,30,24,73.548101
64,60,30,25,72.658185
64,60,30,26,72.511543
64,60,30,27,73.821534
64,60,30,28,72.806634
64,60,30,29,73.261548
64,60,30,30,72.387658
64,60,30,31,73.372475
64,60,30,32,73.206030
64,60,30,33,74.713939
64,60,30,34,74.205747
64,60,30,35,73.082211
64,60,30,36,73.663129
64,60,30,37,73.147326
64,60,30,38,72.122425
64,60,30,39,73.147509
64,60,30,40,72.249233
64,60,30,41,72.031458
64,60,30,42,79.080957
64,60,30,43,72.632127
64,60,30,44,72.123526
64,60,30,45,71.818380
64,60,30,46,72.981786
64,60,30,47,72.224105
64,60,30,48,74.383054
64,60,30,49,74.321532
64,60,30,50,71.935081
64,60,30,51,70.329385
64,60,30,52,73.432462
64,60,30,53,73.061363
64,60,30,54,71.648656
64,60,30,55,70.955104
64,60,30,56,70.996009
64,60,30,57,72.603415
64,60,30,58,71.908908
64,60,30,59,73.472313
64,60,30,60,71.882110
64,60,31,1,74.481659
64,60,31,2,73.637931
64,60,31,3,73.826466
64,60,31,4,71.423761
64,60,31,5,72.615803
64,60,31,6,72.059935
64,60,31,7,72.405398
64,60,31,8,73.252771
64,60,31,9,72.366758
64,60,31,10,72.738268
64,60,31,11,73.221640
64,60,31,12,72.704163
64,60,31,13,74.758995
64,60,31,14,72.506794
64,60,31,15,75.091337
64,60,31,16,71.839732
64,60,31,17,72.029913
64,60,31,18,72.134017
64,60,31,19,72.543417
64,60,31,20,71.950294
64,60,31,21,72.235827
64,60,31,22,72.077899
64,60,31,23,74.024271
64,60,31,24,73.437214
64,60,31,25,73.363057
64,60,31,26,73.390534
64,60,31,27,74.786899
64,60,31,28,71.726916
64,60,31,29,71.389056
64,60,31,30,72.578831
64,60,31,31,72.164103
64,60,31,32,72.430809
64,60,31,33,72.028348
64,60,31,34,72.295877
64,60,31,35,71.541813
64,60,31,36,72.461314
64,60,31,37,71.828972
64,60,31,38,73.197658
64,60,31,39,72.722693
64,60,31,40,71.687254
64,60,31,41,71.493316
64,60,31,42,72.920305
64,60,31,43,72.191908
64,60,31,44,71.820846
64,60,31,45,73.052218
64,60,31,46,74.558346
64,60,31,47,75.470562
64,60,31,48,73.450346
64,60,31,49,74.419017
64,60,31,50,73.686622
64,60,31,51,76.048224
64,60,31,52,71.437048
64,60,31,53,70.917513
64,60,31,54,74.259733
64,60,31,55,72.504603
64,60,31,56,72.899038
64,60,31,57,72.101861
64,60,31,58,71.195724
64,60,31,59,72.607254
64,60,31,60,71.446019
64,60,32,1,72.863049
64,60,32,2,73.347169
64,60,32,3,73.036060
64,60,32,4,72.214814
64,60,32,5,72.565349
64,60,32,6,73.999469
64,60,32,7,72.651200
64,60,32,8,72.230310
64,60,32,9,72.181248
64,60,32,10,72.507420
64,60,32,11,71.475107
64,60,32,12,71.372334
64,60,32,13,74.305109
64,60,32,14,73.938629
64,60,32,15,73.846308
64,60,32,16,72.950692
64,60,32,17,74.428508
64,60,32,18,71.849766
64,60,32,19,71.549207
64,60,32,20,74.148480
64,60,32,21,72.805171
64,60,32,22,72.066756
64,60,32,23,73.403682
64,60,32,24,74.024393
64,60,32,25,72.351360
64,60,32,26,72.465422
64,60,32,27,72.132405
64,60,32,28,72.961569
64,60,32,29,72.975772
64,60,32,30,73.117888
64,60,32,31,73.363338
64,60,32,32,74.356396
64,60,32,33,71.587485
64,60,32,34,72.480371
64,60,32,35,73.053184
64,60,32,36,72.486865
64,60,32,37,71.962166
64,60,32,38,73.214639
64,60,32,39,73.131350
64,60,32,40,74.094489
64,60,32,41,73.269537
64,60,32,42,73.532593
64,60,32,43,74.709043
64,60,32,44,73.817807
64,60,32,45,72.608709
64,60,32,46,71.813259
64,60,32,47,72.466381
64,60,32,48,73.091148
64,60,32,49,72.673028
64,60,32,50,72.715854
64,60,32,51,79.198037
64,60,32,52,73.204827
64,60,32,53,70.955671
64,60,32,54,73.032829
64,60,32,55,72.624998
64,60,32,56,72.355524
64,60,32,57,72.853866
64,60,32,58,73.378380
64,60,32,59,71.683259
64,60,32,60,71.751935
64,60,33,1,73.638636
64,60,33,2,72.111105
64,60,33,3,73.484988
64,60,33,4,75.230427
64,60,33,5,71.045171
64,60,33,6,73.336613
64,60,33,7,73.616654
64,60,33,8,73.396398
64,60,33,9,72.548904
64,60,33,10,72.475571
64,60,33,11,73.264084
64,60,33,12,72.590567
64,60,33,13,72.750410
64,60,33,14,71.638753
64,60,33,15,71.658139
64,60,33,16,72.558735
64,60,33,17,71.271523
64,60,33,18,72.581552
64,60,33,19,77.907189
64,60,33,20,72.575712
64,60,33,21,72.013966
64,60,33,22,73.148970
64,60,33,23,71.752067
64,60,33,24,73.310866
64,60,33,25,72.022341
64,60,33,26,73.120682
64,60,33,27,71.558950
64,60,33,28,72.418625
64,60,33,29,71.498457
64,60,33,30,71.770309
64,60,33,31,74.288600
64,60,33,32,72.238192
64,60,33,33,72.734754
64,60,33,34,73.293849
64,60,33,35,73.169378
64,60,33,36,72.077685
64,60,33,37,72.835873
64,60,33,38,73.538083
64,60,33,39,72.462105
64,60,33,40,72.658036
64,60,33,41,71.780529
64,60,33,42,72.594402
64,60,33,43,72.295673
64,60,33,44,72.884645
64,60,33,45,74.298703
64,60,33,46,73.498193
64,60,33,47,73.271861
64,60,33,48,71.721694
64,60,33,49,73.324374
64,60,33,50,73.678781
64,60,33,51,72.786165
64,60,33,52,71.571504
64,60,33,53,72.798728
64,60,33,54,73.138895
64,60,33,55,78.977217
64,60,33,56,74.641964
64,60,33,57,73.898263
64,60,33,58,72.318975
64,60,33,59,73.537096
64,60,33,60,73.792593
64,60,34,1,74.093749
64,60,34,2,72.425293
64,60,34,3,71.562529
64,60,34,4,71.924616
64,60,34,5,71.849912
64,60,34,6,70.513001
64,60,34,7,72.233934
64,60,34,8,71.854012
64,60,34,9,72.622057
64,60,34,10,74.945562
64,60,34,11,72.240837
64,60,34,12,72.359005
64,60,34,13,73.338600
64,60,34,14,73.427478
64,60,34,15,73.971280
64,60,34,16,71.791524
64,60,34,17,72.001712
64,60,34,18,72.013883
64,60,34,19,71.357056
64,60,34,20,73.387379
64,60,34,21,73.814078
64,60,34,22,73.689352
64,60,34,23,72.801615
64,60,34,24,72.478368
64,60,34,25,73.250964
64,60,34,26,73.014341
64,60,34,27,71.758371
64,60,34,28,73.208210
64,60,34,29,73.410818
64,60,34,30,72.076711
64,60,34,31,73.198184
64,60,34,32,72.559543
64,60,34,33,73.667692
64,60,34,34,72.166098
64,60,34,35,73.906453
64,60,34,36,74.495052
64,60,34,37,74.431683
64,60,34,38,73.292972
64,60,34,39,73.201121
64,60,34,40,73.888883
64,60,34,41,75.565740
64,60,34,42,71.597308
64,60,34,43,73.357770
64,60,34,44,73.645599
64,60,34,45,74.982759
64,60,34,46,73.876394
64,60,34,47,72.356962
64,60,34,48,78.586736
64,60,34,49,73.262687
64,60,34,50,73.071456
64,60,34,51,71.343840
64,60,34,52,73.325795
64,60,34,53,71.736926
64,60,34,54,72.155249
64,60,34,55,72.216042
64,60,34,56,71.651672
64,60,34,57,72.297841
64,60,34,58,72.881866
64,60,34,59,73.375598
64,60,34,60,80.257063
64,60,35,1,74.300550
64,60,35,2,72.366314
64,60,35,3,73.407139
64,60,35,4,72.173257
64,60,35,5,73.345856
64,60,35,6,71.983476
64,60,35,7,73.162888
64,60,35,8,72.714755
64,60,35,9,73.005574
64,60,35,10,71.874661
64,60,35,11,72.446037
64,60,35,12,72.033466
64,60,35,13,74.708749
64,60,35,14,75.707409
64,60,35,15,73.394009
64,60,35,16,72.912426
64,60,35,17,74.702727
64,60,35,18,71.560638
64,60,35,19,71.754135
64,60,35,20,72.989474
64,60,35,21,71.957654
64,60,35,22,72.825388
64,60,35,23,77.442548
64,60,35,24,72.898909
64,60,35,25,74.631228
64,60,35,26,74.178796
64,60,35,27,71.975195
64,60,35,28,73.731215
64,60,35,29,73.169160
64,60,35,30,72.444942
64,60,35,31,72.426407
64,60,35,32,73.230007
64,60,35,33,73.506825
64,60,35,34,74.376804
64,60,35,35,75.786637
64,60,35,36,71.866370
64,60,35,37,72.045037
64,60,35,38,74.313033
64,60,35,39,72.571208
64,60,35,40,72.058465
64,60,35,41,73.500692
64,60,35,42,72.729466
64,60,35,43,73.435712
64,60,35,44,73.103883
64,60,35,45,73.727473
64,60,35,46,73.026637
64,60,35,47,73.087543
64,60,35,48,72.739186
64,60,35,49,72.063239
64,60,35,50,74.099939
64,60,35,51,74.013771
64,60,35,52,72.222806
64,60,35,53,73.659865
64,60,35,54,73.248894
64,60,35,55,71.884192
64,60,35,56,72.220159
64,60,35,57,72.505203
64,60,35,58,72.950252
64,60,35,59,71.887771
64,60,35,60,72.490347
64,60,36,1,72.496591
64,60,36,2,72.352586
64,60,36,3,74.036492
64,60,36,4,83.136043
64,60,36,5,73.878504
64,60,36,6,73.824212
64,60,36,7,71.616397
64,60,36,8,72.240620
64,60,36,9,73.698511
64,60,36,10,72.540925
64,60,36,11,73.201854
64,60,36,12,71.929115
64,60,36,13,72.819863
64,60,36,14,73.259812
64,60,36,15,74.032815
64,60,36,16,72.497002
64,60,36,17,72.303770
64,60,36,18,72.423217
64,60,36,19,72.034495
64,60,36,20,71.915043
64,60,36,21,72.987485
64,60,36,22,71.473022
64,60,36,23,72.201710
64,60,36,24,74.502073
64,60,36,25,73.495512
64,60,36,26,73.775467
64,60,36,27,74.387785
64,60,36,28,74.665072
64,60,36,29,72.458522
64,60,36,30,72.434973
64,60,36,31,70.861253
64,60,36,32,71.801649
64,60,36,33,72.834049
64,60,36,34,71.760016
64,60,36,35,73.586252
64,60,36,36,71.986957
64,60,36,37,72.931405
64,60,36,38,71.841218
64,60,36,39,71.726280
64,60,36,40,74.597864
64,60,36,41,72.404486
64,60,36,42,71.911792
64,60,36,43,72.450396
64,60,36,44,73.050293
64,60,36,45,72.346352
64,60,36,46,73.156999
64,60,36,47,72.711579
64,60,36,48,71.632750
64,60,36,49,71.551092
64,60,36,50,73.382555
64,60,36,51,72.628370
64,60,36,52,74.790283
64,60,36,53,73.780106
64,60,36,54,74.732705
64,60,36,55,71.058653
64,60,36,56,73.399741
64,60,36,57,71.690285
64,60,36,58,71.411946
64,60,36,59,71.610635
64,60,36,60,73.083790
64,60,37,1,72.183559
64,60,37,2,72.406140
64,60,37,3,71.167114
64,60,37,4,72.754042
64,60,37,5,74.139456
64,60,37,6,73.477014
64,60,37,7,71.120896
64,60,37,8,72.883212
64,60,37,9,75.869287
64,60,37,10,73.105279
64,60,37,11,71.948833
64,60,37,12,71.304359
64,60,37,13,73.066831
64,60,37,14,71.794933
64,60,37,15,71.566002
64,60,37,16,73.512029
64,60,37,17,74.451606
64,60,37,18,75.108959
64,60,37,19,72.837062
64,60,37,20,71.940565
64,60,37,21,70.725044
64,60,37,22,71.039379
64,60,37,23,72.942548
64,60,37,24,72.008590
64,60,37,25,72.384092
64,60,37,26,73.378366
64,60,37,27,72.475260
64,60,37,28,71.044545
64,60,37,29,71.999672
64,60,37,30,74.431394
64,60,37,31,75.071424
64,60,37,32,78.238254
64,60,37,33,81.953753
64,60,37,34,72.494980
64,60,37,35,72.093307
64,60,37,36,71.987756
64,60,37,37,70.638630
64,60,37,38,73.607602
64,60,37,39,71.521866
64,60,37,40,72.905319
64,60,37,41,73.468629
64,60,37,42,72.859036
64,60,37,43,72.603268
64,60,37,44,72.712152
64,60,37,45,74.022644
64,60,37,46,72.495935
64,60,37,47,71.827648
64,60,37,48,73.670606
64,60,37,49,71.993264
64,60,37,50,71.747803
64,60,37,51,72.265572
64,60,37,52,74.496673
64,60,37,53,71.152525
64,60,37,54,71.692429
64,60,37,55,73.409392
64,60,37,56,72.290886
64,60,37,57,71.528048
64,60,37,58,72.570046
64,60,37,59,71.616695
64,60,37,60,70.340369
64,60,38,1,73.247872
64,60,38,2,71.594267
64,60,38,3,71.593218
64,60,38,4,70.919474
64,60,38,5,70.246226
64,60,38,6,73.524819
64,60,38,7,73.045086
64,60,38,8,71.694123
64,60,38,9,74.340037
64,60,38,10,71.369941
64,60,38,11,72.759065
64,60,38,12,72.350972
64,60,38,13,74.375553
64,60,38,14,71.958865
64,60,38,15,72.540329
64,60,38,16,70.770989
64,60,38,17,70.916624
64,60,38,18,74.320332
64,60,38,19,73.140707
64,60,38,20,71.983999
64,60,38,21,72.406631
64,60,38,22,72.911214
64,60,38,23,72.296243
64,60,38,24,72.420161
64,60,38,25,73.095190
64,60,38,26,72.261241
64,60,38,27,71.353677
64,60,38,28,72.582651
64,60,38,29,72.805200
64,60,38,30,70.484649
64,60,38,31,70.797885
64,60,38,32,72.635010
64,60,38,33,74.781935
64,60,38,34,74.155726
64,60,38,35,74.415320
64,60,38,36,72.549656
64,60,38,37,71.860792
64,60,38,38,72.234737
64,60,38,39,71.797736
64,60,38,40,70.642829
64,60,38,41,71.312298
64,60,38,42,70.842899
64,60,38,43,70.872428
64,60,38,44,73.396462
64,60,38,45,72.706543
64,60,38,46,72.019792
64,60,38,47,73.554672
64,60,38,48,72.493016
64,60,38,49,72.269313
64,60,38,50,72.489220
64,60,38,51,71.246157
64,60,38,52,73.001404
64,60,38,53,71.784489
64,60,38,54,75.808324
64,60,38,55,71.464774
64,60,38,56,72.845655
64,60,38,57,73.645760
64,60,38,58,71.696273
64,60,38,59,72.762357
64,60,38,60,72.362181
64,60,39,1,72.073717
64,60,39,2,72.975414
64,60,39,3,70.532542
64,60,39,4,71.153746
64,60,39,5,72.110699
64,60,39,6,72.682521
64,60,39,7,71.713758
64,60,39,8,71.165997
64,60,39,9,72.084972
64,60,39,10,72.047998
64,60,39,11,72.705924
64,60,39,12,72.451546
64,60,39,13,79.169800
64,60,39,14,71.587881
64,60,39,15,73.040616
64,60,39,16,71.625123
64,60,39,17,73.073483
64,60,39,18,77.711569
64,60,39,19,72.810677
64,60,39,20,72.009698
64,60,39,21,72.791931
64,60,39,22,72.506909
64,60,39,23,72.778643
64,60,39,24,71.790175
64,60,39,25,78.690029
64,60,39,26,73.929985
64,60,39,27,73.986200
64,60,39,28,72.682577
64,60,39,29,71.014714
64,60,39,30,70.804527
64,60,39,31,73.066880
64,60,39,32,72.628146
64,60,39,33,71.797966
64,60,39,34,71.406141
64,60,39,35,70.979688
64,60,39,36,75.134252
64,60,39,37,72.466208
64,60,39,38,72.303670
64,60,39,39,72.778519
64,60,39,40,73.404817
64,60,39,41,71.750143
64,60,39,42,72.676072
64,60,39,43,74.252045
64,60,39,44,71.690926
64,60,39,45,71.728274
64,60,39,46,72.222869
64,60,39,47,74.993064
64,60,39,48,73.169758
64,60,39,49,71.342265
64,60,39,50,70.486181
64,60,39,51,73.693175
64,60,39,52,72.163932
64,60,39,53,71.705087
64,60,39,54,72.689128
64,60,39,55,72.470606
64,60,39,56,74.245794
64,60,39,57,71.933856
64,60,39,58,72.262164
64,60,39,59,72.094848
64,60,39,60,71.927647
64,60,40,1,73.685631
64,60,40,2,74.195194
64,60,40,3,73.365796
64,60,40,4,72.461641
64,60,40,5,72.292109
64,60,40,6,74.126789
64,60,40,7,71.572844
64,60,40,8,71.991230
64,60,40,9,71.322360
64,60,40,10,74.584117
64,60,40,11,72.396779
64,60,40,12,71.938048
64,60,40,13,70.923692
64,60,40,14,72.436600
64,60,40,15,76.785037
64,60,40,16,72.372447
64,60,40,17,76.130604
64,60,40,18,72.218260
64,60,40,19,72.064626
64,60,40,20,71.632485
64,60,40,21,70.951574
64,60,40,22,72.394819
64,60,40,23,76.206525
64,60,40,24,72.388766
64,60,40,25,71.674848
64,60,40,26,70.826590
64,60,40,27,70.673827
64,60,40,28,76.084247
64,60,40,29,74.410718
64,60,40,30,73.475680
64,60,40,31,71.431342
64,60,40,32,70.034767
64,60,40,33,70.346543
64,60,40,34,72.449980
64,60,40,35,72.048858
64,60,40,36,74.238801
64,60,40,37,72.680720
64,60,40,38,75.216422
64,60,40,39,72.234073
64,60,40,40,72.169457
64,60,40,41,73.358019
64,60,40,42,71.942917
64,60,40,43,72.797194
64,60,40,44,72.010070
64,60,40,45,71.186199
64,60,40,46,70.103024
64,60,40,47,73.140676
64,60,40,48,71.642485
64,60,40,49,70.533994
64,60,40,50,70.755196
64,60,40,51,72.105997
64,60,40,52,70.458099
64,60,40,53,73.547225
64,60,40,54,75.581729
64,60,40,55,71.725896
64,60,40,56,70.823734
64,60,40,57,71.820313
64,60,40,58,76.420774
64,60,40,59,72.067323
64,60,40,60,71.723407
64,60,41,1,72.634113
64,60,41,2,73.438035
64,60,41,3,72.052754
64,60,41,4,70.753879
64,60,41,5,71.331496
64,60,41,6,74.233376
64,60,41,7,72.218906
64,60,41,8,72.399921
64,60,41,9,72.747564
64,60,41,10,76.577693
64,60,41,11,70.838040
64,60,41,12,70.219290
64,60,41,13,71.963789
64,60,41,14,71.907064
64,60,41,15,72.876311
64,60,41,16,72.171471
64,60,41,17,71.924182
64,60,41,18,71.315812
64,60,41,19,73.286421
64,60,41,20,72.886202
64,60,41,21,70.778594
64,60,41,22,76.648039
64,60,41,23,70.959559
64,60,41,24,70.675501
64,60,41,25,73.465209
64,60,41,26,73.953329
64,60,41,27,72.055840
64,60,41,28,78.127649
64,60,41,29,73.813573
64,60,41,30,72.320188
64,60,41,31,73.127655
64,60,41,32,75.197012
64,60,41,33,72.841246
64,60,41,34,72.221852
64,60,41,35,73.491475
64,60,41,36,71.546531
64,60,41,37,70.769246
64,60,41,38,73.645502
64,60,41,39,73.012705
64,60,41,40,71.898494
64,60,41,41,71.786522
64,60,41,42,71.697323
64,60,41,43,73.245313
64,60,41,44,72.251536
64,60,41,45,73.856743
64,60,41,46,73.135273
64,60,41,47,72.466395
64,60,41,48,72.408948
64,60,41,49,72.178172
64,60,41,50,72.727897
64,60,41,51,72.661723
64,60,41,52,72.598122
64,60,41,53,72.467810
64,60,41,54,71.945068
64,60,41,55,71.488478
64,60,41,56,73.401072
64,60,41,57,74.000346
64,60,41,58,72.663349
64,60,41,59,71.627457
64,60,41,60,74.488594
64,60,42,1,72.995577
64,60,42,2,72.502471
64,60,42,3,73.075402
64,60,42,4,72.859710
64,60,42,5,72.648756
64,60,42,6,72.009267
64,60,42,7,73.401216
64,60,42,8,72.967423
64,60,42,9,73.589137
64,60,42,10,74.309746
64,60,42,11,73.102538
64,60,42,12,75.402588
64,60,42,13,71.634696
64,60,42,14,71.114277
64,60,42,15,72.083338
64,60,42,16,71.431656
64,60,42,17,71.961081
64,60,42,18,71.480559
64,60,42,19,74.034936
64,60,42,20,72.743578
64,60,42,21,73.578829
64,60,42,22,74.628259
64,60,42,23,73.019876
64,60,42,24,72.959855
64,60,42,25,71.810183
64,60,42,26,72.190546
64,60,42,27,74.467310
64,60,42,28,72.596698
64,60,42,29,73.667393
64,60,42,30,72.883231
64,60,42,31,72.284406
64,60,42,32,76.169600
64,60,42,33,73.524859
64,60,42,34,73.069464
64,60,42,35,74.437572
64,60,42,36,73.115156
64,60,42,37,72.190486
64,60,42,38,71.809843
64,60,42,39,72.715404
64,60,42,40,72.432484
64,60,42,41,73.154585
64,60,42,42,72.107600
64,60,42,43,71.443004
64,60,42,44,73.012604
64,60,42,45,73.078607
64,60,42,46,70.813728
64,60,42,47,73.501996
64,60,42,48,73.008070
64,60,42,49,71.773771
64,60,42,50,72.048180
64,60,42,51,71.253643
64,60,42,52,72.622804
64,60,42,53,73.766771
64,60,42,54,71.539804
64,60,42,55,71.592290
64,60,42,56,71.059539
64,60,42,57,71.875266
64,60,42,58,72.769128
64,60,42,59,72.419247
64,60,42,60,74.590581
64,60,43,1,72.850864
64,60,43,2,71.831172
64,60,43,3,71.671275
64,60,43,4,71.711583
64,60,43,5,70.845884
64,60,43,6,71.026209
64,60,43,7,71.070696
64,60,43,8,72.853544
64,60,43,9,73.024153
64,60,43,10,73.041557
64,60,43,11,72.633496
64,60,43,12,72.552311
64,60,43,13,73.234569
64,60,43,14,73.123637
64,60,43,15,73.280364
64,60,43,16,71.558373
64,60,43,17,72.206406
64,60,43,18,72.271182
64,60,43,19,73.491048
64,60,43,20,73.091842
64,60,43,21,72.627243
64,60,43,22,71.833089
64,60,43,23,72.493052
64,60,43,24,71.807150
64,60,43,25,74.990670
64,60,43,26,72.027316
64,60,43,27,71.849422
64,60,43,28,73.960119
64,60,43,29,73.951410
64,60,43,30,72.925033
64,60,43,31,72.301173
64,60,43,32,71.649064
64,60,43,33,71.800155
64,60,43,34,72.240763
64,60,43,35,71.469860
64,60,43,36,71.431001
64,60,43,37,75.804746
64,60,43,38,75.098042
64,60,43,39,85.687201
64,60,43,40,72.782975
64,60,43,41,73.032096
64,60,43,42,71.368240
64,60,43,43,71.379308
64,60,43,44,73.685383
64,60,43,45,72.928172
64,60,43,46,72.122198
64,60,43,47,71.270324
64,60,43,48,71.114122
64,60,43,49,73.262677
64,60,43,50,73.606761
64,60,43,51,72.671125
64,60,43,52,72.896186
64,60,43,53,72.642433
64,60,43,54,72.308289
64,60,43,55,73.880157
64,60,43,56,71.812765
64,60,43,57,72.134130
64,60,43,58,71.299733
64,60,43,59,71.656291
64,60,43,60,71.993952
64,60,44,1,73.871081
64,60,44,2,73.433331
64,60,44,3,72.371155
64,60,44,4,73.093467
64,60,44,5,72.795770
64,60,44,6,71.910986
64,60,44,7,72.321033
64,60,44,8,71.567748
64,60,44,9,76.021850
64,60,44,10,74.104090
64,60,44,11,72.548914
64,60,44,12,73.000183
64,60,44,13,72.246673
64,60,44,14,69.861406
64,60,44,15,75.159370
64,60,44,16,74.304058
64,60,44,17,73.473794
64,60,44,18,72.177795
64,60,44,19,70.683296
64,60,44,20,72.409491
64,60,44,21,72.573995
64,60,44,22,71.334129
64,60,44,23,73.964856
64,60,44,24,72.166121
64,60,44,25,72.521040
64,60,44,26,71.289424
64,60,44,27,71.824838
64,60,44,28,73.300808
64,60,44,29,74.107967
64,60,44,30,72.417355
64,60,44,31,73.895088
64,60,44,32,71.902547
64,60,44,33,71.471909
64,60,44,34,71.234905
64,60,44,35,73.447590
64,60,44,36,73.223690
64,60,44,37,74.315014
64,60,44,38,71.580045
64,60,44,39,71.957770
64,60,44,40,75.430797
64,60,44,41,74.584958
64,60,44,42,79.092028
64,60,44,43,71.998544
64,60,44,44,70.783833
64,60,44,45,72.567636
64,60,44,46,71.790322
64,60,44,47,73.493633
64,60,44,48,70.833651
64,60,44,49,71.813356
64,60,44,50,70.570675
64,60,44,51,72.210729
64,60,44,52,71.436569
64,60,44,53,73.143128
64,60,44,54,73.605398
64,60,44,55,72.668194
64,60,44,56,71.421498
64,60,44,57,70.958174
64,60,44,58,72.685651
64,60,44,59,73.461345
64,60,44,60,71.640325
64,60,45,1,73.701146
64,60,45,2,72.918897
64,60,45,3,72.300884
64,60,45,4,72.674314
64,60,45,5,72.632641
64,60,45,6,73.929879
64,60,45,7,73.600854
64,60,45,8,73.273784
64,60,45,9,71.918895
64,60,45,10,71.075424
64,60,45,11,72.590705
64,60,45,12,72.792139
64,60,45,13,74.498412
64,60,45,14,71.628090
64,60,45,15,72.639281
64,60,45,16,72.161918
64,60,45,17,73.231600
64,60,45,18,73.543374
64,60,45,19,78.276283
64,60,45,20,72.800269
64,60,45,21,72.374016
64,60,45,22,72.913697
64,60,45,23,73.352058
64,60,45,24,72.772126
64,60,45,25,71.942937
64,60,45,26,71.918690
64,60,45,27,73.700198
64,60,45,28,74.352836
64,60,45,29,73.029064
64,60,45,30,73.470520
64,60,45,31,73.539976
64,60,45,32,73.567378
64,60,45,33,72.645910
64,60,45,34,73.193357
64,60,45,35,72.024499
64,60,45,36,71.108404
64,60,45,37,71.358231
64,60,45,38,72.448108
64,60,45,39,77.266285
64,60,45,40,72.456387
64,60,45,41,74.607651
64,60,45,42,74.325295
64,60,45,43,72.189036
64,60,45,44,73.259639
64,60,45,45,73.119124
64,60,45,46,71.356566
64,60,45,47,74.082556
64,60,45,48,73.015711
64,60,45,49,72.785497
64,60,45,50,72.050093
64,60,45,51,77.405911
64,60,45,52,71.942750
64,60,45,53,71.146293
64,60,45,54,74.542835
64,60,45,55,72.422478
64,60,45,56,73.466231
64,60,45,57,74.415035
64,60,45,58,72.483959
64,60,45,59,71.532418
64,60,45,60,71.079026
64,60,46,1,73.504489
64,60,46,2,72.217875
64,60,46,3,72.748046
64,60,46,4,74.427196
64,60,46,5,71.252492
64,60,46,6,73.184694
64,60,46,7,73.518924
64,60,46,8,72.012806
64,60,46,9,73.167926
64,60,46,10,74.898023
64,60,46,11,73.158666
64,60,46,12,72.567564
64,60,46,13,72.841975
64,60,46,14,72.752038
64,60,46,15,72.280741
64,60,46,16,71.424361
64,60,46,17,71.941722
64,60,46,18,72.027326
64,60,46,19,71.866085
64,60,46,20,73.898956
64,60,46,21,73.160683
64,60,46,22,78.956300
64,60,46,23,75.820537
64,60,46,24,72.476208
64,60,46,25,71.833682
64,60,46,26,72.502219
64,60,46,27,72.044146
64,60,46,28,72.495855
64,60,46,29,76.533091
64,60,46,30,72.621571
64,60,46,31,72.684879
64,60,46,32,75.488191
64,60,46,33,72.435826
64,60,46,34,73.295552
64,60,46,35,73.858898
64,60,46,36,72.656204
64,60,46,37,72.842789
64,60,46,38,72.518391
64,60,46,39,70.207938
64,60,46,40,71.698299
64,60,46,41,72.843122
64,60,46,42,72.099375
64,60,46,43,72.718037
64,60,46,44,70.608405
64,60,46,45,74.187491
64,60,46,46,73.563375
64,60,46,47,73.554919
64,60,46,48,77.565075
64,60,46,49,72.855300
64,60,46,50,72.782069
64,60,46,51,76.630614
64,60,46,52,71.957012
64,60,46,53,73.114835
64,60,46,54,72.109859
64,60,46,55,71.896327
64,60,46,56,72.982045
64,60,46,57,72.555891
64,60,46,58,73.280624
64,60,46,59,73.532185
64,60,46,60,72.045284
64,60,47,1,73.502510
64,60,47,2,72.531069
64,60,47,3,72.076759
64,60,47,4,71.842491
64,60,47,5,71.661575
64,60,47,6,72.520170
64,60,47,7,72.861921
64,60,47,8,71.518181
64,60,47,9,70.547458
64,60,47,10,72.455684
64,60,47,11,75.242453
64,60,47,12,72.649734
64,60,47,13,73.375126
64,60,47,14,72.096755
64,60,47,15,70.868918
64,60,47,16,70.593714
64,60,47,17,72.805538
64,60,47,18,71.393464
64,60,47,19,73.083153
64,60,47,20,73.036312
64,60,47,21,71.973135
64,60,47,22,75.387161
64,60,47,23,73.474915
64,60,47,24,74.127737
64,60,47,25,75.855203
64,60,47,26,73.578394
64,60,47,27,72.404130
64,60,47,28,72.419485
64,60,47,29,72.608734
64,60,47,30,72.126789
64,60,47,31,72.183499
64,60,47,32,73.008464
64,60,47,33,71.306022
64,60,47,34,71.294239
64,60,47,35,73.141966
64,60,47,36,76.857482
64,60,47,37,74.237107
64,60,47,38,74.792848
64,60,47,39,72.256298
64,60,47,40,70.698261
64,60,47,41,73.299655
64,60,47,42,71.806603
64,60,47,43,71.827749
64,60,47,44,71.895022
64,60,47,45,72.800851
64,60,47,46,71.825457
64,60,47,47,71.821854
64,60,47,48,73.839477
64,60,47,49,74.379153
64,60,47,50,74.549590
64,60,47,51,73.817764
64,60,47,52,72.169647
64,60,47,53,74.199278
64,60,47,54,72.640984
64,60,47,55,72.729260
64,60,47,56,76.382073
64,60,47,57,71.971147
64,60,47,58,72.463938
64,60,47,59,71.833103
64,60,47,60,72.320655
64,60,48,1,73.361637
64,60,48,2,73.285924
64,60,48,3,76.989281
64,60,48,4,72.904820
64,60,48,5,72.793645
64,60,48,6,72.609063
64,60,48,7,71.622934
64,60,48,8,72.682325
64,60,48,9,73.045969
64,60,48,10,72.466082
64,60,48,11,72.122645
64,60,48,12,72.855178
64,60,48,13,74.769081
64,60,48,14,71.878185
64,60,48,15,72.700919
64,60,48,16,71.666591
64,60,48,17,72.039181
64,60,48,18,72.792122
64,60,48,19,71.503293
64,60,48,20,72.473122
64,60,48,21,73.183351
64,60,48,22,72.805293
64,60,48,23,72.359287
64,60,48,24,73.709972
64,60,48,25,73.182086
64,60,48,26,71.906917
64,60,48,27,73.340316
64,60,48,28,71.007705
64,60,48,29,73.931135
64,60,48,30,72.345126
64,60,48,31,71.643835
64,60,48,32,72.591792
64,60,48,33,73.220695
64,60,48,34,73.247673
64,60,48,35,72.441900
64,60,48,36,72.312727
64,60,48,37,71.719213
64,60,48,38,71.849550
64,60,48,39,72.221759
64,60,48,40,72.388246
64,60,48,41,72.723200
64,60,48,42,72.741414
64,60,48,43,72.870853
64,60,48,44,72.938866
64,60,48,45,73.546184
64,60,48,46,72.234196
64,60,48,47,72.297536
64,60,48,48,73.044909
64,60,48,49,73.183125
64,60,48,50,72.913934
64,60,48,51,73.249332
64,60,48,52,72.435192
64,60,48,53,74.343314
64,60,48,54,74.877153
64,60,48,55,74.834515
64,60,48,56,72.398169
64,60,48,57,73.351237
64,60,48,58,73.529645
64,60,48,59,73.464957
64,60,48,60,73.748284
64,60,49,1,75.291755
64,60,49,2,72.688337
64,60,49,3,73.696500
64,60,49,4,74.196471
64,60,49,5,72.998139
64,60,49,6,73.041588
64,60,49,7,72.543183
64,60,49,8,72.549868
64,60,49,9,72.294080
64,60,49,10,72.426025
64,60,49,11,72.927905
64,60,49,12,72.501638
64,60,49,13,72.514414
64,60,49,14,73.608061
64,60,49,15,73.034719
64,60,49,16,71.594308
64,60,49,17,71.981203
64,60,49,18,74.095910
64,60,49,19,74.446704
64,60,49,20,72.590071
64,60,49,21,74.753367
64,60,49,22,71.485179
64,60,49,23,73.146659
64,60,49,24,73.022849
64,60,49,25,73.564056
64,60,49,26,72.983512
64,60,49,27,72.568592
64,60,49,28,72.625487
64,60,49,29,72.536423
64,60,49,30,73.969720
64,60,49,31,73.476219
64,60,49,32,74.693837
64,60,49,33,72.683750
64,60,49,34,72.466252
64,60,49,35,72.868781
64,60,49,36,72.363247
64,60,49,37,72.786982
64,60,49,38,71.532064
64,60,49,39,73.697809
64,60,49,40,73.047932
64,60,49,41,71.071301
64,60,49,42,72.971572
64,60,49,43,73.857775
64,60,49,44,74.548937
64,60,49,45,73.126594
64,60,49,46,72.881130
64,60,49,47,72.382307
64,60,49,48,73.033436
64,60,49,49,71.886274
64,60,49,50,73.264934
64,60,49,51,72.828385
64,60,49,52,71.628120
64,60,49,53,70.704871
64,60,49,54,74.704506
64,60,49,55,73.007040
64,60,49,56,74.847073
64,60,49,57,77.674651
64,60,49,58,74.463836
64,60,49,59,73.135154
64,60,49,60,72.634516
64,60,50,1,73.236907
64,60,50,2,72.574598
64,60,50,3,73.090463
64,60,50,4,73.118792
64,60,50,5,74.523143
64,60,50,6,73.710747
64,60,50,7,73.140369
64,60,50,8,72.207185
64,60,50,9,74.367475
64,60,50,10,72.607011
64,60,50,11,73.128056
64,60,50,12,74.656714
64,60,50,13,72.945471
64,60,50,14,72.336995
64,60,50,15,72.635475
64,60,50,16,72.029934
64,60,50,17,72.403676
64,60,50,18,72.507741
64,60,50,19,72.773566
64,60,50,20,72.861931
64,60,50,21,72.482210
64,60,50,22,74.145946
64,60,50,23,73.140616
64,60,50,24,72.822613
64,60,50,25,72.848355
64,60,50,26,72.919477
64,60,50,27,72.632603
64,60,50,28,73.220958
64,60,50,29,72.341076
64,60,50,30,72.690908
64,60,50,31,73.077421
64,60,50,32,72.992097
64,60,50,33,72.406385
64,60,50,34,73.463524
64,60,50,35,73.941897
64,60,50,36,72.738139
64,60,50,37,71.570069
64,60,50,38,74.217745
64,60,50,39,71.562135
64,60,50,40,74.663057
64,60,50,41,72.024431
64,60,50,42,72.625260
64,60,50,43,72.598606
64,60,50,44,72.871943
64,60,50,45,74.616313
64,60,50,46,75.009177
64,60,50,47,75.301152
64,60,50,48,73.347080
64,60,50,49,72.963341
64,60,50,50,73.146288
64,60,50,51,73.472646
64,60,50,52,73.247285
64,60,50,53,70.373480
64,60,50,54,71.601240
64,60,50,55,73.775569
64,60,50,56,72.977980
64,60,50,57,72.631685
64,60,50,58,72.931163
64,60,50,59,73.581419
64,60,50,60,74.072548
256,1,1,1,304.592977
256,1,2,1,301.818972
256,1,3,1,302.354502
256,1,4,1,299.614013
256,1,5,1,303.038645
256,1,6,1,303.448464
256,1,7,1,303.714180
256,1,8,1,306.974008
256,1,9,1,307.181130
256,1,10,1,304.518742
256,1,11,1,307.122778
256,1,12,1,304.633503
256,1,13,1,307.824805
256,1,14,1,306.427232
256,1,15,1,303.799537
256,1,16,1,302.127939
256,1,17,1,305.468351
256,1,18,1,299.079049
256,1,19,1,300.806695
256,1,20,1,310.240968
256,1,21,1,303.663751
256,1,22,1,297.874528
256,1,23,1,305.281021
256,1,24,1,299.191655
256,1,25,1,298.805631
256,1,26,1,301.111212
256,1,27,1,305.482136
256,1,28,1,303.171225
256,1,29,1,293.583661
256,1,30,1,296.337745
256,1,31,1,301.902986
256,1,32,1,303.123522
256,1,33,1,299.126212
256,1,34,1,301.268294
256,1,35,1,302.942971
256,1,36,1,308.611311
256,1,37,1,302.422758
256,1,38,1,297.743727
256,1,39,1,301.533502
256,1,40,1,298.542658
256,1,41,1,308.464556
256,1,42,1,305.018184
256,1,43,1,305.146356
256,1,44,1,305.188306
256,1,45,1,303.294018
256,1,46,1,305.204452
256,1,47,1,305.825056
256,1,48,1,303.924855
256,1,49,1,304.095992
256,1,50,1,305.665379
256,3,1,1,303.449085
256,3,1,2,310.176364
256,3,1,3,299.490821
256,3,2,1,302.277279
256,3,2,2,306.155493
256,3,2,3,304.847147
256,3,3,1,307.154724
256,3,3,2,301.883130
256,3,3,3,301.412687
256,3,4,1,302.712885
256,3,4,2,310.486474
256,3,4,3,307.408530
256,3,5,1,307.873435
256,3,5,2,334.388858
256,3,5,3,301.382919
256,3,6,1,296.960992
256,3,6,2,303.473623
256,3,6,3,339.719796
256,3,7,1,360.463722
256,3,7,2,299.338435
256,3,7,3,298.386193
256,3,8,1,300.612714
256,3,8,2,301.630735
256,3,8,3,303.354851
256,3,9,1,301.090938
256,3,9,2,299.056795
256,3,9,3,294.175521
256,3,10,1,294.809176
256,3,10,2,296.295634
256,3,10,3,297.818864
256,3,11,1,293.474584
256,3,11,2,294.152698
256,3,11,3,295.502399
256,3,12,1,297.262647
256,3,12,2,301.341278
256,3,12,3,298.512841
256,3,13,1,301.998936
256,3,13,2,297.752408
256,3,13,3,298.219460
256,3,14,1,301.102321
256,3,14,2,297.792977
256,3,14,3,299.808420
256,3,15,1,298.435499
256,3,15,2,294.947193
256,3,15,3,296.323938
256,3,16,1,292.069975
256,3,16,2,297.935211
256,3,16,3,303.344823
256,3,17,1,301.305712
256,3,17,2,302.975667
256,3,17,3,296.660528
256,3,18,1,302.386107
256,3,18,2,298.443665
256,3,18,3,299.557535
256,3,19,1,295.150624
256,3,19,2,297.187996
256,3,19,3,299.302456
256,3,20,1,300.381507
256,3,20,2,301.947925
256,3,20,3,305.171061
256,3,21,1,301.113547
256,3,21,2,299.338322
256,3,21,3,299.579030
256,3,22,1,302.168643
256,3,22,2,298.403652
256,3,22,3,300.001488
256,3,23,1,298.822144
256,3,23,2,300.587928
256,3,23,3,300.579727
256,3,24,1,304.736049
256,3,24,2,299.775003
256,3,24,3,300.117692
256,3,25,1,300.830789
256,3,25,2,295.182694
256,3,25,3,300.129806
256,3,26,1,306.167396
256,3,26,2,301.126475
256,3,26,3,297.219705
256,3,27,1,292.625597
256,3,27,2,298.759195
256,3,27,3,301.807423
256,3,28,1,294.802447
256,3,28,2,292.260014
256,3,28,3,298.272906
256,3,29,1,306.236925
256,3,29,2,301.710778
256,3,29,3,303.552690
256,3,30,1,301.173642
256,3,30,2,302.857295
256,3,30,3,297.421226
256,3,31,1,301.983632
256,3,31,2,300.143107
256,3,31,3,303.752104
256,3,32,1,302.134392
256,3,32,2,301.851984
256,3,32,3,303.256667
256,3,33,1,302.236948
256,3,33,2,300.071797
256,3,33,3,301.309524
256,3,34,1,303.475581
256,3,34,2,299.928436
256,3,34,3,307.604977
256,3,35,1,304.523226
256,3,35,2,301.475460
256,3,35,3,298.596248
256,3,36,1,309.243253
256,3,36,2,301.622505
256,3,36,3,303.344127
256,3,37,1,301.623446
256,3,37,2,306.264475
256,3,37,3,299.594445
256,3,38,1,300.589527
256,3,38,2,305.676842
256,3,38,3,304.361990
256,3,39,1,304.449019
256,3,39,2,302.327316
256,3,39,3,302.081451
256,3,40,1,306.558476
256,3,40,2,304.526782
256,3,40,3,302.144593
256,3,41,1,303.475535
256,3,41,2,298.491369
256,3,41,3,305.645046
256,3,42,1,302.617893
256,3,42,2,296.567764
256,3,42,3,302.115559
256,3,43,1,300.327694
256,3,43,2,300.962965
256,3,43,3,304.547426
256,3,44,1,303.469012
256,3,44,2,302.163150
256,3,44,3,302.308543
256,3,45,1,303.580871
256,3,45,2,301.643752
256,3,45,3,304.120337
256,3,46,1,305.385371
256,3,46,2,337.467032
256,3,46,3,299.205938
256,3,47,1,296.810768
256,3,47,2,334.629165
256,3,47,3,304.084773
256,3,48,1,318.595901
256,3,48,2,304.924390
256,3,48,3,332.790187
256,3,49,1,302.941757
256,3,49,2,303.469954
256,3,49,3,334.593166
256,3,50,1,333.547529
256,3,50,2,334.037091
256,3,50,3,333.634180
256,5,1,1,306.936739
256,5,1,2,304.717541
256,5,1,3,337.586559
256,5,1,4,304.340528
256,5,1,5,336.034068
256,5,2,1,334.041279
256,5,2,2,301.696995
256,5,2,3,335.207279
256,5,2,4,302.319377
256,5,2,5,335.356376
256,5,3,1,304.958011
256,5,3,2,336.620337
256,5,3,3,302.238091
256,5,3,4,304.901326
256,5,3,5,305.853978
256,5,4,1,299.633206
256,5,4,2,299.164295
256,5,4,3,304.225205
256,5,4,4,305.247512
256,5,4,5,295.969917
256,5,5,1,304.872724
256,5,5,2,331.287963
256,5,5,3,299.746561
256,5,5,4,303.531946
256,5,5,5,306.371630
256,5,6,1,304.918307
256,5,6,2,298.304191
256,5,6,3,294.855484
256,5,6,4,301.798490
256,5,6,5,299.523030
256,5,7,1,301.581481
256,5,7,2,301.073280
256,5,7,3,301.375095
256,5,7,4,304.193628
256,5,7,5,305.365575
256,5,8,1,300.142799
256,5,8,2,302.429643
256,5,8,3,307.379152
256,5,8,4,334.511885
256,5,8,5,300.383387
256,5,9,1,299.135700
256,5,9,2,301.589327
256,5,9,3,299.566271
256,5,9,4,299.861119
256,5,9,5,332.738159
256,5,10,1,304.243414
256,5,10,2,299.916418
256,5,10,3,300.042080
256,5,10,4,301.474874
256,5,10,5,298.328465
256,5,11,1,301.879312
256,5,11,2,300.942205
256,5,11,3,302.389309
256,5,11,4,332.035515
256,5,11,5,307.741130
256,5,12,1,303.742763
256,5,12,2,299.465330
256,5,12,3,333.929033
256,5,12,4,301.270508
256,5,12,5,300.476261
256,5,13,1,300.962016
256,5,13,2,302.112263
256,5,13,3,301.589909
256,5,13,4,333.968487
256,5,13,5,300.318580
256,5,14,1,304.962092
256,5,14,2,305.475557
256,5,14,3,301.545477
256,5,14,4,300.113485
256,5,14,5,337.447540
256,5,15,1,301.471422
256,5,15,2,299.869915
256,5,15,3,307.266588
256,5,15,4,305.487635
256,5,15,5,305.544979
256,5,16,1,304.140881
256,5,16,2,304.280619
256,5,16,3,304.830114
256,5,16,4,304.731312
256,5,16,5,305.607307
256,5,17,1,298.961790
256,5,17,2,305.944843
256,5,17,3,301.155050
256,5,17,4,302.359353
256,5,17,5,302.630607
256,5,18,1,336.655318
256,5,18,2,302.512966
256,5,18,3,307.455826
256,5,18,4,305.340116
256,5,18,5,305.907352
256,5,19,1,302.683847
256,5,19,2,320.165080
256,5,19,3,305.760436
256,5,19,4,304.214843
256,5,19,5,306.310005
256,5,20,1,306.828841
256,5,20,2,306.619743
256,5,20,3,307.068832
256,5,20,4,332.889937
256,5,20,5,300.112242
256,5,21,1,304.074373
256,5,21,2,301.739906
256,5,21,3,303.448594
256,5,21,4,302.578016
256,5,21,5,304.715205
256,5,22,1,305.433550
256,5,22,2,301.934264
256,5,22,3,305.067172
256,5,22,4,335.456931
256,5,22,5,304.308672
256,5,23,1,301.125464
256,5,23,2,304.172563
256,5,23,3,302.122997
256,5,23,4,301.328366
256,5,23,5,341.303579
256,5,24,1,306.087492
256,5,24,2,303.613878
256,5,24,3,302.929185
256,5,24,4,301.859115
256,5,24,5,302.920060
256,5,25,1,302.019959
256,5,25,2,300.555899
256,5,25,3,302.038589
256,5,25,4,301.326678
256,5,25,5,303.837743
256,5,26,1,305.756578
256,5,26,2,301.512785
256,5,26,3,301.112313
256,5,26,4,320.532640
256,5,26,5,307.308095
256,5,27,1,309.492093
256,5,27,2,305.425511
256,5,27,3,302.685250
256,5,27,4,336.258876
256,5,27,5,320.501471
256,5,28,1,304.990301
256,5,28,2,303.866357
256,5,28,3,300.335708
256,5,28,4,304.209795
256,5,28,5,335.861094
256,5,29,1,303.379582
256,5,29,2,305.035247
256,5,29,3,304.433410
256,5,29,4,327.182174
256,5,29,5,301.862966
256,5,30,1,302.295707
256,5,30,2,306.044930
256,5,30,3,298.850703
256,5,30,4,303.250714
256,5,30,5,301.146575
256,5,31,1,300.296727
256,5,31,2,305.532419
256,5,31,3,303.252858
256,5,31,4,300.764470
256,5,31,5,306.954585
256,5,32,1,337.232116
256,5,32,2,301.441622
256,5,32,3,306.191545
256,5,32,4,305.200130
256,5,32,5,304.185471
256,5,33,1,302.911654
256,5,33,2,305.977227
256,5,33,3,306.195949
256,5,33,4,304.082411
256,5,33,5,302.087319
256,5,34,1,303.462825
256,5,34,2,301.057570
256,5,34,3,302.302710
256,5,34,4,307.204697
256,5,34,5,303.029179
256,5,35,1,305.309008
256,5,35,2,336.323239
256,5,35,3,303.302833
256,5,35,4,301.437648
256,5,35,5,306.727137
256,5,36,1,302.215672
256,5,36,2,304.328245
256,5,36,3,305.106781
256,5,36,4,303.958382
256,5,36,5,308.758541
256,5,37,1,307.166045
256,5,37,2,306.056487
256,5,37,3,303.574695
256,5,37,4,303.267936
256,5,37,5,336.778073
256,5,38,1,305.662253
256,5,38,2,301.413278
256,5,38,3,306.727758
256,5,38,4,300.999729
256,5,38,5,302.509266
256,5,39,1,335.977655
256,5,39,2,303.530329
256,5,39,3,303.368859
256,5,39,4,305.553104
256,5,39,5,303.410943
256,5,40,1,304.975410
256,5,40,2,302.581127
256,5,40,3,301.667048
256,5,40,4,303.667261
256,5,40,5,300.858287
256,5,41,1,303.552186
256,5,41,2,300.573010
256,5,41,3,303.290418
256,5,41,4,306.660045
256,5,41,5,302.160291
256,5,42,1,300.962149
256,5,42,2,335.569778
256,5,42,3,303.971886
256,5,42,4,301.437953
256,5,42,5,303.537112
256,5,43,1,302.785959
256,5,43,2,301.218145
256,5,43,3,306.803742
256,5,43,4,332.600604
256,5,43,5,300.955137
256,5,44,1,303.229508
256,5,44,2,305.282922
256,5,44,3,300.518679
256,5,44,4,305.289405
256,5,44,5,333.164765
256,5,45,1,303.283679
256,5,45,2,301.389683
256,5,45,3,295.935557
256,5,45,4,304.648906
256,5,45,5,300.154431
256,5,46,1,302.114642
256,5,46,2,333.108400
256,5,46,3,301.755623
256,5,46,4,329.791449
256,5,46,5,333.071783
256,5,47,1,303.555442
256,5,47,2,333.706423
256,5,47,3,331.062597
256,5,47,4,303.845550
256,5,47,5,333.470522
256,5,48,1,333.604739
256,5,48,2,303.321594
256,5,48,3,302.143883
256,5,48,4,332.706047
256,5,48,5,304.929130
256,5,49,1,300.857936
256,5,49,2,303.733933
256,5,49,3,334.683565
256,5,49,4,298.237976
256,5,49,5,340.987415
256,5,50,1,332.669965
256,5,50,2,306.134085
256,5,50,3,331.158458
256,5,50,4,302.521815
256,5,50,5,333.565895
256,10,1,1,299.522919
256,10,1,2,334.139704
256,10,1,3,331.943028
256,10,1,4,332.772006
256,10,1,5,333.515105
256,10,1,6,296.468977
256,10,1,7,299.811003
256,10,1,8,298.641028
256,10,1,9,332.358225
256,10,1,10,301.290442
256,10,2,1,314.923495
256,10,2,2,330.976429
256,10,2,3,330.929061
256,10,2,4,329.938251
256,10,2,5,329.957891
256,10,2,6,304.417337
256,10,2,7,297.215334
256,10,2,8,329.634246
256,10,2,9,303.618871
256,10,2,10,332.636049
256,10,3,1,331.891644
256,10,3,2,327.676790
256,10,3,3,327.618374
256,10,3,4,327.999755
256,10,3,5,300.699105
256,10,3,6,335.987270
256,10,3,7,331.277258
256,10,3,8,329.547698
256,10,3,9,330.911648
256,10,3,10,337.625977
256,10,4,1,296.601382
256,10,4,2,300.418688
256,10,4,3,299.936975
256,10,4,4,302.558377
256,10,4,5,330.375107
256,10,4,6,328.600967
256,10,4,7,331.298324
256,10,4,8,298.650422
256,10,4,9,330.627305
256,10,4,10,329.584967
256,10,5,1,297.440622
256,10,5,2,332.604657
256,10,5,3,328.889018
256,10,5,4,332.033650
256,10,5,5,301.831402
256,10,5,6,333.309896
256,10,5,7,304.279842
256,10,5,8,332.843788
256,10,5,9,330.364008
256,10,5,10,304.293897
256,10,6,1,330.670000
256,10,6,2,330.849187
256,10,6,3,329.659134
256,10,6,4,301.606868
256,10,6,5,334.032537
256,10,6,6,332.102790
256,10,6,7,335.437118
256,10,6,8,300.639929
256,10,6,9,332.200356
256,10,6,10,333.657828
256,10,7,1,304.363288
256,10,7,2,333.645083
256,10,7,3,333.086275
256,10,7,4,347.291015
256,10,7,5,331.885107
256,10,7,6,332.651006
256,10,7,7,334.971527
256,10,7,8,332.224780
256,10,7,9,331.104825
256,10,7,10,330.421594
256,10,8,1,306.993851
256,10,8,2,333.688361
256,10,8,3,333.310418
256,10,8,4,332.789305
256,10,8,5,301.908178
256,10,8,6,302.236755
256,10,8,7,302.115516
256,10,8,8,332.969858
256,10,8,9,334.143815
256,10,8,10,305.167417
256,10,9,1,331.891924
256,10,9,2,356.811530
256,10,9,3,333.095277
256,10,9,4,307.142377
256,10,9,5,331.229646
256,10,9,6,303.025649
256,10,9,7,332.422910
256,10,9,8,338.113003
256,10,9,9,332.877731
256,10,9,10,332.501364
256,10,10,1,304.569967
256,10,10,2,302.142524
256,10,10,3,332.007695
256,10,10,4,331.929250
256,10,10,5,334.876403
256,10,10,6,304.505250
256,10,10,7,333.347545
256,10,10,8,331.536222
256,10,10,9,345.632636
256,10,10,10,331.213658
256,10,11,1,303.242918
256,10,11,2,332.688575
256,10,11,3,336.959989
256,10,11,4,304.938336
256,10,11,5,330.594260
256,10,11,6,331.868897
256,10,11,7,341.697535
256,10,11,8,333.379150
256,10,11,9,331.598148
256,10,11,10,305.113251
256,10,12,1,302.133119
256,10,12,2,300.561486
256,10,12,3,333.896490
256,10,12,4,332.922985
256,10,12,5,331.934808
256,10,12,6,302.101825
256,10,12,7,333.231339
256,10,12,8,331.945433
256,10,12,9,337.752523
256,10,12,10,302.171061
256,10,13,1,332.730895
256,10,13,2,332.761496
256,10,13,3,332.831268
256,10,13,4,302.904098
256,10,13,5,302.202098
256,10,13,6,302.144212
256,10,13,7,334.286153
256,10,13,8,331.603829
256,10,13,9,302.222068
256,10,13,10,331.869436
256,10,14,1,332.358577
256,10,14,2,300.855747
256,10,14,3,331.654280
256,10,14,4,329.963136
256,10,14,5,302.755026
256,10,14,6,334.340021
256,10,14,7,335.167553
256,10,14,8,332.341339
256,10,14,9,332.638964
256,10,14,10,334.296968
256,10,15,1,331.595452
256,10,15,2,333.066886
256,10,15,3,333.046396
256,10,15,4,332.193367
256,10,15,5,331.023988
256,10,15,6,331.907324
256,10,15,7,303.692920
256,10,15,8,333.927045
256,10,15,9,330.903731
256,10,15,10,334.784697
256,10,16,1,300.564574
256,10,16,2,334.632931
256,10,16,3,302.254625
256,10,16,4,304.746220
256,10,16,5,334.590560
256,10,16,6,334.211709
256,10,16,7,333.093434
256,10,16,8,331.654349
256,10,16,9,299.585835
256,10,16,10,303.451418
256,10,17,1,303.552808
256,10,17,2,333.869819
256,10,17,3,331.275615
256,10,17,4,332.415709
256,10,17,5,304.808922
256,10,17,6,333.652910
256,10,17,7,333.573097
256,10,17,8,332.578687
256,10,17,9,333.326929
256,10,17,10,303.531250
256,10,18,1,334.267956
256,10,18,2,302.998449
256,10,18,3,334.299297
256,10,18,4,301.922667
256,10,18,5,332.884595
256,10,18,6,331.520062
256,10,18,7,332.965966
256,10,18,8,331.959129
256,10,18,9,332.802258
256,10,18,10,302.249740
256,10,19,1,336.326397
256,10,19,2,331.787562
256,10,19,3,305.965203
256,10,19,4,333.281551
256,10,19,5,332.717511
256,10,19,6,330.998770
256,10,19,7,331.970810
256,10,19,8,304.278155
256,10,19,9,334.194787
256,10,19,10,332.591660
256,10,20,1,333.161196
256,10,20,2,332.969346
256,10,20,3,330.731591
256,10,20,4,330.552563
256,10,20,5,333.603279
256,10,20,6,306.709498
256,10,20,7,370.362461
256,10,20,8,334.525527
256,10,20,9,334.091429
256,10,20,10,332.190954
256,10,21,1,303.042521
256,10,21,2,333.555107
256,10,21,3,304.385285
256,10,21,4,334.120973
256,10,21,5,332.576636
256,10,21,6,332.078624
256,10,21,7,335.054036
256,10,21,8,332.648474
256,10,21,9,331.747063
256,10,21,10,332.056378
256,10,22,1,333.831558
256,10,22,2,348.323023
256,10,22,3,337.416891
256,10,22,4,333.924992
256,10,22,5,331.873506
256,10,22,6,303.144555
256,10,22,7,334.391770
256,10,22,8,302.904274
256,10,22,9,303.960284
256,10,22,10,332.973477
256,10,23,1,330.857188
256,10,23,2,302.272317
256,10,23,3,332.072742
256,10,23,4,332.534265
256,10,23,5,301.969410
256,10,23,6,332.419208
256,10,23,7,336.671024
256,10,23,8,331.934068
256,10,23,9,304.540494
256,10,23,10,332.986752
256,10,24,1,303.397196
256,10,24,2,305.278811
256,10,24,3,333.890163
256,10,24,4,303.960883
256,10,24,5,302.167158
256,10,24,6,333.179329
256,10,24,7,332.625517
256,10,24,8,330.378725
256,10,24,9,328.786853
256,10,24,10,301.270423
256,10,25,1,305.314706
256,10,25,2,330.670515
256,10,25,3,304.611525
256,10,25,4,331.081424
256,10,25,5,329.461544
256,10,25,6,332.188386
256,10,25,7,330.705129
256,10,25,8,330.747019
256,10,25,9,333.814855
256,10,25,10,302.365322
256,10,26,1,302.262412
256,10,26,2,332.609285
256,10,26,3,303.965950
256,10,26,4,331.421980
256,10,26,5,300.852317
256,10,26,6,336.490857
256,10,26,7,332.449606
256,10,26,8,334.803560
256,10,26,9,332.691844
256,10,26,10,331.334002
256,10,27,1,330.399750
256,10,27,2,332.550739
256,10,27,3,332.857294
256,10,27,4,333.144669
256,10,27,5,332.006705
256,10,27,6,302.916510
256,10,27,7,333.179518
256,10,27,8,303.522596
256,10,27,9,334.149753
256,10,27,10,300.492055
256,10,28,1,334.250908
256,10,28,2,333.970272
256,10,28,3,332.731874
256,10,28,4,333.872523
256,10,28,5,332.032273
256,10,28,6,333.563829
256,10,28,7,331.962688
256,10,28,8,330.442842
256,10,28,9,298.899368
256,10,28,10,304.052765
256,10,29,1,335.153866
256,10,29,2,331.802777
256,10,29,3,301.415375
256,10,29,4,331.846701
256,10,29,5,333.471191
256,10,29,6,331.228746
256,10,29,7,332.532651
256,10,29,8,333.055214
256,10,29,9,337.195356
256,10,29,10,332.569066
256,10,30,1,303.063848
256,10,30,2,332.512523
256,10,30,3,331.233961
256,10,30,4,305.158051
256,10,30,5,304.011325
256,10,30,6,333.457779
256,10,30,7,333.733763
256,10,30,8,331.157168
256,10,30,9,332.183726
256,10,30,10,332.399201
256,10,31,1,332.626399
256,10,31,2,301.420675
256,10,31,3,334.368116
256,10,31,4,336.692672
256,10,31,5,332.808055
256,10,31,6,331.253398
256,10,31,7,330.271500
256,10,31,8,333.414515
256,10,31,9,302.824801
256,10,31,10,333.535095
256,10,32,1,302.620961
256,10,32,2,332.936851
256,10,32,3,304.556923
256,10,32,4,333.337280
256,10,32,5,332.684377
256,10,32,6,303.026450
256,10,32,7,300.808131
256,10,32,8,333.531531
256,10,32,9,303.015986
256,10,32,10,338.175720
256,10,33,1,334.543847
256,10,33,2,332.702511
256,10,33,3,331.299434
256,10,33,4,331.381568
256,10,33,5,330.964508
256,10,33,6,331.960680
256,10,33,7,331.904976
256,10,33,8,303.858266
256,10,33,9,302.969869
256,10,33,10,333.831163
256,10,34,1,304.685632
256,10,34,2,334.022591
256,10,34,3,334.079804
256,10,34,4,303.946530
256,10,34,5,337.995283
256,10,34,6,332.973363
256,10,34,7,333.902256
256,10,34,8,332.323953
256,10,34,9,304.055055
256,10,34,10,304.555995
256,10,35,1,304.336379
256,10,35,2,334.237663
256,10,35,3,332.663001
256,10,35,4,333.843615
256,10,35,5,305.920064
256,10,35,6,305.831329
256,10,35,7,334.387615
256,10,35,8,332.048179
256,10,35,9,332.170747
256,10,35,10,333.310493
256,10,36,1,307.358448
256,10,36,2,333.919754
256,10,36,3,332.464513
256,10,36,4,332.213471
256,10,36,5,332.927059
256,10,36,6,332.092436
256,10,36,7,331.554461
256,10,36,8,306.841962
256,10,36,9,332.344549
256,10,36,10,307.062729
256,10,37,1,333.748109
256,10,37,2,332.544323
256,10,37,3,333.502918
256,10,37,4,332.851058
256,10,37,5,332.018525
256,10,37,6,305.015917
256,10,37,7,299.979007
256,10,37,8,333.449593
256,10,37,9,332.298084
256,10,37,10,331.711922
256,10,38,1,331.345832
256,10,38,2,331.021988
256,10,38,3,301.926048
256,10,38,4,332.850217
256,10,38,5,330.309884
256,10,38,6,302.702647
256,10,38,7,331.638311
256,10,38,8,333.094742
256,10,38,9,300.873652
256,10,38,10,333.584404
256,10,39,1,333.101291
256,10,39,2,336.638432
256,10,39,3,331.690717
256,10,39,4,329.749627
256,10,39,5,328.468044
256,10,39,6,330.743205
256,10,39,7,332.246272
256,10,39,8,330.668741
256,10,39,9,329.235290
256,10,39,10,329.571563
256,10,40,1,329.233705
256,10,40,2,332.350576
256,10,40,3,332.227621
256,10,40,4,303.244857
256,10,40,5,303.870560
256,10,40,6,331.883080
256,10,40,7,334.439440
256,10,40,8,330.951693
256,10,40,9,329.917321
256,10,40,10,330.482664
256,10,41,1,306.757615
256,10,41,2,331.931112
256,10,41,3,301.063730
256,10,41,4,331.985478
256,10,41,5,332.394588
256,10,41,6,331.997033
256,10,41,7,305.366139
256,10,41,8,331.783254
256,10,41,9,329.908065
256,10,41,10,332.194125
256,10,42,1,331.064112
256,10,42,2,335.853318
256,10,42,3,332.446079
256,10,42,4,329.678676
256,10,42,5,301.584817
256,10,42,6,332.071824
256,10,42,7,330.758620
256,10,42,8,298.003004
256,10,42,9,331.019109
256,10,42,10,331.074467
256,10,43,1,330.335478
256,10,43,2,304.651092
256,10,43,3,300.318310
256,10,43,4,302.274393
256,10,43,5,303.368682
256,10,43,6,332.233594
256,10,43,7,302.675275
256,10,43,8,304.812329
256,10,43,9,331.802396
256,10,43,10,331.287152
256,10,44,1,299.276359
256,10,44,2,335.646504
256,10,44,3,302.147553
256,10,44,4,302.515083
256,10,44,5,301.904635
256,10,44,6,301.201833
256,10,44,7,332.824590
256,10,44,8,330.452319
256,10,44,9,303.704773
256,10,44,10,299.650252
256,10,45,1,301.355887
256,10,45,2,304.612451
256,10,45,3,330.450432
256,10,45,4,333.998569
256,10,45,5,329.958726
256,10,45,6,300.963968
256,10,45,7,297.564176
256,10,45,8,332.170292
256,10,45,9,330.348872
256,10,45,10,330.269325
256,10,46,1,302.726062
256,10,46,2,303.503441
256,10,46,3,332.324750
256,10,46,4,304.172440
256,10,46,5,332.369873
256,10,46,6,302.869811
256,10,46,7,333.068613
256,10,46,8,331.108530
256,10,46,9,303.319616
256,10,46,10,335.227440
256,10,47,1,302.373218
256,10,47,2,331.079718
256,10,47,3,302.970196
256,10,47,4,304.185531
256,10,47,5,304.098335
256,10,47,6,332.295141
256,10,47,7,330.332563
256,10,47,8,300.547589
256,10,47,9,331.416251
256,10,47,10,305.925556
256,10,48,1,300.792952
256,10,48,2,316.916248
256,10,48,3,302.293458
256,10,48,4,331.309754
256,10,48,5,328.799143
256,10,48,6,333.812813
256,10,48,7,329.671857
256,10,48,8,301.927965
256,10,48,9,332.197437
256,10,48,10,300.989246
256,10,49,1,331.426803
256,10,49,2,300.429933
256,10,49,3,329.763735
256,10,49,4,301.621089
256,10,49,5,299.357419
256,10,49,6,332.558073
256,10,49,7,303.897736
256,10,49,8,329.920059
256,10,49,9,331.362887
256,10,49,10,329.251585
256,10,50,1,336.079420
256,10,50,2,298.298240
256,10,50,3,331.541844
256,10,50,4,329.547897
256,10,50,5,329.072222
256,10,50,6,331.423096
256,10,50,7,300.268468
256,10,50,8,332.610578
256,10,50,9,330.606524
256,10,50,10,329.387469
256,30,1,1,330.966732
256,30,1,2,331.080952
256,30,1,3,331.282482
256,30,1,4,301.387632
256,30,1,5,330.482369
256,30,1,6,330.214697
256,30,1,7,303.014217
256,30,1,8,305.343883
256,30,1,9,296.058022
256,30,1,10,330.656543
256,30,1,11,330.811694
256,30,1,12,329.777255
256,30,1,13,330.334020
256,30,1,14,299.215632
256,30,1,15,329.916176
256,30,1,16,329.493621
256,30,1,17,330.885640
256,30,1,18,329.024045
256,30,1,19,329.244340
256,30,1,20,330.808395
256,30,1,21,330.729259
256,30,1,22,331.107761
256,30,1,23,297.710895
256,30,1,24,329.353663
256,30,1,25,328.403276
256,30,1,26,300.380365
256,30,1,27,330.617001
256,30,1,28,328.835873
256,30,1,29,326.800464
256,30,1,30,329.986481
256,30,2,1,329.489116
256,30,2,2,300.352801
256,30,2,3,304.088644
256,30,2,4,332.063593
256,30,2,5,300.464743
256,30,2,6,299.977475
256,30,2,7,329.645874
256,30,2,8,331.135349
256,30,2,9,331.834133
256,30,2,10,331.552414
256,30,2,11,331.522348
256,30,2,12,330.219055
256,30,2,13,330.729404
256,30,2,14,332.473282
256,30,2,15,329.654409
256,30,2,16,328.436294
256,30,2,17,327.868051
256,30,2,18,327.830960
256,30,2,19,328.431788
256,30,2,20,332.468765
256,30,2,21,302.298056
256,30,2,22,333.105286
256,30,2,23,336.718204
256,30,2,24,329.970194
256,30,2,25,330.115321
256,30,2,26,302.411494
256,30,2,27,301.452749
256,30,2,28,329.373846
256,30,2,29,301.496753
256,30,2,30,329.440131
256,30,3,1,328.270870
256,30,3,2,330.552561
256,30,3,3,301.303798
256,30,3,4,332.007845
256,30,3,5,302.971258
256,30,3,6,329.927673
256,30,3,7,329.046248
256,30,3,8,333.418452
256,30,3,9,306.875352
256,30,3,10,330.465168
256,30,3,11,304.277814
256,30,3,12,331.261160
256,30,3,13,329.956026
256,30,3,14,329.730160
256,30,3,15,303.695958
256,30,3,16,303.772169
256,30,3,17,305.089252
256,30,3,18,302.372448
256,30,3,19,334.877829
256,30,3,20,333.619593
256,30,3,21,304.177756
256,30,3,22,331.913758
256,30,3,23,303.927087
256,30,3,24,331.654674
256,30,3,25,333.599138
256,30,3,26,330.094491
256,30,3,27,306.646303
256,30,3,28,331.609580
256,30,3,29,329.668016
256,30,3,30,331.744550
256,30,4,1,300.889908
256,30,4,2,332.783655
256,30,4,3,302.174313
256,30,4,4,332.128980
256,30,4,5,298.993834
256,30,4,6,334.954198
256,30,4,7,333.254996
256,30,4,8,331.689929
256,30,4,9,303.579363
256,30,4,10,332.574397
256,30,4,11,332.417953
256,30,4,12,302.723135
256,30,4,13,331.514280
256,30,4,14,300.149237
256,30,4,15,335.413703
256,30,4,16,331.178074
256,30,4,17,301.114971
256,30,4,18,336.712763
256,30,4,19,331.731123
256,30,4,20,331.742321
256,30,4,21,337.037522
256,30,4,22,302.765995
256,30,4,23,335.224621
256,30,4,24,337.182499
256,30,4,25,301.485322
256,30,4,26,317.672005
256,30,4,27,299.317155
256,30,4,28,301.919149
256,30,4,29,298.730347
256,30,4,30,299.965889
256,30,5,1,303.196888
256,30,5,2,301.582119
256,30,5,3,332.751145
256,30,5,4,333.718373
256,30,5,5,332.525204
256,30,5,6,302.257659
256,30,5,7,303.862294
256,30,5,8,301.984174
256,30,5,9,332.051732
256,30,5,10,301.042965
256,30,5,11,303.592655
256,30,5,12,305.271169
256,30,5,13,332.149925
256,30,5,14,300.478624
256,30,5,15,336.577535
256,30,5,16,300.053681
256,30,5,17,296.573439
256,30,5,18,302.248558
256,30,5,19,301.360996
256,30,5,20,333.717489
256,30,5,21,300.816087
256,30,5,22,331.782346
256,30,5,23,330.039466
256,30,5,24,302.542501
256,30,5,25,333.810892
256,30,5,26,332.436555
256,30,5,27,303.252437
256,30,5,28,306.989680
256,30,5,29,332.785067
256,30,5,30,303.791624
256,30,6,1,299.762073
256,30,6,2,302.000733
256,30,6,3,300.475879
256,30,6,4,303.101532
256,30,6,5,302.419539
256,30,6,6,301.764931
256,30,6,7,332.369140
256,30,6,8,305.141139
256,30,6,9,303.115031
256,30,6,10,335.547112
256,30,6,11,304.034335
256,30,6,12,301.449033
256,30,6,13,332.872405
256,30,6,14,305.855715
256,30,6,15,302.353275
256,30,6,16,332.030499
256,30,6,17,296.732998
256,30,6,18,301.722383
256,30,6,19,332.155172
256,30,6,20,332.929882
256,30,6,21,300.943583
256,30,6,22,303.950027
256,30,6,23,301.999619
256,30,6,24,333.212353
256,30,6,25,330.855831
256,30,6,26,305.147409
256,30,6,27,301.096299
256,30,6,28,305.510836
256,30,6,29,304.115672
256,30,6,30,340.104816
256,30,7,1,304.206794
256,30,7,2,306.161338
256,30,7,3,302.053324
256,30,7,4,301.083682
256,30,7,5,303.884302
256,30,7,6,336.905124
256,30,7,7,301.797862
256,30,7,8,304.583455
256,30,7,9,337.139191
256,30,7,10,303.550279
256,30,7,11,304.573389
256,30,7,12,301.674207
256,30,7,13,300.653434
256,30,7,14,333.804989
256,30,7,15,304.065918
256,30,7,16,304.281589
256,30,7,17,308.164738
256,30,7,18,334.030628
256,30,7,19,335.427348
256,30,7,20,332.630022
256,30,7,21,302.353187
256,30,7,22,301.937771
256,30,7,23,301.299617
256,30,7,24,301.998444
256,30,7,25,302.346990
256,30,7,26,333.774448
256,30,7,27,298.269795
256,30,7,28,294.344485
256,30,7,29,299.302249
256,30,7,30,298.350085
256,30,8,1,300.372901
256,30,8,2,295.949364
256,30,8,3,336.115420
256,30,8,4,299.423854
256,30,8,5,302.752499
256,30,8,6,299.661260
256,30,8,7,301.260973
256,30,8,8,299.340471
256,30,8,9,301.336015
256,30,8,10,299.616823
256,30,8,11,298.040194
256,30,8,12,299.840173
256,30,8,13,300.211104
256,30,8,14,332.243688
256,30,8,15,333.042470
256,30,8,16,300.000296
256,30,8,17,299.039138
256,30,8,18,299.597887
256,30,8,19,305.231050
256,30,8,20,300.070898
256,30,8,21,301.744808
256,30,8,22,295.442791
256,30,8,23,301.425220
256,30,8,24,303.783536
256,30,8,25,300.495266
256,30,8,26,300.271095
256,30,8,27,301.797171
256,30,8,28,301.431406
256,30,8,29,299.246126
256,30,8,30,300.459419
256,30,9,1,301.159901
256,30,9,2,301.313004
256,30,9,3,302.267480
256,30,9,4,302.902641
256,30,9,5,299.467410
256,30,9,6,307.061804
256,30,9,7,301.356721
256,30,9,8,301.939167
256,30,9,9,299.435837
256,30,9,10,301.917158
256,30,9,11,299.978737
256,30,9,12,300.988106
256,30,9,13,331.814692
256,30,9,14,299.424138
256,30,9,15,296.879208
256,30,9,16,300.132290
256,30,9,17,305.123472
256,30,9,18,300.836001
256,30,9,19,306.821250
256,30,9,20,332.469728
256,30,9,21,300.156294
256,30,9,22,300.659928
256,30,9,23,300.793796
256,30,9,24,301.304866
256,30,9,25,313.013840
256,30,9,26,298.153554
256,30,9,27,300.593126
256,30,9,28,296.934963
256,30,9,29,302.122691
256,30,9,30,302.911141
256,30,10,1,309.601223
256,30,10,2,301.260232
256,30,10,3,299.594446
256,30,10,4,301.008869
256,30,10,5,297.425253
256,30,10,6,299.893471
256,30,10,7,299.872407
256,30,10,8,332.168839
256,30,10,9,302.610759
256,30,10,10,332.493172
256,30,10,11,302.606363
256,30,10,12,331.552033
256,30,10,13,300.157497
256,30,10,14,301.848811
256,30,10,15,299.178883
256,30,10,16,299.407216
256,30,10,17,299.109944
256,30,10,18,298.032521
256,30,10,19,302.641104
256,30,10,20,303.013449
256,30,10,21,303.936142
256,30,10,22,299.534731
256,30,10,23,300.930150
256,30,10,24,302.156040
256,30,10,25,337.339573
256,30,10,26,301.648923
256,30,10,27,299.970506
256,30,10,28,297.036841
256,30,10,29,334.336932
256,30,10,30,332.077292
256,30,11,1,296.351655
256,30,11,2,297.768583
256,30,11,3,304.241062
256,30,11,4,296.649737
256,30,11,5,295.838919
256,30,11,6,334.978299
256,30,11,7,299.657740
256,30,11,8,298.607569
256,30,11,9,298.305504
256,30,11,10,302.074351
256,30,11,11,335.978017
256,30,11,12,297.453520
256,30,11,13,296.980030
256,30,11,14,297.359523
256,30,11,15,296.669495
256,30,11,16,334.933857
256,30,11,17,298.351388
256,30,11,18,301.318029
256,30,11,19,295.907071
256,30,11,20,300.140468
256,30,11,21,332.930592
256,30,11,22,332.006674
256,30,11,23,301.843993
256,30,11,24,296.502814
256,30,11,25,296.615483
256,30,11,26,298.908636
256,30,11,27,330.320274
256,30,11,28,301.365543
256,30,11,29,301.050082
256,30,11,30,311.993369
256,30,12,1,296.267771
256,30,12,2,300.123204
256,30,12,3,300.871123
256,30,12,4,298.896106
256,30,12,5,301.524090
256,30,12,6,296.834513
256,30,12,7,300.911355
256,30,12,8,297.202314
256,30,12,9,305.350707
256,30,12,10,297.762346
256,30,12,11,330.753855
256,30,12,12,301.336435
256,30,12,13,331.977293
256,30,12,14,298.799940
256,30,12,15,295.806496
256,30,12,16,298.845782
256,30,12,17,296.056551
256,30,12,18,298.435192
256,30,12,19,333.546956
256,30,12,20,331.393164
256,30,12,21,296.819928
256,30,12,22,297.186953
256,30,12,23,331.634826
256,30,12,24,298.807429
256,30,12,25,301.171110
256,30,12,26,299.551741
256,30,12,27,298.778016
256,30,12,28,298.637076
256,30,12,29,300.058408
256,30,12,30,299.531654
256,30,13,1,298.868681
256,30,13,2,331.033028
256,30,13,3,299.537204
256,30,13,4,298.642563
256,30,13,5,298.443147
256,30,13,6,298.854526
256,30,13,7,334.349425
256,30,13,8,302.496874
256,30,13,9,298.688905
256,30,13,10,302.273485
256,30,13,11,300.063176
256,30,13,12,303.018904
256,30,13,13,301.232187
256,30,13,14,299.982094
256,30,13,15,299.915541
256,30,13,16,298.653983
256,30,13,17,305.254636
256,30,13,18,301.040351
256,30,13,19,300.218981
256,30,13,20,302.946680
256,30,13,21,300.664439
256,30,13,22,301.252807
256,30,13,23,301.344312
256,30,13,24,300.969348
256,30,13,25,301.311545
256,30,13,26,331.729614
256,30,13,27,299.102411
256,30,13,28,301.462839
256,30,13,29,331.097685
256,30,13,30,301.398341
256,30,14,1,298.626171
256,30,14,2,302.416895
256,30,14,3,305.500225
256,30,14,4,301.547370
256,30,14,5,300.644460
256,30,14,6,297.565900
256,30,14,7,330.588706
256,30,14,8,299.668162
256,30,14,9,330.839176
256,30,14,10,298.448085
256,30,14,11,299.957770
256,30,14,12,297.668297
256,30,14,13,298.552455
256,30,14,14,330.708532
256,30,14,15,301.811569
256,30,14,16,333.238423
256,30,14,17,299.248292
256,30,14,18,333.263863
256,30,14,19,332.833297
256,30,14,20,330.715373
256,30,14,21,330.995048
256,30,14,22,298.499746
256,30,14,23,300.828494
256,30,14,24,330.442414
256,30,14,25,329.536162
256,30,14,26,300.590910
256,30,14,27,298.124291
256,30,14,28,302.418232
256,30,14,29,299.314887
256,30,14,30,299.155113
256,30,15,1,329.916142
256,30,15,2,291.985344
256,30,15,3,330.922783
256,30,15,4,299.245939
256,30,15,5,297.161830
256,30,15,6,301.422753
256,30,15,7,301.445443
256,30,15,8,298.071433
256,30,15,9,302.254817
256,30,15,10,330.851617
256,30,15,11,330.837408
256,30,15,12,331.600744
256,30,15,13,329.395524
256,30,15,14,297.831089
256,30,15,15,333.833774
256,30,15,16,296.960975
256,30,15,17,330.868134
256,30,15,18,298.812748
256,30,15,19,296.625762
256,30,15,20,332.268668
256,30,15,21,302.071085
256,30,15,22,305.347621
256,30,15,23,300.217105
256,30,15,24,299.574015
256,30,15,25,300.601133
256,30,15,26,299.821721
256,30,15,27,301.347318
256,30,15,28,297.993312
256,30,15,29,297.975553
256,30,15,30,300.285038
256,30,16,1,331.984377
256,30,16,2,296.368355
256,30,16,3,297.879717
256,30,16,4,301.840817
256,30,16,5,332.598016
256,30,16,6,298.203641
256,30,16,7,332.567289
256,30,16,8,334.749488
256,30,16,9,298.429934
256,30,16,10,298.789614
256,30,16,11,303.017376
256,30,16,12,342.284828
256,30,16,13,299.411105
256,30,16,14,299.096167
256,30,16,15,298.329516
256,30,16,16,300.329157
256,30,16,17,298.668610
256,30,16,18,298.824483
256,30,16,19,303.641625
256,30,16,20,334.038174
256,30,16,21,299.623746
256,30,16,22,300.520787
256,30,16,23,332.775149
256,30,16,24,304.347748
256,30,16,25,299.564166
256,30,16,26,300.358658
256,30,16,27,301.829987
256,30,16,28,334.299071
256,30,16,29,332.128142
256,30,16,30,333.442349
256,30,17,1,298.384496
256,30,17,2,333.706818
256,30,17,3,299.968670
256,30,17,4,331.995812
256,30,17,5,331.313912
256,30,17,6,333.015993
256,30,17,7,300.282635
256,30,17,8,299.447741
256,30,17,9,300.160651
256,30,17,10,336.801742
256,30,17,11,301.659170
256,30,17,12,300.464067
256,30,17,13,331.445101
256,30,17,14,299.548948
256,30,17,15,299.422909
256,30,17,16,297.199683
256,30,17,17,297.399370
256,30,17,18,301.616368
256,30,17,19,298.823708
256,30,17,20,298.576498
256,30,17,21,301.613627
256,30,17,22,333.970579
256,30,17,23,298.915335
256,30,17,24,298.701635
256,30,17,25,302.425475
256,30,17,26,299.518112
256,30,17,27,339.036886
256,30,17,28,303.001154
256,30,17,29,300.470355
256,30,17,30,300.529670
256,30,18,1,332.100338
256,30,18,2,299.495463
256,30,18,3,300.159254
256,30,18,4,301.312920
256,30,18,5,331.367567
256,30,18,6,329.699603
256,30,18,7,302.121024
256,30,18,8,299.510029
256,30,18,9,298.987955
256,30,18,10,330.646317
256,30,18,11,330.695326
256,30,18,12,299.055182
256,30,18,13,334.570919
256,30,18,14,299.445891
256,30,18,15,300.412523
256,30,18,16,331.374543
256,30,18,17,303.119612
256,30,18,18,300.744895
256,30,18,19,298.880984
256,30,18,20,303.292470
256,30,18,21,298.390694
256,30,18,22,331.829777
256,30,18,23,299.476454
256,30,18,24,301.932744
256,30,18,25,299.175001
256,30,18,26,333.421062
256,30,18,27,300.120617
256,30,18,28,299.281008
256,30,18,29,306.163874
256,30,18,30,299.546579
256,30,19,1,333.245583
256,30,19,2,331.439173
256,30,19,3,331.437928
256,30,19,4,298.960366
256,30,19,5,304.027912
256,30,19,6,334.357243
256,30,19,7,300.062761
256,30,19,8,297.857716
256,30,19,9,295.025447
256,30,19,10,333.934374
256,30,19,11,301.834660
256,30,19,12,298.638118
256,30,19,13,299.310287
256,30,19,14,300.165251
256,30,19,15,338.904804
256,30,19,16,301.092067
256,30,19,17,302.175834
256,30,19,18,334.476073
256,30,19,19,300.739545
256,30,19,20,300.672293
256,30,19,21,299.435801
256,30,19,22,299.638869
256,30,19,23,301.221416
256,30,19,24,333.280998
256,30,19,25,300.925691
256,30,19,26,333.214572
256,30,19,27,301.957828
256,30,19,28,301.764260
256,30,19,29,300.074653
256,30,19,30,334.591973
256,30,20,1,302.777836
256,30,20,2,333.594499
256,30,20,3,330.772885
256,30,20,4,302.068503
256,30,20,5,333.209177
256,30,20,6,331.570676
256,30,20,7,301.783676
256,30,20,8,333.507000
256,30,20,9,331.491332
256,30,20,10,302.335154
256,30,20,11,298.525211
256,30,20,12,304.602018
256,30,20,13,303.423650
256,30,20,14,302.155793
256,30,20,15,299.654556
256,30,20,16,332.969965
256,30,20,17,306.305513
256,30,20,18,300.446303
256,30,20,19,332.490537
256,30,20,20,301.374090
256,30,20,21,334.066329
256,30,20,22,301.501920
256,30,20,23,333.584848
256,30,20,24,331.531828
256,30,20,25,303.524020
256,30,20,26,299.673676
256,30,20,27,301.775432
256,30,20,28,333.295064
256,30,20,29,302.506441
256,30,20,30,300.363514
256,30,21,1,303.739865
256,30,21,2,301.558326
256,30,21,3,306.374003
256,30,21,4,298.429838
256,30,21,5,303.547950
256,30,21,6,332.736246
256,30,21,7,299.101309
256,30,21,8,301.926529
256,30,21,9,332.235686
256,30,21,10,299.011803
256,30,21,11,300.606149
256,30,21,12,298.155827
256,30,21,13,333.402942
256,30,21,14,301.134990
256,30,21,15,297.144895
256,30,21,16,301.420186
256,30,21,17,299.297435
256,30,21,18,332.811675
256,30,21,19,332.865948
256,30,21,20,303.559805
256,30,21,21,304.217352
256,30,21,22,299.031033
256,30,21,23,299.480780
256,30,21,24,298.841305
256,30,21,25,331.620765
256,30,21,26,300.041637
256,30,21,27,301.385370
256,30,21,28,305.246309
256,30,21,29,299.880359
256,30,21,30,300.342559
256,30,22,1,303.219433
256,30,22,2,300.682592
256,30,22,3,303.721331
256,30,22,4,332.821617
256,30,22,5,300.776956
256,30,22,6,305.152005
256,30,22,7,302.641604
256,30,22,8,301.284372
256,30,22,9,298.795237
256,30,22,10,299.314101
256,30,22,11,333.036451
256,30,22,12,300.553797
256,30,22,13,298.551033
256,30,22,14,319.530005
256,30,22,15,303.227586
256,30,22,16,302.693638
256,30,22,17,333.789131
256,30,22,18,300.060335
256,30,22,19,300.208840
256,30,22,20,301.148783
256,30,22,21,303.437645
256,30,22,22,305.353052
256,30,22,23,306.628805
256,30,22,24,301.679167
256,30,22,25,299.510965
256,30,22,26,301.974770
256,30,22,27,333.671436
256,30,22,28,299.836480
256,30,22,29,301.968689
256,30,22,30,323.968594
256,30,23,1,299.032548
256,30,23,2,298.076481
256,30,23,3,333.238478
256,30,23,4,301.167009
256,30,23,5,301.474536
256,30,23,6,304.893344
256,30,23,7,301.290914
256,30,23,8,299.847544
256,30,23,9,310.079277
256,30,23,10,302.110706
256,30,23,11,297.416125
256,30,23,12,294.836933
256,30,23,13,303.362159
256,30,23,14,300.280932
256,30,23,15,302.410949
256,30,23,16,299.436811
256,30,23,17,301.350185
256,30,23,18,301.251482
256,30,23,19,298.941324
256,30,23,20,300.523717
256,30,23,21,300.291950
256,30,23,22,298.397494
256,30,23,23,297.620442
256,30,23,24,302.411799
256,30,23,25,305.584487
256,30,23,26,300.129505
256,30,23,27,301.354340
256,30,23,28,297.509492
256,30,23,29,330.462765
256,30,23,30,302.241791
256,30,24,1,300.726740
256,30,24,2,299.406072
256,30,24,3,298.890635
256,30,24,4,297.744080
256,30,24,5,298.439233
256,30,24,6,299.692589
256,30,24,7,300.405445
256,30,24,8,300.588299
256,30,24,9,299.633628
256,30,24,10,300.040109
256,30,24,11,299.770106
256,30,24,12,302.701306
256,30,24,13,300.276948
256,30,24,14,300.573525
256,30,24,15,303.736389
256,30,24,16,298.256539
256,30,24,17,302.168857
256,30,24,18,300.245177
256,30,24,19,298.118328
256,30,24,20,301.740814
256,30,24,21,300.970058
256,30,24,22,302.432305
256,30,24,23,300.037128
256,30,24,24,298.642703
256,30,24,25,301.017726
256,30,24,26,301.875129
256,30,24,27,301.454713
256,30,24,28,306.544498
256,30,24,29,302.805915
256,30,24,30,302.384778
256,30,25,1,301.950555
256,30,25,2,299.273711
256,30,25,3,300.140583
256,30,25,4,302.613427
256,30,25,5,301.741700
256,30,25,6,299.056560
256,30,25,7,296.845423
256,30,25,8,297.692732
256,30,25,9,296.500142
256,30,25,10,299.643267
256,30,25,11,303.741629
256,30,25,12,302.337370
256,30,25,13,301.309133
256,30,25,14,299.171411
256,30,25,15,300.627803
256,30,25,16,300.663248
256,30,25,17,304.387080
256,30,25,18,301.063008
256,30,25,19,299.992630
256,30,25,20,299.621681
256,30,25,21,297.555584
256,30,25,22,300.324331
256,30,25,23,298.154422
256,30,25,24,303.844679
256,30,25,25,298.732920
256,30,25,26,298.470397
256,30,25,27,301.682109
256,30,25,28,299.010058
256,30,25,29,299.687802
256,30,25,30,304.297983
256,30,26,1,302.334903
256,30,26,2,304.811669
256,30,26,3,301.577082
256,30,26,4,301.466439
256,30,26,5,300.020594
256,30,26,6,299.110636
256,30,26,7,330.847093
256,30,26,8,300.595565
256,30,26,9,299.751843
256,30,26,10,300.566697
256,30,26,11,299.519437
256,30,26,12,299.825678
256,30,26,13,301.705501
256,30,26,14,302.063919
256,30,26,15,299.986640
256,30,26,16,301.731079
256,30,26,17,299.421793
256,30,26,18,299.367192
256,30,26,19,299.753931
256,30,26,20,329.865944
256,30,26,21,300.637409
256,30,26,22,301.667021
256,30,26,23,301.984372
256,30,26,24,298.878147
256,30,26,25,299.746481
256,30,26,26,297.543443
256,30,26,27,329.938651
256,30,26,28,299.263163
256,30,26,29,299.140789
256,30,26,30,303.708992
256,30,27,1,300.057666
256,30,27,2,299.192800
256,30,27,3,331.035093
256,30,27,4,298.979560
256,30,27,5,301.978670
256,30,27,6,304.126742
256,30,27,7,298.718354
256,30,27,8,301.909728
256,30,27,9,300.112471
256,30,27,10,299.911911
256,30,27,11,298.514848
256,30,27,12,298.446350
256,30,27,13,303.839561
256,30,27,14,299.377414
256,30,27,15,297.961720
256,30,27,16,301.484809
256,30,27,17,298.829487
256,30,27,18,296.965574
256,30,27,19,302.308882
256,30,27,20,297.803974
256,30,27,21,301.087618
256,30,27,22,302.960432
256,30,27,23,302.259829
256,30,27,24,299.107043
256,30,27,25,301.335158
256,30,27,26,301.855358
256,30,27,27,302.039382
256,30,27,28,300.150371
256,30,27,29,299.105754
256,30,27,30,300.704788
256,30,28,1,302.552802
256,30,28,2,331.492643
256,30,28,3,304.138406
256,30,28,4,305.153786
256,30,28,5,297.354297
256,30,28,6,302.801080
256,30,28,7,302.801211
256,30,28,8,302.983089
256,30,28,9,330.370991
256,30,28,10,302.212756
256,30,28,11,298.095520
256,30,28,12,298.810424
256,30,28,13,297.550633
256,30,28,14,295.764334
256,30,28,15,298.672482
256,30,28,16,303.388698
256,30,28,17,299.217076
256,30,28,18,301.021794
256,30,28,19,299.449537
256,30,28,20,300.883902
256,30,28,21,302.126217
256,30,28,22,300.236172
256,30,28,23,299.586323
256,30,28,24,297.857712
256,30,28,25,303.974386
256,30,28,26,295.736507
256,30,28,27,295.541834
256,30,28,28,300.186124
256,30,28,29,300.001221
256,30,28,30,297.680958
256,30,29,1,301.959838
256,30,29,2,297.033656
256,30,29,3,298.997825
256,30,29,4,296.809962
256,30,29,5,297.618620
256,30,29,6,300.718037
256,30,29,7,295.118045
256,30,29,8,301.332939
256,30,29,9,301.197416
256,30,29,10,298.958263
256,30,29,11,299.944509
256,30,29,12,298.224857
256,30,29,13,300.407544
256,30,29,14,299.618686
256,30,29,15,298.656071
256,30,29,16,301.664733
256,30,29,17,303.832228
256,30,29,18,296.193127
256,30,29,19,299.078116
256,30,29,20,297.989328
256,30,29,21,301.823868
256,30,29,22,301.924319
256,30,29,23,300.431960
256,30,29,24,299.860918
256,30,29,25,298.963610
256,30,29,26,303.455534
256,30,29,27,303.418055
256,30,29,28,303.071168
256,30,29,29,299.092578
256,30,29,30,302.875068
256,30,30,1,298.617737
256,30,30,2,295.255748
256,30,30,3,301.870643
256,30,30,4,299.680306
256,30,30,5,294.702110
256,30,30,6,300.292098
256,30,30,7,303.402516
256,30,30,8,329.330682
256,30,30,9,303.322894
256,30,30,10,299.316881
256,30,30,11,295.400299
256,30,30,12,296.974824
256,30,30,13,300.999737
256,30,30,14,298.700731
256,30,30,15,301.321604
256,30,30,16,297.973891
256,30,30,17,301.583916
256,30,30,18,299.496546
256,30,30,19,297.711454
256,30,30,20,296.678258
256,30,30,21,296.111573
256,30,30,22,297.550738
256,30,30,23,302.823667
256,30,30,24,298.398065
256,30,30,25,297.740431
256,30,30,26,299.234396
256,30,30,27,333.181461
256,30,30,28,297.770075
256,30,30,29,298.671671
256,30,30,30,298.212502
256,30,31,1,299.553285
256,30,31,2,300.192888
256,30,31,3,299.467596
256,30,31,4,296.735029
256,30,31,5,297.629251
256,30,31,6,298.193970
256,30,31,7,335.807284
256,30,31,8,298.495860
256,30,31,9,299.059053
256,30,31,10,302.530429
256,30,31,11,333.653180
256,30,31,12,300.119780
256,30,31,13,300.402905
256,30,31,14,299.939265
256,30,31,15,298.303382
256,30,31,16,301.227895
256,30,31,17,298.659876
256,30,31,18,306.937782
256,30,31,19,297.390710
256,30,31,20,300.726124
256,30,31,21,300.720397
256,30,31,22,299.885522
256,30,31,23,301.920756
256,30,31,24,298.956826
256,30,31,25,303.635551
256,30,31,26,303.895185
256,30,31,27,297.823871
256,30,31,28,301.295826
256,30,31,29,300.062289
256,30,31,30,299.416646
256,30,32,1,298.785665
256,30,32,2,296.668555
256,30,32,3,297.233034
256,30,32,4,300.336543
256,30,32,5,300.902363
256,30,32,6,299.929292
256,30,32,7,297.081270
256,30,32,8,296.241286
256,30,32,9,300.334247
256,30,32,10,298.654374
256,30,32,11,296.317636
256,30,32,12,299.972673
256,30,32,13,299.551398
256,30,32,14,299.030629
256,30,32,15,331.893918
256,30,32,16,300.838280
256,30,32,17,298.505057
256,30,32,18,299.132720
256,30,32,19,300.213343
256,30,32,20,298.123055
256,30,32,21,298.276418
256,30,32,22,295.336946
256,30,32,23,295.684481
256,30,32,24,298.115186
256,30,32,25,295.870832
256,30,32,26,297.539438
256,30,32,27,297.263006
256,30,32,28,297.160374
256,30,32,29,300.509672
256,30,32,30,296.734992
256,30,33,1,297.594747
256,30,33,2,297.624451
256,30,33,3,300.013808
256,30,33,4,297.523139
256,30,33,5,331.836613
256,30,33,6,297.680699
256,30,33,7,295.868176
256,30,33,8,302.096333
256,30,33,9,297.733656
256,30,33,10,300.384250
256,30,33,11,295.693522
256,30,33,12,296.785363
256,30,33,13,298.354393
256,30,33,14,297.361407
256,30,33,15,298.068367
256,30,33,16,303.853933
256,30,33,17,298.990953
256,30,33,18,299.248152
256,30,33,19,300.391985
256,30,33,20,298.275324
256,30,33,21,300.968284
256,30,33,22,298.818024
256,30,33,23,300.336132
256,30,33,24,296.594784
256,30,33,25,302.844913
256,30,33,26,298.933929
256,30,33,27,298.893694
256,30,33,28,336.383421
256,30,33,29,298.220366
256,30,33,30,299.836708
256,30,34,1,300.152552
256,30,34,2,300.401896
256,30,34,3,299.494573
256,30,34,4,298.977900
256,30,34,5,295.814684
256,30,34,6,297.380229
256,30,34,7,295.323528
256,30,34,8,295.824970
256,30,34,9,296.937861
256,30,34,10,297.218594
256,30,34,11,299.958040
256,30,34,12,294.405759
256,30,34,13,299.379060
256,30,34,14,294.875203
256,30,34,15,312.315960
256,30,34,16,296.592549
256,30,34,17,295.122280
256,30,34,18,293.898904
256,30,34,19,295.507611
256,30,34,20,297.321150
256,30,34,21,295.687893
256,30,34,22,297.185601
256,30,34,23,299.960816
256,30,34,24,297.520025
256,30,34,25,297.195560
256,30,34,26,296.564754
256,30,34,27,295.695423
256,30,34,28,302.291401
256,30,34,29,294.491824
256,30,34,30,294.760878
256,30,35,1,300.117745
256,30,35,2,292.226380
256,30,35,3,294.710633
256,30,35,4,292.063691
256,30,35,5,297.246031
256,30,35,6,300.139289
256,30,35,7,295.517473
256,30,35,8,293.682196
256,30,35,9,294.815319
256,30,35,10,299.947182
256,30,35,11,295.269289
256,30,35,12,293.301748
256,30,35,13,296.197288
256,30,35,14,293.446359
256,30,35,15,298.593743
256,30,35,16,295.908234
256,30,35,17,300.226096
256,30,35,18,296.589300
256,30,35,19,294.663223
256,30,35,20,297.453429
256,30,35,21,293.257745
256,30,35,22,294.255591
256,30,35,23,298.693039
256,30,35,24,300.363252
256,30,35,25,297.474885
256,30,35,26,296.616484
256,30,35,27,295.361992
256,30,35,28,295.024582
256,30,35,29,295.841874
256,30,35,30,301.172516
256,30,36,1,295.522105
256,30,36,2,298.359941
256,30,36,3,295.688589
256,30,36,4,294.654143
256,30,36,5,297.552201
256,30,36,6,295.894331
256,30,36,7,297.993100
256,30,36,8,297.862561
256,30,36,9,330.133788
256,30,36,10,300.038944
256,30,36,11,296.759772
256,30,36,12,297.255214
256,30,36,13,301.388635
256,30,36,14,298.605002
256,30,36,15,298.525640
256,30,36,16,296.646452
256,30,36,17,297.185657
256,30,36,18,296.085944
256,30,36,19,301.834992
256,30,36,20,296.742800
256,30,36,21,295.918696
256,30,36,22,297.425637
256,30,36,23,295.813302
256,30,36,24,294.598917
256,30,36,25,297.358684
256,30,36,26,295.528317
256,30,36,27,298.219912
256,30,36,28,298.706070
256,30,36,29,295.267650
256,30,36,30,296.963170
256,30,37,1,296.224044
256,30,37,2,296.357851
256,30,37,3,296.973884
256,30,37,4,295.330316
256,30,37,5,292.591756
256,30,37,6,301.766824
256,30,37,7,296.677575
256,30,37,8,295.743316
256,30,37,9,299.062572
256,30,37,10,295.352076
256,30,37,11,296.756535
256,30,37,12,296.907244
256,30,37,13,299.358497
256,30,37,14,299.950636
256,30,37,15,294.625444
256,30,37,16,296.597925
256,30,37,17,295.172299
256,30,37,18,297.409045
256,30,37,19,293.679885
256,30,37,20,300.451725
256,30,37,21,295.264028
256,30,37,22,298.794095
256,30,37,23,298.294512
256,30,37,24,298.297213
256,30,37,25,294.419984
256,30,37,26,294.053104
256,30,37,27,296.828040
256,30,37,28,297.467533
256,30,37,29,296.841191
256,30,37,30,296.968275
256,30,38,1,297.305023
256,30,38,2,297.038874
256,30,38,3,298.283562
256,30,38,4,299.674018
256,30,38,5,298.164622
256,30,38,6,295.128799
256,30,38,7,295.234071
256,30,38,8,299.999841
256,30,38,9,332.770303
256,30,38,10,298.594163
256,30,38,11,298.866369
256,30,38,12,295.449954
256,30,38,13,300.097759
256,30,38,14,296.255660
256,30,38,15,298.006961
256,30,38,16,295.926853
256,30,38,17,299.763262
256,30,38,18,297.653541
256,30,38,19,295.123377
256,30,38,20,292.890884
256,30,38,21,296.827446
256,30,38,22,298.554894
256,30,38,23,293.250996
256,30,38,24,295.684616
256,30,38,25,297.578315
256,30,38,26,299.974339
256,30,38,27,295.490975
256,30,38,28,298.581324
256,30,38,29,294.239132
256,30,38,30,295.295446
256,30,39,1,298.151188
256,30,39,2,296.498179
256,30,39,3,296.450190
256,30,39,4,297.713333
256,30,39,5,297.952974
256,30,39,6,329.510269
256,30,39,7,295.967916
256,30,39,8,296.861491
256,30,39,9,295.765673
256,30,39,10,295.915177
256,30,39,11,294.508313
256,30,39,12,294.058460
256,30,39,13,312.262236
256,30,39,14,297.710419
256,30,39,15,298.918963
256,30,39,16,295.245875
256,30,39,17,299.277664
256,30,39,18,302.560488
256,30,39,19,298.470359
256,30,39,20,299.299913
256,30,39,21,297.048928
256,30,39,22,298.223557
256,30,39,23,295.879618
256,30,39,24,298.558306
256,30,39,25,298.386362
256,30,39,26,296.428120
256,30,39,27,300.910710
256,30,39,28,298.618969
256,30,39,29,295.432106
256,30,39,30,303.549231
256,30,40,1,299.171211
256,30,40,2,300.845504
256,30,40,3,299.066916
256,30,40,4,302.386585
256,30,40,5,301.201709
256,30,40,6,300.670613
256,30,40,7,298.599950
256,30,40,8,303.278886
256,30,40,9,334.013006
256,30,40,10,302.236485
256,30,40,11,297.430563
256,30,40,12,299.902420
256,30,40,13,299.207156
256,30,40,14,300.168832
256,30,40,15,299.121893
256,30,40,16,298.989136
256,30,40,17,295.137364
256,30,40,18,332.374914
256,30,40,19,295.668378
256,30,40,20,297.981733
256,30,40,21,300.196108
256,30,40,22,296.683580
256,30,40,23,301.169089
256,30,40,24,302.907902
256,30,40,25,296.828232
256,30,40,26,297.821680
256,30,40,27,296.481302
256,30,40,28,299.189259
256,30,40,29,297.015948
256,30,40,30,298.695674
256,30,41,1,301.061107
256,30,41,2,299.078800
256,30,41,3,303.563674
256,30,41,4,299.229202
256,30,41,5,300.235216
256,30,41,6,299.658529
256,30,41,7,299.144658
256,30,41,8,298.043189
256,30,41,9,297.581436
256,30,41,10,295.163226
256,30,41,11,299.210775
256,30,41,12,297.637808
256,30,41,13,299.761866
256,30,41,14,300.484055
256,30,41,15,296.316692
256,30,41,16,293.760182
256,30,41,17,292.986470
256,30,41,18,293.536008
256,30,41,19,293.493059
256,30,41,20,305.170676
256,30,41,21,298.058122
256,30,41,22,296.892047
256,30,41,23,296.530119
256,30,41,24,353.443949
256,30,41,25,294.700668
256,30,41,26,292.354564
256,30,41,27,294.874676
256,30,41,28,298.261717
256,30,41,29,293.493041
256,30,41,30,299.911898
256,30,42,1,297.432360
256,30,42,2,293.618289
256,30,42,3,298.298343
256,30,42,4,330.002969
256,30,42,5,297.558178
256,30,42,6,299.020238
256,30,42,7,291.950778
256,30,42,8,292.547696
256,30,42,9,297.219920
256,30,42,10,299.977844
256,30,42,11,296.704333
256,30,42,12,299.931544
256,30,42,13,302.804043
256,30,42,14,296.719014
256,30,42,15,299.376578
256,30,42,16,299.754003
256,30,42,17,330.568996
256,30,42,18,293.449881
256,30,42,19,295.718180
256,30,42,20,293.444827
256,30,42,21,292.940344
256,30,42,22,296.618721
256,30,42,23,302.967836
256,30,42,24,298.986562
256,30,42,25,293.702976
256,30,42,26,294.080351
256,30,42,27,331.775495
256,30,42,28,296.828323
256,30,42,29,296.561008
256,30,42,30,332.181503
256,30,43,1,297.228842
256,30,43,2,293.758573
256,30,43,3,296.007031
256,30,43,4,299.817087
256,30,43,5,299.521332
256,30,43,6,297.632706
256,30,43,7,295.072106
256,30,43,8,295.962034
256,30,43,9,298.929938
256,30,43,10,305.209556
256,30,43,11,300.472751
256,30,43,12,300.429128
256,30,43,13,301.071475
256,30,43,14,300.246301
256,30,43,15,296.210992
256,30,43,16,299.103729
256,30,43,17,297.911111
256,30,43,18,299.293757
256,30,43,19,335.279318
256,30,43,20,297.780859
256,30,43,21,296.252271
256,30,43,22,332.703466
256,30,43,23,295.939818
256,30,43,24,298.422112
256,30,43,25,301.503438
256,30,43,26,301.333446
256,30,43,27,296.901421
256,30,43,28,299.582376
256,30,43,29,299.030035
256,30,43,30,295.534809
256,30,44,1,299.355660
256,30,44,2,300.955411
256,30,44,3,297.614583
256,30,44,4,299.059225
256,30,44,5,300.429912
256,30,44,6,299.171978
256,30,44,7,297.587489
256,30,44,8,297.732132
256,30,44,9,297.834746
256,30,44,10,299.107096
256,30,44,11,299.073332
256,30,44,12,296.661554
256,30,44,13,303.749990
256,30,44,14,296.929105
256,30,44,15,299.662666
256,30,44,16,299.101361
256,30,44,17,297.304358
256,30,44,18,302.541071
256,30,44,19,297.758071
256,30,44,20,295.084904
256,30,44,21,301.170138
256,30,44,22,300.015828
256,30,44,23,300.380052
256,30,44,24,299.036847
256,30,44,25,296.332296
256,30,44,26,297.114572
256,30,44,27,301.448596
256,30,44,28,299.244526
256,30,44,29,299.205223
256,30,44,30,304.128026
256,30,45,1,300.382986
256,30,45,2,296.726481
256,30,45,3,299.881847
256,30,45,4,300.247136
256,30,45,5,301.420744
256,30,45,6,298.157236
256,30,45,7,295.124448
256,30,45,8,294.785252
256,30,45,9,299.092652
256,30,45,10,300.485555
256,30,45,11,295.310609
256,30,45,12,296.549607
256,30,45,13,298.621320
256,30,45,14,295.147914
256,30,45,15,295.454373
256,30,45,16,297.692751
256,30,45,17,305.477062
256,30,45,18,295.994177
256,30,45,19,298.857728
256,30,45,20,299.536302
256,30,45,21,300.126008
256,30,45,22,297.858561
256,30,45,23,296.434229
256,30,45,24,299.505349
256,30,45,25,299.135898
256,30,45,26,298.875042
256,30,45,27,298.938938
256,30,45,28,297.126278
256,30,45,29,294.277375
256,30,45,30,302.503225
256,30,46,1,299.614566
256,30,46,2,297.298237
256,30,46,3,303.498679
256,30,46,4,300.754058
256,30,46,5,298.320594
256,30,46,6,295.430783
256,30,46,7,296.314860
256,30,46,8,298.986447
256,30,46,9,296.974207
256,30,46,10,294.716395
256,30,46,11,300.769071
256,30,46,12,295.703073
256,30,46,13,296.393027
256,30,46,14,299.947415
256,30,46,15,298.024306
256,30,46,16,298.462714
256,30,46,17,297.309745
256,30,46,18,298.087425
256,30,46,19,295.447340
256,30,46,20,305.280849
256,30,46,21,301.359990
256,30,46,22,301.007490
256,30,46,23,296.479948
256,30,46,24,299.146838
256,30,46,25,301.876178
256,30,46,26,297.479666
256,30,46,27,297.950099
256,30,46,28,299.843543
256,30,46,29,296.983217
256,30,46,30,295.472076
256,30,47,1,295.557581
256,30,47,2,298.945402
256,30,47,3,299.088489
256,30,47,4,298.434096
256,30,47,5,299.116418
256,30,47,6,297.825451
256,30,47,7,304.710524
256,30,47,8,300.552417
256,30,47,9,301.257686
256,30,47,10,334.359229
256,30,47,11,332.512236
256,30,47,12,299.734066
256,30,47,13,297.829607
256,30,47,14,297.538462
256,30,47,15,295.879274
256,30,47,16,297.771814
256,30,47,17,335.738083
256,30,47,18,296.609081
256,30,47,19,297.638263
256,30,47,20,299.278395
256,30,47,21,298.985545
256,30,47,22,299.360428
256,30,47,23,303.476533
256,30,47,24,294.913769
256,30,47,25,301.322048
256,30,47,26,301.468895
256,30,47,27,299.271194
256,30,47,28,297.421456
256,30,47,29,297.897436
256,30,47,30,302.569052
256,30,48,1,299.588709
256,30,48,2,298.831040
256,30,48,3,299.090291
256,30,48,4,295.082239
256,30,48,5,299.925102
256,30,48,6,302.710779
256,30,48,7,297.865473
256,30,48,8,296.018657
256,30,48,9,299.185956
256,30,48,10,337.771219
256,30,48,11,299.285497
256,30,48,12,298.090198
256,30,48,13,297.786823
256,30,48,14,300.438071
256,30,48,15,300.202958
256,30,48,16,295.766929
256,30,48,17,299.897840
256,30,48,18,302.926765
256,30,48,19,297.234925
256,30,48,20,292.628932
256,30,48,21,290.987482
256,30,48,22,296.271030
256,30,48,23,298.453151
256,30,48,24,300.412853
256,30,48,25,298.474625
256,30,48,26,299.942156
256,30,48,27,305.250112
256,30,48,28,298.356485
256,30,48,29,298.081094
256,30,48,30,300.318095
256,30,49,1,302.937224
256,30,49,2,295.853305
256,30,49,3,300.061854
256,30,49,4,297.341314
256,30,49,5,300.534054
256,30,49,6,300.197621
256,30,49,7,300.080819
256,30,49,8,299.254561
256,30,49,9,300.178481
256,30,49,10,297.122597
256,30,49,11,295.539966
256,30,49,12,298.156363
256,30,49,13,296.510981
256,30,49,14,298.978430
256,30,49,15,312.563126
256,30,49,16,297.761740
256,30,49,17,327.840683
256,30,49,18,327.914881
256,30,49,19,297.704018
256,30,49,20,328.229337
256,30,49,21,297.871801
256,30,49,22,302.105228
256,30,49,23,298.231929
256,30,49,24,329.316975
256,30,49,25,299.281490
256,30,49,26,328.647015
256,30,49,27,329.324737
256,30,49,28,301.981311
256,30,49,29,296.986474
256,30,49,30,332.579436
256,30,50,1,298.070546
256,30,50,2,328.242274
256,30,50,3,328.464078
256,30,50,4,300.454853
256,30,50,5,331.907042
256,30,50,6,327.910583
256,30,50,7,298.412024
256,30,50,8,329.359936
256,30,50,9,302.523103
256,30,50,10,300.748723
256,30,50,11,297.059953
256,30,50,12,329.673198
256,30,50,13,298.844059
256,30,50,14,300.742001
256,30,50,15,297.875026
256,30,50,16,301.177066
256,30,50,17,299.431259
256,30,50,18,327.920492
256,30,50,19,295.868051
256,30,50,20,296.456459
256,30,50,21,297.704095
256,30,50,22,328.422021
256,30,50,23,300.303072
256,30,50,24,328.284604
256,30,50,25,326.532523
256,30,50,26,297.211352
256,30,50,27,327.705611
256,30,50,28,296.534128
256,30,50,29,327.945177
256,30,50,30,298.892835
256,60,1,1,298.403933
256,60,1,2,298.934636
256,60,1,3,296.129043
256,60,1,4,298.039723
256,60,1,5,300.886005
256,60,1,6,296.814147
256,60,1,7,295.802662
256,60,1,8,295.375556
256,60,1,9,298.456219
256,60,1,10,327.094818
256,60,1,11,294.532043
256,60,1,12,297.135756
256,60,1,13,293.986694
256,60,1,14,326.406783
256,60,1,15,297.465876
256,60,1,16,297.011648
256,60,1,17,298.853693
256,60,1,18,330.823981
256,60,1,19,296.638709
256,60,1,20,297.832538
256,60,1,21,297.695459
256,60,1,22,296.784597
256,60,1,23,295.438731
256,60,1,24,326.041579
256,60,1,25,296.025608
256,60,1,26,301.083923
256,60,1,27,297.958271
256,60,1,28,328.410227
256,60,1,29,326.048805
256,60,1,30,299.999026
256,60,1,31,332.120409
256,60,1,32,298.719002
256,60,1,33,328.068998
256,60,1,34,298.627940
256,60,1,35,299.761161
256,60,1,36,296.766192
256,60,1,37,331.366261
256,60,1,38,297.522047
256,60,1,39,299.087710
256,60,1,40,297.590090
256,60,1,41,298.090971
256,60,1,42,296.109912
256,60,1,43,300.060706
256,60,1,44,297.669596
256,60,1,45,295.727866
256,60,1,46,326.645951
256,60,1,47,295.315283
256,60,1,48,325.682977
256,60,1,49,324.899151
256,60,1,50,297.475544
256,60,1,51,298.853989
256,60,1,52,329.382873
256,60,1,53,298.580812
256,60,1,54,298.734854
256,60,1,55,297.263422
256,60,1,56,300.380118
256,60,1,57,297.083673
256,60,1,58,298.287001
256,60,1,59,293.767720
256,60,1,60,294.723811
256,60,2,1,296.386271
256,60,2,2,297.981938
256,60,2,3,301.228275
256,60,2,4,297.533673
256,60,2,5,294.400603
256,60,2,6,294.207048
256,60,2,7,297.245203
256,60,2,8,300.357144
256,60,2,9,299.048652
256,60,2,10,298.429289
256,60,2,11,291.400442
256,60,2,12,293.297297
256,60,2,13,300.398234
256,60,2,14,296.876879
256,60,2,15,291.708403
256,60,2,16,292.688867
256,60,2,17,294.847884
256,60,2,18,290.843389
256,60,2,19,290.787392
256,60,2,20,291.925284
256,60,2,21,296.315644
256,60,2,22,295.350282
256,60,2,23,295.870390
256,60,2,24,292.042968
256,60,2,25,301.314762
256,60,2,26,298.850559
256,60,2,27,296.564280
256,60,2,28,292.776371
256,60,2,29,294.594295
256,60,2,30,299.379674
256,60,2,31,296.343831
256,60,2,32,294.884895
256,60,2,33,294.835283
256,60,2,34,328.852355
256,60,2,35,293.992268
256,60,2,36,298.122278
256,60,2,37,296.972263
256,60,2,38,294.963700
256,60,2,39,296.804522
256,60,2,40,299.663451
256,60,2,41,293.767035
256,60,2,42,295.922374
256,60,2,43,295.810650
256,60,2,44,299.669417
256,60,2,45,295.074691
256,60,2,46,297.381080
256,60,2,47,293.786210
256,60,2,48,294.473387
256,60,2,49,299.281300
256,60,2,50,294.846679
256,60,2,51,295.552734
256,60,2,52,292.779604
256,60,2,53,297.628920
256,60,2,54,296.346007
256,60,2,55,298.105272
256,60,2,56,292.331201
256,60,2,57,299.035025
256,60,2,58,293.476467
256,60,2,59,295.205691
256,60,2,60,295.640489
256,60,3,1,293.476975
256,60,3,2,294.518399
256,60,3,3,292.500157
256,60,3,4,298.014474
256,60,3,5,295.166537
256,60,3,6,296.808668
256,60,3,7,294.388682
256,60,3,8,294.576500
256,60,3,9,294.153114
256,60,3,10,294.928517
256,60,3,11,294.773585
256,60,3,12,292.944349
256,60,3,13,329.931645
256,60,3,14,293.506668
256,60,3,15,296.472197
256,60,3,16,303.574994
256,60,3,17,294.205670
256,60,3,18,297.492502
256,60,3,19,297.242031
256,60,3,20,298.032222
256,60,3,21,298.717243
256,60,3,22,297.716934
256,60,3,23,330.597998
256,60,3,24,302.171487
256,60,3,25,296.677625
256,60,3,26,294.286501
256,60,3,27,330.136979
256,60,3,28,300.234208
256,60,3,29,331.288811
256,60,3,30,295.358291
256,60,3,31,296.807199
256,60,3,32,302.209707
256,60,3,33,294.862612
256,60,3,34,295.555840
256,60,3,35,295.540750
256,60,3,36,294.869387
256,60,3,37,294.761110
256,60,3,38,294.457227
256,60,3,39,296.253162
256,60,3,40,295.294859
256,60,3,41,296.982317
256,60,3,42,295.661035
256,60,3,43,295.155199
256,60,3,44,296.318700
256,60,3,45,295.551498
256,60,3,46,294.577250
256,60,3,47,296.655244
256,60,3,48,297.796364
256,60,3,49,335.370676
256,60,3,50,295.787272
256,60,3,51,297.175279
256,60,3,52,296.821907
256,60,3,53,294.388314
256,60,3,54,295.621472
256,60,3,55,295.272510
256,60,3,56,296.128051
256,60,3,57,294.993874
256,60,3,58,297.003588
256,60,3,59,297.184749
256,60,3,60,297.239453
256,60,4,1,294.686781
256,60,4,2,331.361050
256,60,4,3,298.459845
256,60,4,4,299.571840
256,60,4,5,297.968336
256,60,4,6,297.921832
256,60,4,7,298.575799
256,60,4,8,297.738388
256,60,4,9,296.460276
256,60,4,10,296.392526
256,60,4,11,299.281144
256,60,4,12,299.605174
256,60,4,13,298.241216
256,60,4,14,298.060146
256,60,4,15,333.067252
256,60,4,16,292.065658
256,60,4,17,297.279232
256,60,4,18,298.029927
256,60,4,19,296.786204
256,60,4,20,301.508097
256,60,4,21,297.520036
256,60,4,22,299.507952
256,60,4,23,298.855362
256,60,4,24,299.719567
256,60,4,25,334.184726
256,60,4,26,299.332279
256,60,4,27,299.878974
256,60,4,28,294.995081
256,60,4,29,300.180733
256,60,4,30,296.778770
256,60,4,31,334.649379
256,60,4,32,295.184736
256,60,4,33,301.011847
256,60,4,34,301.343745
256,60,4,35,335.480041
256,60,4,36,297.826412
256,60,4,37,297.205196
256,60,4,38,294.690899
256,60,4,39,300.227468
256,60,4,40,300.318201
256,60,4,41,297.045640
256,60,4,42,294.710875
256,60,4,43,295.848634
256,60,4,44,301.835690
256,60,4,45,298.293173
256,60,4,46,298.221296
256,60,4,47,298.900199
256,60,4,48,335.142643
256,60,4,49,296.743135
256,60,4,50,298.770755
256,60,4,51,298.453941
256,60,4,52,299.639782
256,60,4,53,298.287268
256,60,4,54,299.320904
256,60,4,55,299.409960
256,60,4,56,301.633686
256,60,4,57,298.253551
256,60,4,58,297.341764
256,60,4,59,298.628552
256,60,4,60,305.081733
256,60,5,1,297.139699
256,60,5,2,296.774997
256,60,5,3,296.792191
256,60,5,4,301.907101
256,60,5,5,299.993264
256,60,5,6,299.199970
256,60,5,7,332.866843
256,60,5,8,296.130919
256,60,5,9,299.613843
256,60,5,10,297.744670
256,60,5,11,299.283997
256,60,5,12,301.342430
256,60,5,13,301.321829
256,60,5,14,297.747294
256,60,5,15,295.388091
256,60,5,16,294.791472
256,60,5,17,332.259163
256,60,5,18,298.833241
256,60,5,19,298.217389
256,60,5,20,301.094311
256,60,5,21,299.676535
256,60,5,22,295.975819
256,60,5,23,296.992192
256,60,5,24,298.167885
256,60,5,25,296.263212
256,60,5,26,299.727161
256,60,5,27,302.058059
256,60,5,28,296.477564
256,60,5,29,303.642964
256,60,5,30,329.089119
256,60,5,31,299.185795
256,60,5,32,297.115781
256,60,5,33,331.482150
256,60,5,34,297.123557
256,60,5,35,299.083891
256,60,5,36,297.732375
256,60,5,37,300.172257
256,60,5,38,301.113284
256,60,5,39,298.827164
256,60,5,40,300.080713
256,60,5,41,299.203923
256,60,5,42,299.137569
256,60,5,43,300.799991
256,60,5,44,299.486273
256,60,5,45,303.230522
256,60,5,46,333.273746
256,60,5,47,297.213912
256,60,5,48,299.252375
256,60,5,49,298.203243
256,60,5,50,298.165002
256,60,5,51,298.624083
256,60,5,52,298.806079
256,60,5,53,301.887688
256,60,5,54,299.108895
256,60,5,55,298.110766
256,60,5,56,295.830757
256,60,5,57,333.797238
256,60,5,58,301.139300
256,60,5,59,333.360095
256,60,5,60,300.691792
256,60,6,1,298.829562
256,60,6,2,303.957715
256,60,6,3,298.285550
256,60,6,4,300.971751
256,60,6,5,297.255791
256,60,6,6,299.880660
256,60,6,7,297.289231
256,60,6,8,297.427547
256,60,6,9,332.966038
256,60,6,10,301.184865
256,60,6,11,298.513891
256,60,6,12,300.124490
256,60,6,13,301.759987
256,60,6,14,303.099844
256,60,6,15,297.628071
256,60,6,16,299.304446
256,60,6,17,300.633783
256,60,6,18,299.545593
256,60,6,19,299.451880
256,60,6,20,299.695482
256,60,6,21,300.568119
256,60,6,22,299.742367
256,60,6,23,297.609751
256,60,6,24,300.277453
256,60,6,25,299.225211
256,60,6,26,300.909271
256,60,6,27,299.770490
256,60,6,28,298.979192
256,60,6,29,299.787064
256,60,6,30,301.074159
256,60,6,31,337.793249
256,60,6,32,297.300202
256,60,6,33,299.356092
256,60,6,34,297.425587
256,60,6,35,300.731229
256,60,6,36,299.039268
256,60,6,37,300.018441
256,60,6,38,296.814878
256,60,6,39,297.822688
256,60,6,40,300.832464
256,60,6,41,298.293569
256,60,6,42,297.885876
256,60,6,43,298.169106
256,60,6,44,334.052980
256,60,6,45,300.785354
256,60,6,46,298.772502
256,60,6,47,333.783429
256,60,6,48,331.573317
256,60,6,49,304.361471
256,60,6,50,333.811066
256,60,6,51,301.730549
256,60,6,52,297.641618
256,60,6,53,299.465894
256,60,6,54,334.246934
256,60,6,55,296.914535
256,60,6,56,302.475759
256,60,6,57,298.587903
256,60,6,58,299.221998
256,60,6,59,300.527315
256,60,6,60,298.322500
256,60,7,1,299.642982
256,60,7,2,298.313373
256,60,7,3,302.858052
256,60,7,4,295.056802
256,60,7,5,296.833452
256,60,7,6,300.653110
256,60,7,7,334.944866
256,60,7,8,301.858243
256,60,7,9,300.625895
256,60,7,10,301.170363
256,60,7,11,299.295650
256,60,7,12,299.787597
256,60,7,13,299.261862
256,60,7,14,299.259809
256,60,7,15,297.267825
256,60,7,16,325.017282
256,60,7,17,299.728718
256,60,7,18,296.943786
256,60,7,19,300.057110
256,60,7,20,332.290907
256,60,7,21,298.151579
256,60,7,22,299.271225
256,60,7,23,334.091873
256,60,7,24,297.415901
256,60,7,25,298.959456
256,60,7,26,296.463143
256,60,7,27,299.434059
256,60,7,28,296.064539
256,60,7,29,328.894426
256,60,7,30,296.112477
256,60,7,31,298.139254
256,60,7,32,328.801386
256,60,7,33,297.934417
256,60,7,34,297.812921
256,60,7,35,295.500376
256,60,7,36,329.355574
256,60,7,37,295.838230
256,60,7,38,298.302581
256,60,7,39,302.343933
256,60,7,40,300.058140
256,60,7,41,303.229756
256,60,7,42,334.699467
256,60,7,43,298.704350
256,60,7,44,299.926786
256,60,7,45,329.916909
256,60,7,46,298.864335
256,60,7,47,300.328389
256,60,7,48,297.381676
256,60,7,49,333.432687
256,60,7,50,299.082330
256,60,7,51,332.923879
256,60,7,52,297.849753
256,60,7,53,299.647246
256,60,7,54,296.723337
256,60,7,55,328.873321
256,60,7,56,297.799896
256,60,7,57,332.653181
256,60,7,58,301.562118
256,60,7,59,297.872650
256,60,7,60,300.179724
256,60,8,1,329.098756
256,60,8,2,327.396053
256,60,8,3,295.748149
256,60,8,4,327.921783
256,60,8,5,296.822997
256,60,8,6,297.619782
256,60,8,7,329.789328
256,60,8,8,297.863575
256,60,8,9,294.607530
256,60,8,10,332.822468
256,60,8,11,298.057652
256,60,8,12,298.452220
256,60,8,13,301.639660
256,60,8,14,330.755018
256,60,8,15,301.918686
256,60,8,16,295.238550
256,60,8,17,295.919477
256,60,8,18,329.119634
256,60,8,19,298.521680
256,60,8,20,329.647967
256,60,8,21,297.782300
256,60,8,22,296.698231
256,60,8,23,295.003776
256,60,8,24,295.581707
256,60,8,25,297.079580
256,60,8,26,298.566985
256,60,8,27,295.307911
256,60,8,28,297.948021
256,60,8,29,295.972753
256,60,8,30,335.489994
256,60,8,31,298.532878
256,60,8,32,299.410493
256,60,8,33,296.825535
256,60,8,34,298.195538
256,60,8,35,299.776432
256,60,8,36,297.386761
256,60,8,37,298.099527
256,60,8,38,300.760822
256,60,8,39,297.795393
256,60,8,40,328.200199
256,60,8,41,298.250876
256,60,8,42,299.577894
256,60,8,43,299.168833
256,60,8,44,301.016598
256,60,8,45,299.879553
256,60,8,46,334.140372
256,60,8,47,299.431088
256,60,8,48,300.003116
256,60,8,49,297.280738
256,60,8,50,295.100567
256,60,8,51,302.177374
256,60,8,52,331.540675
256,60,8,53,298.949917
256,60,8,54,298.805673
256,60,8,55,298.478154
256,60,8,56,333.921227
256,60,8,57,299.251376
256,60,8,58,295.036557
256,60,8,59,294.122343
256,60,8,60,297.869650
256,60,9,1,302.532402
256,60,9,2,333.256132
256,60,9,3,300.281236
256,60,9,4,296.715627
256,60,9,5,299.374918
256,60,9,6,298.785758
256,60,9,7,295.063142
256,60,9,8,302.589196
256,60,9,9,297.545302
256,60,9,10,298.860580
256,60,9,11,305.348643
256,60,9,12,331.186319
256,60,9,13,296.821111
256,60,9,14,298.114358
256,60,9,15,300.449931
256,60,9,16,298.883478
256,60,9,17,304.385062
256,60,9,18,294.917393
256,60,9,19,300.985179
256,60,9,20,300.033761
256,60,9,21,330.749607
256,60,9,22,297.907151
256,60,9,23,330.473162
256,60,9,24,329.108335
256,60,9,25,299.657101
256,60,9,26,296.773899
256,60,9,27,300.021588
256,60,9,28,331.084503
256,60,9,29,298.795405
256,60,9,30,302.030324
256,60,9,31,299.242400
256,60,9,32,297.750184
256,60,9,33,297.596953
256,60,9,34,335.395017
256,60,9,35,299.790526
256,60,9,36,299.369043
256,60,9,37,299.365661
256,60,9,38,330.672551
256,60,9,39,299.723136
256,60,9,40,297.299271
256,60,9,41,297.531658
256,60,9,42,299.022418
256,60,9,43,299.740089
256,60,9,44,331.415672
256,60,9,45,299.835317
256,60,9,46,299.406711
256,60,9,47,300.069416
256,60,9,48,300.136217
256,60,9,49,297.010017
256,60,9,50,330.920854
256,60,9,51,297.066161
256,60,9,52,299.675584
256,60,9,53,331.209060
256,60,9,54,302.030574
256,60,9,55,300.177713
256,60,9,56,300.099399
256,60,9,57,331.251896
256,60,9,58,298.750538
256,60,9,59,300.078729
256,60,9,60,333.791922
256,60,10,1,301.785974
256,60,10,2,299.526701
256,60,10,3,329.457285
256,60,10,4,293.860428
256,60,10,5,293.749080
256,60,10,6,294.211554
256,60,10,7,293.715437
256,60,10,8,297.518481
256,60,10,9,293.232924
256,60,10,10,294.950127
256,60,10,11,294.946030
256,60,10,12,295.981439
256,60,10,13,294.474828
256,60,10,14,300.237913
256,60,10,15,293.003913
256,60,10,16,291.878840
256,60,10,17,292.529416
256,60,10,18,293.233251
256,60,10,19,295.218279
256,60,10,20,295.946583
256,60,10,21,296.951712
256,60,10,22,295.292315
256,60,10,23,296.569827
256,60,10,24,296.323708
256,60,10,25,299.559957
256,60,10,26,295.370105
256,60,10,27,295.598307
256,60,10,28,295.696785
256,60,10,29,293.170716
256,60,10,30,294.203977
256,60,10,31,298.038213
256,60,10,32,296.359464
256,60,10,33,293.753648
256,60,10,34,296.683120
256,60,10,35,295.891996
256,60,10,36,298.216333
256,60,10,37,297.818950
256,60,10,38,296.005313
256,60,10,39,295.900965
256,60,10,40,294.730485
256,60,10,41,299.604962
256,60,10,42,299.417666
256,60,10,43,295.309399
256,60,10,44,294.638638
256,60,10,45,298.573442
256,60,10,46,297.168691
256,60,10,47,297.380833
256,60,10,48,298.683981
256,60,10,49,293.744230
256,60,10,50,298.891690
256,60,10,51,296.762249
256,60,10,52,297.925692
256,60,10,53,295.292963
256,60,10,54,296.654159
256,60,10,55,294.982821
256,60,10,56,297.007187
256,60,10,57,301.111855
256,60,10,58,295.099649
256,60,10,59,297.369728
256,60,10,60,297.751135
256,60,11,1,301.114782
256,60,11,2,296.171496
256,60,11,3,292.062192
256,60,11,4,292.367904
256,60,11,5,291.134827
256,60,11,6,295.880248
256,60,11,7,294.966375
256,60,11,8,298.278106
256,60,11,9,297.068507
256,60,11,10,296.969445
256,60,11,11,295.314083
256,60,11,12,298.797615
256,60,11,13,293.892516
256,60,11,14,301.063353
256,60,11,15,295.081482
256,60,11,16,299.092695
256,60,11,17,294.986475
256,60,11,18,291.930718
256,60,11,19,296.420707
256,60,11,20,294.143506
256,60,11,21,297.264817
256,60,11,22,299.751391
256,60,11,23,295.658801
256,60,11,24,296.297336
256,60,11,25,293.272170
256,60,11,26,294.383994
256,60,11,27,294.580690
256,60,11,28,295.748978
256,60,11,29,294.162798
256,60,11,30,293.898380
256,60,11,31,295.399717
256,60,11,32,294.653276
256,60,11,33,298.662447
256,60,11,34,296.259950
256,60,11,35,295.479438
256,60,11,36,295.620019
256,60,11,37,294.766743
256,60,11,38,294.537689
256,60,11,39,294.985326
256,60,11,40,294.493859
256,60,11,41,295.687456
256,60,11,42,295.244966
256,60,11,43,293.728560
256,60,11,44,296.266065
256,60,11,45,294.642676
256,60,11,46,294.428085
256,60,11,47,296.253321
256,60,11,48,297.217367
256,60,11,49,294.699562
256,60,11,50,300.133337
256,60,11,51,296.740168
256,60,11,52,293.091812
256,60,11,53,294.791475
256,60,11,54,296.324907
256,60,11,55,296.135143
256,60,11,56,293.626102
256,60,11,57,297.765253
256,60,11,58,297.572755
256,60,11,59,294.752132
256,60,11,60,293.158888
256,60,12,1,296.651581
256,60,12,2,299.433223
256,60,12,3,296.955796
256,60,12,4,294.517231
256,60,12,5,298.061667
256,60,12,6,292.461549
256,60,12,7,298.700323
256,60,12,8,296.816814
256,60,12,9,294.638321
256,60,12,10,295.041353
256,60,12,11,295.097160
256,60,12,12,296.682841
256,60,12,13,292.904251
256,60,12,14,296.734441
256,60,12,15,296.536760
256,60,12,16,293.641152
256,60,12,17,294.729592
256,60,12,18,299.523532
256,60,12,19,295.323327
256,60,12,20,296.382517
256,60,12,21,294.224826
256,60,12,22,297.385026
256,60,12,23,293.664478
256,60,12,24,297.733593
256,60,12,25,298.326510
256,60,12,26,295.308203
256,60,12,27,294.491896
256,60,12,28,297.721304
256,60,12,29,295.423278
256,60,12,30,294.964100
256,60,12,31,297.142896
256,60,12,32,295.006263
256,60,12,33,292.147418
256,60,12,34,297.239129
256,60,12,35,295.709683
256,60,12,36,297.691995
256,60,12,37,296.793633
256,60,12,38,297.976150
256,60,12,39,296.717461
256,60,12,40,295.714121
256,60,12,41,332.492767
256,60,12,42,297.638177
256,60,12,43,296.232067
256,60,12,44,296.471719
256,60,12,45,298.588298
256,60,12,46,296.475260
256,60,12,47,295.996731
256,60,12,48,293.439388
256,60,12,49,297.500634
256,60,12,50,293.920296
256,60,12,51,293.143191
256,60,12,52,331.702663
256,60,12,53,298.143216
256,60,12,54,328.116445
256,60,12,55,295.065543
256,60,12,56,293.979604
256,60,12,57,296.471796
256,60,12,58,294.615148
256,60,12,59,291.863273
256,60,12,60,294.834747
256,60,13,1,329.577085
256,60,13,2,298.070282
256,60,13,3,298.055208
256,60,13,4,296.463547
256,60,13,5,298.737087
256,60,13,6,295.527411
256,60,13,7,297.978951
256,60,13,8,292.922085
256,60,13,9,293.175477
256,60,13,10,293.287193
256,60,13,11,290.804857
256,60,13,12,296.342819
256,60,13,13,295.884660
256,60,13,14,330.834443
256,60,13,15,314.030326
256,60,13,16,325.737097
256,60,13,17,325.325121
256,60,13,18,298.844562
256,60,13,19,295.896487
256,60,13,20,327.027572
256,60,13,21,296.465906
256,60,13,22,296.658732
256,60,13,23,295.571912
256,60,13,24,293.424545
256,60,13,25,296.490664
256,60,13,26,297.384336
256,60,13,27,295.286840
256,60,13,28,295.573224
256,60,13,29,295.844103
256,60,13,30,298.402626
256,60,13,31,301.167476
256,60,13,32,297.419754
256,60,13,33,294.335146
256,60,13,34,296.981698
256,60,13,35,299.013214
256,60,13,36,299.227109
256,60,13,37,298.029846
256,60,13,38,297.081540
256,60,13,39,300.651551
256,60,13,40,295.051603
256,60,13,41,295.084971
256,60,13,42,297.262815
256,60,13,43,298.785812
256,60,13,44,295.176509
256,60,13,45,296.924435
256,60,13,46,331.224832
256,60,13,47,301.184483
256,60,13,48,299.917780
256,60,13,49,299.037189
256,60,13,50,297.741724
256,60,13,51,296.826566
256,60,13,52,300.729103
256,60,13,53,296.731924
256,60,13,54,296.626006
256,60,13,55,296.416834
256,60,13,56,298.156850
256,60,13,57,297.502357
256,60,13,58,296.514037
256,60,13,59,331.831133
256,60,13,60,299.105714
256,60,14,1,296.830392
256,60,14,2,296.444246
256,60,14,3,293.509291
256,60,14,4,297.217590
256,60,14,5,300.323391
256,60,14,6,298.240134
256,60,14,7,298.752408
256,60,14,8,295.114668
256,60,14,9,304.266690
256,60,14,10,299.103711
256,60,14,11,297.562209
256,60,14,12,299.801663
256,60,14,13,297.575044
256,60,14,14,297.024429
256,60,14,15,296.881888
256,60,14,16,298.467018
256,60,14,17,295.663078
256,60,14,18,299.843670
256,60,14,19,299.651739
256,60,14,20,297.411446
256,60,14,21,300.283337
256,60,14,22,297.039979
256,60,14,23,294.904335
256,60,14,24,298.462784
256,60,14,25,298.283920
256,60,14,26,298.398467
256,60,14,27,296.500563
256,60,14,28,294.274194
256,60,14,29,300.162069
256,60,14,30,294.631243
256,60,14,31,296.639738
256,60,14,32,298.323706
256,60,14,33,294.958962
256,60,14,34,297.814068
256,60,14,35,296.961055
256,60,14,36,296.492938
256,60,14,37,298.501769
256,60,14,38,298.943427
256,60,14,39,299.523832
256,60,14,40,295.578736
256,60,14,41,297.833181
256,60,14,42,297.381976
256,60,14,43,296.146040
256,60,14,44,294.965514
256,60,14,45,330.856346
256,60,14,46,295.595273
256,60,14,47,294.609082
256,60,14,48,330.791535
256,60,14,49,295.548046
256,60,14,50,293.117468
256,60,14,51,293.227867
256,60,14,52,298.724212
256,60,14,53,297.687455
256,60,14,54,298.661488
256,60,14,55,296.237268
256,60,14,56,295.844004
256,60,14,57,301.476696
256,60,14,58,299.040403
256,60,14,59,296.631895
256,60,14,60,294.217768
256,60,15,1,332.549827
256,60,15,2,297.345346
256,60,15,3,297.008803
256,60,15,4,294.925743
256,60,15,5,332.370333
256,60,15,6,297.343769
256,60,15,7,293.068755
256,60,15,8,298.477917
256,60,15,9,299.069497
256,60,15,10,300.514258
256,60,15,11,303.292773
256,60,15,12,298.569434
256,60,15,13,301.517158
256,60,15,14,296.804731
256,60,15,15,294.393759
256,60,15,16,296.195660
256,60,15,17,293.488273
256,60,15,18,330.267996
256,60,15,19,297.321762
256,60,15,20,295.810190
256,60,15,21,295.070561
256,60,15,22,296.613595
256,60,15,23,300.758128
256,60,15,24,297.641310
256,60,15,25,296.938602
256,60,15,26,297.174072
256,60,15,27,328.518057
256,60,15,28,295.807154
256,60,15,29,296.445383
256,60,15,30,294.258948
256,60,15,31,295.202099
256,60,15,32,294.499377
256,60,15,33,295.093552
256,60,15,34,297.368221
256,60,15,35,295.698525
256,60,15,36,301.893709
256,60,15,37,297.363321
256,60,15,38,294.090747
256,60,15,39,295.488966
256,60,15,40,294.944265
256,60,15,41,294.128441
256,60,15,42,299.516325
256,60,15,43,301.586591
256,60,15,44,302.071205
256,60,15,45,296.596979
256,60,15,46,302.107019
256,60,15,47,295.384753
256,60,15,48,293.955786
256,60,15,49,298.748141
256,60,15,50,297.924291
256,60,15,51,294.215624
256,60,15,52,296.024291
256,60,15,53,293.309053
256,60,15,54,299.037055
256,60,15,55,296.013066
256,60,15,56,297.674331
256,60,15,57,296.391326
256,60,15,58,299.331860
256,60,15,59,298.187817
256,60,15,60,295.016814
256,60,16,1,304.757950
256,60,16,2,297.638535
256,60,16,3,299.229816
256,60,16,4,296.219123
256,60,16,5,300.603740
256,60,16,6,299.715299
256,60,16,7,299.713088
256,60,16,8,298.447765
256,60,16,9,295.464754
256,60,16,10,294.688995
256,60,16,11,293.091503
256,60,16,12,296.451014
256,60,16,13,295.708061
256,60,16,14,300.522512
256,60,16,15,298.819524
256,60,16,16,299.395695
256,60,16,17,296.248318
256,60,16,18,303.541384
256,60,16,19,300.682333
256,60,16,20,300.409372
256,60,16,21,298.525477
256,60,16,22,297.921728
256,60,16,23,298.839574
256,60,16,24,298.613565
256,60,16,25,299.541113
256,60,16,26,297.736967
256,60,16,27,298.528889
256,60,16,28,297.132901
256,60,16,29,300.970145
256,60,16,30,298.557969
256,60,16,31,298.253086
256,60,16,32,297.944087
256,60,16,33,300.121663
256,60,16,34,299.521622
256,60,16,35,296.695706
256,60,16,36,296.099322
256,60,16,37,303.323563
256,60,16,38,296.889774
256,60,16,39,298.035107
256,60,16,40,297.074626
256,60,16,41,296.589995
256,60,16,42,303.205370
256,60,16,43,297.662627
256,60,16,44,298.350398
256,60,16,45,297.689906
256,60,16,46,296.213458
256,60,16,47,298.521167
256,60,16,48,296.187407
256,60,16,49,296.989504
256,60,16,50,296.471835
256,60,16,51,298.025696
256,60,16,52,295.873761
256,60,16,53,296.421676
256,60,16,54,296.851419
256,60,16,55,295.719403
256,60,16,56,295.634493
256,60,16,57,299.154895
256,60,16,58,296.879710
256,60,16,59,295.472043
256,60,16,60,296.389665
256,60,17,1,296.129522
256,60,17,2,297.185519
256,60,17,3,293.006748
256,60,17,4,297.472353
256,60,17,5,296.318437
256,60,17,6,300.701675
256,60,17,7,297.009028
256,60,17,8,301.968038
256,60,17,9,299.194779
256,60,17,10,296.622541
256,60,17,11,298.883459
256,60,17,12,295.382880
256,60,17,13,298.644058
256,60,17,14,294.559455
256,60,17,15,295.821508
256,60,17,16,294.682009
256,60,17,17,297.231749
256,60,17,18,295.507674
256,60,17,19,297.618075
256,60,17,20,295.475858
256,60,17,21,297.779465
256,60,17,22,293.495178
256,60,17,23,294.634064
256,60,17,24,295.884753
256,60,17,25,297.794158
256,60,17,26,294.452335
256,60,17,27,295.563423
256,60,17,28,294.734913
256,60,17,29,297.046012
256,60,17,30,296.899324
256,60,17,31,295.132993
256,60,17,32,296.782704
256,60,17,33,303.366445
256,60,17,34,297.559328
256,60,17,35,298.308183
256,60,17,36,294.490831
256,60,17,37,298.608717
256,60,17,38,296.698972
256,60,17,39,296.382993
256,60,17,40,297.753099
256,60,17,41,295.224447
256,60,17,42,303.080076
256,60,17,43,295.970288
256,60,17,44,299.015182
256,60,17,45,299.359770
256,60,17,46,298.010878
256,60,17,47,296.105522
256,60,17,48,301.918138
256,60,17,49,299.146921
256,60,17,50,296.214467
256,60,17,51,300.937693
256,60,17,52,299.013364
256,60,17,53,300.713700
256,60,17,54,298.137120
256,60,17,55,332.221617
256,60,17,56,295.453403
256,60,17,57,296.189998
256,60,17,58,294.255334
256,60,17,59,295.498473
256,60,17,60,297.385560
256,60,18,1,298.665709
256,60,18,2,291.933270
256,60,18,3,296.290954
256,60,18,4,297.539649
256,60,18,5,293.198338
256,60,18,6,292.318270
256,60,18,7,297.461826
256,60,18,8,299.516388
256,60,18,9,298.619042
256,60,18,10,296.799182
256,60,18,11,298.692389
256,60,18,12,293.672005
256,60,18,13,292.052475
256,60,18,14,300.161595
256,60,18,15,295.656278
256,60,18,16,298.008287
256,60,18,17,295.141934
256,60,18,18,333.911504
256,60,18,19,297.573899
256,60,18,20,298.318196
256,60,18,21,293.443205
256,60,18,22,294.571742
256,60,18,23,296.567845
256,60,18,24,297.764692
256,60,18,25,296.875528
256,60,18,26,295.236351
256,60,18,27,300.467300
256,60,18,28,297.613477
256,60,18,29,295.212249
256,60,18,30,295.801609
256,60,18,31,333.314065
256,60,18,32,298.091431
256,60,18,33,295.072577
256,60,18,34,296.663298
256,60,18,35,294.191860
256,60,18,36,295.873308
256,60,18,37,294.120952
256,60,18,38,297.322931
256,60,18,39,292.218196
256,60,18,40,298.049487
256,60,18,41,295.197254
256,60,18,42,292.144023
256,60,18,43,295.613411
256,60,18,44,298.018396
256,60,18,45,294.465743
256,60,18,46,295.093464
256,60,18,47,296.478299
256,60,18,48,294.989483
256,60,18,49,296.787364
256,60,18,50,296.138479
256,60,18,51,294.389140
256,60,18,52,294.571259
256,60,18,53,294.947379
256,60,18,54,295.679087
256,60,18,55,296.300616
256,60,18,56,296.941316
256,60,18,57,294.119680
256,60,18,58,298.345348
256,60,18,59,294.613124
256,60,18,60,296.167471
256,60,19,1,300.661211
256,60,19,2,295.180596
256,60,19,3,295.977885
256,60,19,4,333.000996
256,60,19,5,296.385386
256,60,19,6,300.305877
256,60,19,7,298.062836
256,60,19,8,294.221380
256,60,19,9,295.377180
256,60,19,10,293.888267
256,60,19,11,296.884621
256,60,19,12,296.240147
256,60,19,13,296.532585
256,60,19,14,296.697523
256,60,19,15,294.570293
256,60,19,16,293.652429
256,60,19,17,331.104612
256,60,19,18,298.081590
256,60,19,19,296.617474
256,60,19,20,297.432558
256,60,19,21,297.430917
256,60,19,22,296.796434
256,60,19,23,297.992123
256,60,19,24,296.853672
256,60,19,25,298.743549
256,60,19,26,296.728908
256,60,19,27,298.648862
256,60,19,28,296.977117
256,60,19,29,296.689102
256,60,19,30,296.123960
256,60,19,31,298.044198
256,60,19,32,296.552371
256,60,19,33,298.562192
256,60,19,34,298.507137
256,60,19,35,293.807850
256,60,19,36,295.216711
256,60,19,37,296.400090
256,60,19,38,294.400625
256,60,19,39,297.201043
256,60,19,40,334.948832
256,60,19,41,295.838050
256,60,19,42,294.319634
256,60,19,43,293.241224
256,60,19,44,295.658562
256,60,19,45,297.573445
256,60,19,46,298.592798
256,60,19,47,333.085937
256,60,19,48,292.398393
256,60,19,49,293.800277
256,60,19,50,295.378538
256,60,19,51,296.799114
256,60,19,52,295.302380
256,60,19,53,333.602010
256,60,19,54,295.543789
256,60,19,55,294.435695
256,60,19,56,296.930811
256,60,19,57,295.811774
256,60,19,58,296.643685
256,60,19,59,296.510677
256,60,19,60,295.864269
256,60,20,1,298.031791
256,60,20,2,294.728793
256,60,20,3,332.435969
256,60,20,4,295.876262
256,60,20,5,296.982383
256,60,20,6,294.987360
256,60,20,7,295.272838
256,60,20,8,298.055896
256,60,20,9,295.533583
256,60,20,10,332.296919
256,60,20,11,295.852766
256,60,20,12,297.667658
256,60,20,13,297.487378
256,60,20,14,297.257452
256,60,20,15,296.082144
256,60,20,16,294.550590
256,60,20,17,295.381899
256,60,20,18,297.360581
256,60,20,19,333.979458
256,60,20,20,294.183657
256,60,20,21,296.539546
256,60,20,22,294.134525
256,60,20,23,292.909490
256,60,20,24,296.222011
256,60,20,25,298.783175
256,60,20,26,294.916606
256,60,20,27,294.082508
256,60,20,28,297.659830
256,60,20,29,293.498133
256,60,20,30,298.106542
256,60,20,31,296.155890
256,60,20,32,297.778969
256,60,20,33,294.663996
256,60,20,34,293.941681
256,60,20,35,292.947904
256,60,20,36,296.984568
256,60,20,37,295.503974
256,60,20,38,297.336063
256,60,20,39,297.982568
256,60,20,40,294.184035
256,60,20,41,295.820208
256,60,20,42,329.437021
256,60,20,43,297.315336
256,60,20,44,295.885946
256,60,20,45,297.182598
256,60,20,46,296.657413
256,60,20,47,298.170098
256,60,20,48,296.508613
256,60,20,49,293.933907
256,60,20,50,293.254153
256,60,20,51,293.258118
256,60,20,52,294.652206
256,60,20,53,292.339313
256,60,20,54,292.553442
256,60,20,55,294.942836
256,60,20,56,293.469607
256,60,20,57,294.957029
256,60,20,58,295.088109
256,60,20,59,295.527444
256,60,20,60,293.823716
256,60,21,1,294.904520
256,60,21,2,293.462514
256,60,21,3,294.741985
256,60,21,4,298.829375
256,60,21,5,295.878181
256,60,21,6,296.435275
256,60,21,7,293.785718
256,60,21,8,294.614963
256,60,21,9,296.844937
256,60,21,10,294.193334
256,60,21,11,294.531097
256,60,21,12,297.719493
256,60,21,13,292.651616
256,60,21,14,291.478815
256,60,21,15,296.114723
256,60,21,16,296.744557
256,60,21,17,295.171738
256,60,21,18,294.211755
256,60,21,19,298.330541
256,60,21,20,295.003732
256,60,21,21,294.718406
256,60,21,22,297.063301
256,60,21,23,292.399485
256,60,21,24,293.404433
256,60,21,25,293.451366
256,60,21,26,295.180408
256,60,21,27,293.099049
256,60,21,28,294.806868
256,60,21,29,296.176948
256,60,21,30,295.094612
256,60,21,31,297.803655
256,60,21,32,298.684659
256,60,21,33,297.042080
256,60,21,34,294.753174
256,60,21,35,298.890147
256,60,21,36,294.232036
256,60,21,37,297.010282
256,60,21,38,295.098712
256,60,21,39,294.975338
256,60,21,40,295.711408
256,60,21,41,295.863996
256,60,21,42,293.423763
256,60,21,43,295.509007
256,60,21,44,296.299081
256,60,21,45,297.667940
256,60,21,46,298.581188
256,60,21,47,295.884211
256,60,21,48,296.320911
256,60,21,49,299.762568
256,60,21,50,294.938599
256,60,21,51,295.305134
256,60,21,52,295.787168
256,60,21,53,295.773258
256,60,21,54,296.949497
256,60,21,55,296.693409
256,60,21,56,296.752903
256,60,21,57,300.754758
256,60,21,58,298.285960
256,60,21,59,292.683836
256,60,21,60,294.259207
256,60,22,1,298.772224
256,60,22,2,296.945717
256,60,22,3,294.779528
256,60,22,4,294.774932
256,60,22,5,293.360625
256,60,22,6,294.842291
256,60,22,7,296.836342
256,60,22,8,293.975294
256,60,22,9,294.636281
256,60,22,10,293.019446
256,60,22,11,300.017983
256,60,22,12,297.110451
256,60,22,13,296.906724
256,60,22,14,293.363946
256,60,22,15,295.236967
256,60,22,16,299.102073
256,60,22,17,294.636421
256,60,22,18,298.631505
256,60,22,19,297.133681
256,60,22,20,301.035128
256,60,22,21,295.846439
256,60,22,22,297.947877
256,60,22,23,294.008057
256,60,22,24,296.923106
256,60,22,25,295.335976
256,60,22,26,294.217692
256,60,22,27,328.774169
256,60,22,28,298.350920
256,60,22,29,294.601931
256,60,22,30,297.077580
256,60,22,31,301.732963
256,60,22,32,299.408710
256,60,22,33,296.676755
256,60,22,34,298.144725
256,60,22,35,296.548284
256,60,22,36,296.153265
256,60,22,37,297.228112
256,60,22,38,294.238219
256,60,22,39,300.516064
256,60,22,40,301.169645
256,60,22,41,295.741417
256,60,22,42,300.773130
256,60,22,43,296.862079
256,60,22,44,296.681436
256,60,22,45,299.980113
256,60,22,46,293.225506
256,60,22,47,296.688657
256,60,22,48,293.378490
256,60,22,49,292.566306
256,60,22,50,301.586100
256,60,22,51,298.672053
256,60,22,52,302.070145
256,60,22,53,296.289106
256,60,22,54,301.424516
256,60,22,55,298.248398
256,60,22,56,299.805210
256,60,22,57,298.191485
256,60,22,58,297.399756
256,60,22,59,295.859561
256,60,22,60,302.329881
256,60,23,1,296.511663
256,60,23,2,300.926077
256,60,23,3,300.076634
256,60,23,4,295.314813
256,60,23,5,293.263950
256,60,23,6,292.213012
256,60,23,7,293.604357
256,60,23,8,295.974436
256,60,23,9,297.548624
256,60,23,10,297.769739
256,60,23,11,296.263282
256,60,23,12,291.878897
256,60,23,13,295.707235
256,60,23,14,297.618977
256,60,23,15,295.845829
256,60,23,16,298.848949
256,60,23,17,298.467016
256,60,23,18,297.031693
256,60,23,19,301.857426
256,60,23,20,295.307728
256,60,23,21,299.928730
256,60,23,22,297.737853
256,60,23,23,298.036346
256,60,23,24,296.527729
256,60,23,25,296.004285
256,60,23,26,297.375980
256,60,23,27,297.655548
256,60,23,28,294.853052
256,60,23,29,294.469271
256,60,23,30,301.148533
256,60,23,31,298.368843
256,60,23,32,298.102824
256,60,23,33,293.528658
256,60,23,34,294.297457
256,60,23,35,297.147308
256,60,23,36,296.627342
256,60,23,37,297.610952
256,60,23,38,296.787144
256,60,23,39,294.998270
256,60,23,40,295.573249
256,60,23,41,298.965986
256,60,23,42,297.136991
256,60,23,43,299.781482
256,60,23,44,297.335773
256,60,23,45,294.263702
256,60,23,46,297.943197
256,60,23,47,295.070121
256,60,23,48,299.363036
256,60,23,49,295.340451
256,60,23,50,297.465365
256,60,23,51,295.987417
256,60,23,52,296.349071
256,60,23,53,294.090849
256,60,23,54,295.855011
256,60,23,55,296.045664
256,60,23,56,297.535089
256,60,23,57,297.944009
256,60,23,58,294.607016
256,60,23,59,294.265452
256,60,23,60,297.141710
256,60,24,1,299.287022
256,60,24,2,296.112644
256,60,24,3,297.795461
256,60,24,4,296.986899
256,60,24,5,297.332381
256,60,24,6,298.360350
256,60,24,7,294.807371
256,60,24,8,297.907331
256,60,24,9,299.887159
256,60,24,10,296.648634
256,60,24,11,297.967055
256,60,24,12,295.726357
256,60,24,13,295.903479
256,60,24,14,296.252611
256,60,24,15,300.967275
256,60,24,16,296.954927
256,60,24,17,300.757659
256,60,24,18,297.974346
256,60,24,19,298.285853
256,60,24,20,296.496503
256,60,24,21,301.023774
256,60,24,22,300.153253
256,60,24,23,301.712129
256,60,24,24,297.357291
256,60,24,25,299.196694
256,60,24,26,300.844821
256,60,24,27,298.464376
256,60,24,28,295.943177
256,60,24,29,299.021245
256,60,24,30,295.564405
256,60,24,31,295.964061
256,60,24,32,298.432297
256,60,24,33,297.543673
256,60,24,34,294.232987
256,60,24,35,295.494551
256,60,24,36,296.506820
256,60,24,37,297.851593
256,60,24,38,297.061625
256,60,24,39,297.410593
256,60,24,40,294.102360
256,60,24,41,293.892696
256,60,24,42,294.273710
256,60,24,43,298.745808
256,60,24,44,296.552243
256,60,24,45,294.455628
256,60,24,46,296.232692
256,60,24,47,293.778747
256,60,24,48,297.866677
256,60,24,49,296.843119
256,60,24,50,294.052437
256,60,24,51,297.793730
256,60,24,52,297.554824
256,60,24,53,297.245551
256,60,24,54,295.399834
256,60,24,55,297.176689
256,60,24,56,295.995161
256,60,24,57,297.895339
256,60,24,58,296.020670
256,60,24,59,294.549697
256,60,24,60,299.188602
256,60,25,1,297.678591
256,60,25,2,298.555573
256,60,25,3,300.346328
256,60,25,4,298.850056
256,60,25,5,297.065804
256,60,25,6,295.969009
256,60,25,7,295.377313
256,60,25,8,295.304217
256,60,25,9,298.234659
256,60,25,10,298.188398
256,60,25,11,298.603568
256,60,25,12,296.605003
256,60,25,13,295.956716
256,60,25,14,299.806372
256,60,25,15,300.128459
256,60,25,16,299.558448
256,60,25,17,299.429230
256,60,25,18,299.778348
256,60,25,19,297.072177
256,60,25,20,295.983418
256,60,25,21,294.054823
256,60,25,22,301.638568
256,60,25,23,298.659556
256,60,25,24,295.950240
256,60,25,25,297.462860
256,60,25,26,293.741880
256,60,25,27,297.918652
256,60,25,28,301.130639
256,60,25,29,298.789333
256,60,25,30,295.656405
256,60,25,31,298.836006
256,60,25,32,297.556227
256,60,25,33,293.976626
256,60,25,34,295.904037
256,60,25,35,299.229809
256,60,25,36,296.104162
256,60,25,37,292.961159
256,60,25,38,298.803878
256,60,25,39,299.917121
256,60,25,40,299.562237
256,60,25,41,296.953838
256,60,25,42,297.169390
256,60,25,43,298.599873
256,60,25,44,297.370844
256,60,25,45,295.153836
256,60,25,46,295.851099
256,60,25,47,298.284237
256,60,25,48,292.190727
256,60,25,49,297.092259
256,60,25,50,298.162260
256,60,25,51,296.119520
256,60,25,52,295.996722
256,60,25,53,296.878233
256,60,25,54,297.202864
256,60,25,55,297.116879
256,60,25,56,298.307396
256,60,25,57,298.888024
256,60,25,58,299.619696
256,60,25,59,294.930437
256,60,25,60,295.781637
256,60,26,1,298.686237
256,60,26,2,297.490102
256,60,26,3,295.912371
256,60,26,4,293.962394
256,60,26,5,294.839339
256,60,26,6,298.368446
256,60,26,7,295.688726
256,60,26,8,301.402043
256,60,26,9,297.936931
256,60,26,10,293.751685
256,60,26,11,293.584369
256,60,26,12,299.992756
256,60,26,13,296.866277
256,60,26,14,297.974712
256,60,26,15,299.470607
256,60,26,16,299.516630
256,60,26,17,296.387386
256,60,26,18,294.827542
256,60,26,19,298.058475
256,60,26,20,296.608676
256,60,26,21,300.455715
256,60,26,22,295.794347
256,60,26,23,296.825709
256,60,26,24,300.746453
256,60,26,25,302.168299
256,60,26,26,296.166941
256,60,26,27,295.862478
256,60,26,28,295.556946
256,60,26,29,295.258141
256,60,26,30,296.457357
256,60,26,31,327.656709
256,60,26,32,295.880112
256,60,26,33,290.578576
256,60,26,34,292.788952
256,60,26,35,294.474667
256,60,26,36,295.078725
256,60,26,37,291.990638
256,60,26,38,290.805092
256,60,26,39,297.794317
256,60,26,40,295.536468
256,60,26,41,297.028038
256,60,26,42,291.456587
256,60,26,43,292.793760
256,60,26,44,293.185147
256,60,26,45,296.959574
256,60,26,46,294.163136
256,60,26,47,295.422019
256,60,26,48,296.525329
256,60,26,49,292.695137
256,60,26,50,292.280308
256,60,26,51,290.638127
256,60,26,52,290.887851
256,60,26,53,294.901662
256,60,26,54,293.149243
256,60,26,55,294.005510
256,60,26,56,293.364215
256,60,26,57,297.119923
256,60,26,58,296.964583
256,60,26,59,297.451610
256,60,26,60,292.752152
256,60,27,1,295.813638
256,60,27,2,295.796537
256,60,27,3,299.237190
256,60,27,4,328.074723
256,60,27,5,298.004820
256,60,27,6,298.724917
256,60,27,7,295.092953
256,60,27,8,294.925047
256,60,27,9,294.449116
256,60,27,10,300.918135
256,60,27,11,296.253764
256,60,27,12,300.134729
256,60,27,13,293.529325
256,60,27,14,298.088519
256,60,27,15,297.110468
256,60,27,16,293.693013
256,60,27,17,296.211223
256,60,27,18,295.009753
256,60,27,19,295.295453
256,60,27,20,295.866702
256,60,27,21,295.660780
256,60,27,22,293.895816
256,60,27,23,295.279006
256,60,27,24,296.842685
256,60,27,25,293.569120
256,60,27,26,295.825724
256,60,27,27,298.198534
256,60,27,28,295.088875
256,60,27,29,293.066879
256,60,27,30,298.612239
256,60,27,31,293.879483
256,60,27,32,299.281156
256,60,27,33,297.222327
256,60,27,34,298.375582
256,60,27,35,294.188784
256,60,27,36,293.536642
256,60,27,37,296.850770
256,60,27,38,293.562990
256,60,27,39,295.162294
256,60,27,40,296.760497
256,60,27,41,298.421948
256,60,27,42,296.503985
256,60,27,43,297.427298
256,60,27,44,297.520194
256,60,27,45,296.348246
256,60,27,46,293.126834
256,60,27,47,326.479188
256,60,27,48,295.292827
256,60,27,49,297.466447
256,60,27,50,294.075986
256,60,27,51,295.317592
256,60,27,52,294.672833
256,60,27,53,297.281973
256,60,27,54,295.504811
256,60,27,55,294.204216
256,60,27,56,292.732755
256,60,27,57,295.491019
256,60,27,58,295.216221
256,60,27,59,294.326776
256,60,27,60,296.614675
256,60,28,1,301.486558
256,60,28,2,295.107615
256,60,28,3,295.332627
256,60,28,4,294.308111
256,60,28,5,295.493022
256,60,28,6,295.573490
256,60,28,7,295.866444
256,60,28,8,294.559279
256,60,28,9,294.263715
256,60,28,10,291.788326
256,60,28,11,294.088733
256,60,28,12,297.277272
256,60,28,13,293.734988
256,60,28,14,293.266631
256,60,28,15,292.923029
256,60,28,16,292.187674
256,60,28,17,294.094741
256,60,28,18,295.080848
256,60,28,19,292.467864
256,60,28,20,299.251113
256,60,28,21,293.526661
256,60,28,22,294.221617
256,60,28,23,293.191880
256,60,28,24,323.695102
256,60,28,25,291.263763
256,60,28,26,293.530299
256,60,28,27,294.790103
256,60,28,28,293.640601
256,60,28,29,292.990260
256,60,28,30,296.456639
256,60,28,31,294.955518
256,60,28,32,290.766414
256,60,28,33,295.358839
256,60,28,34,293.605640
256,60,28,35,292.276970
256,60,28,36,294.479938
256,60,28,37,300.841790
256,60,28,38,293.189752
256,60,28,39,295.976938
256,60,28,40,294.216240
256,60,28,41,296.157673
256,60,28,42,292.642155
256,60,28,43,293.994174
256,60,28,44,292.729015
256,60,28,45,296.235133
256,60,28,46,296.799252
256,60,28,47,294.258219
256,60,28,48,291.955948
256,60,28,49,291.576197
256,60,28,50,291.128823
256,60,28,51,293.208942
256,60,28,52,293.499050
256,60,28,53,294.477146
256,60,28,54,298.259701
256,60,28,55,295.383120
256,60,28,56,298.059538
256,60,28,57,294.925335
256,60,28,58,292.679538
256,60,28,59,299.167566
256,60,28,60,294.383445
256,60,29,1,294.942499
256,60,29,2,292.997252
256,60,29,3,291.777810
256,60,29,4,290.565005
256,60,29,5,297.957448
256,60,29,6,294.932246
256,60,29,7,293.284020
256,60,29,8,294.069599
256,60,29,9,290.716411
256,60,29,10,289.567044
256,60,29,11,295.482416
256,60,29,12,294.157021
256,60,29,13,294.801056
256,60,29,14,295.306192
256,60,29,15,293.880121
256,60,29,16,293.859587
256,60,29,17,298.203931
256,60,29,18,296.456929
256,60,29,19,297.272211
256,60,29,20,296.736415
256,60,29,21,295.537941
256,60,29,22,293.415412
256,60,29,23,296.338255
256,60,29,24,295.205314
256,60,29,25,294.345370
256,60,29,26,297.925378
256,60,29,27,295.975902
256,60,29,28,295.789994
256,60,29,29,292.338463
256,60,29,30,296.341916
256,60,29,31,293.504596
256,60,29,32,294.187462
256,60,29,33,297.136276
256,60,29,34,292.672452
256,60,29,35,296.739697
256,60,29,36,294.999224
256,60,29,37,294.143922
256,60,29,38,292.573658
256,60,29,39,296.065173
256,60,29,40,296.569591
256,60,29,41,294.545200
256,60,29,42,295.495516
256,60,29,43,296.543320
256,60,29,44,296.362413
256,60,29,45,295.349907
256,60,29,46,294.350823
256,60,29,47,300.953752
256,60,29,48,294.740144
256,60,29,49,295.624048
256,60,29,50,294.318639
256,60,29,51,295.121157
256,60,29,52,294.195411
256,60,29,53,297.902147
256,60,29,54,296.938343
256,60,29,55,296.253280
256,60,29,56,296.341869
256,60,29,57,295.374803
256,60,29,58,292.915698
256,60,29,59,297.642538
256,60,29,60,294.073735
256,60,30,1,294.661491
256,60,30,2,295.720978
256,60,30,3,295.106086
256,60,30,4,297.745805
256,60,30,5,294.352059
256,60,30,6,298.600925
256,60,30,7,293.544617
256,60,30,8,293.613841
256,60,30,9,296.320260
256,60,30,10,295.246031
256,60,30,11,293.903302
256,60,30,12,294.925610
256,60,30,13,297.699379
256,60,30,14,295.973741
256,60,30,15,326.230074
256,60,30,16,296.447943
256,60,30,17,295.205065
256,60,30,18,295.357820
256,60,30,19,296.653276
256,60,30,20,294.669785
256,60,30,21,296.551356
256,60,30,22,299.741648
256,60,30,23,295.398470
256,60,30,24,296.073379
256,60,30,25,295.087049
256,60,30,26,298.533267
256,60,30,27,296.357247
256,60,30,28,295.782063
256,60,30,29,297.583589
256,60,30,30,291.748588
256,60,30,31,295.650561
256,60,30,32,296.520550
256,60,30,33,325.913686
256,60,30,34,293.789606
256,60,30,35,293.320032
256,60,30,36,292.944408
256,60,30,37,293.576088
256,60,30,38,298.663163
256,60,30,39,294.858541
256,60,30,40,296.412499
256,60,30,41,293.075864
256,60,30,42,293.186271
256,60,30,43,297.248874
256,60,30,44,297.081776
256,60,30,45,296.906421
256,60,30,46,292.573601
256,60,30,47,297.221493
256,60,30,48,296.036585
256,60,30,49,296.567238
256,60,30,50,297.407691
256,60,30,51,295.360918
256,60,30,52,293.560319
256,60,30,53,294.166694
256,60,30,54,295.244999
256,60,30,55,299.923513
256,60,30,56,297.256107
256,60,30,57,296.825888
256,60,30,58,296.717160
256,60,30,59,298.731683
256,60,30,60,297.386845
256,60,31,1,295.575883
256,60,31,2,296.502685
256,60,31,3,296.291847
256,60,31,4,297.457080
256,60,31,5,295.619884
256,60,31,6,295.360199
256,60,31,7,296.421070
256,60,31,8,297.253241
256,60,31,9,296.422070
256,60,31,10,295.176088
256,60,31,11,298.448548
256,60,31,12,299.616830
256,60,31,13,294.792169
256,60,31,14,297.461049
256,60,31,15,294.089267
256,60,31,16,298.408266
256,60,31,17,294.069875
256,60,31,18,295.018770
256,60,31,19,298.130593
256,60,31,20,297.087917
256,60,31,21,297.016411
256,60,31,22,292.931914
256,60,31,23,297.167814
256,60,31,24,295.688327
256,60,31,25,297.390026
256,60,31,26,296.362657
256,60,31,27,297.000684
256,60,31,28,295.434623
256,60,31,29,303.064188
256,60,31,30,299.870658
256,60,31,31,296.857356
256,60,31,32,296.385405
256,60,31,33,301.588040
256,60,31,34,299.181055
256,60,31,35,295.806234
256,60,31,36,293.902320
256,60,31,37,298.336838
256,60,31,38,298.584907
256,60,31,39,298.883297
256,60,31,40,297.466476
256,60,31,41,299.291024
256,60,31,42,296.047743
256,60,31,43,300.556998
256,60,31,44,298.844439
256,60,31,45,300.555930
256,60,31,46,299.620734
256,60,31,47,297.950702
256,60,31,48,295.714001
256,60,31,49,295.742294
256,60,31,50,300.795551
256,60,31,51,300.132049
256,60,31,52,298.143582
256,60,31,53,295.474138
256,60,31,54,299.751199
256,60,31,55,297.415551
256,60,31,56,299.151114
256,60,31,57,299.855940
256,60,31,58,296.605907
256,60,31,59,298.569003
256,60,31,60,296.430700
256,60,32,1,300.702408
256,60,32,2,300.679674
256,60,32,3,297.492331
256,60,32,4,300.595413
256,60,32,5,298.763740
256,60,32,6,296.006542
256,60,32,7,297.399652
256,60,32,8,292.635621
256,60,32,9,294.853489
256,60,32,10,295.912625
256,60,32,11,295.770729
256,60,32,12,294.167539
256,60,32,13,295.880637
256,60,32,14,297.614004
256,60,32,15,297.484535
256,60,32,16,299.265521
256,60,32,17,299.828518
256,60,32,18,299.474774
256,60,32,19,302.185773
256,60,32,20,296.579897
256,60,32,21,300.873988
256,60,32,22,296.340985
256,60,32,23,299.239186
256,60,32,24,298.114633
256,60,32,25,296.103114
256,60,32,26,294.858443
256,60,32,27,295.420902
256,60,32,28,295.910177
256,60,32,29,295.438243
256,60,32,30,297.465719
256,60,32,31,295.145248
256,60,32,32,299.512891
256,60,32,33,295.667393
256,60,32,34,297.908858
256,60,32,35,298.782250
256,60,32,36,300.078973
256,60,32,37,299.634956
256,60,32,38,297.798788
256,60,32,39,297.054939
256,60,32,40,295.711153
256,60,32,41,299.246582
256,60,32,42,299.413783
256,60,32,43,296.170509
256,60,32,44,300.389140
256,60,32,45,296.146654
256,60,32,46,296.525259
256,60,32,47,298.954242
256,60,32,48,296.114066
256,60,32,49,300.814768
256,60,32,50,297.653996
256,60,32,51,293.286070
256,60,32,52,298.922232
256,60,32,53,303.608008
256,60,32,54,329.629736
256,60,32,55,302.966453
256,60,32,56,301.575288
256,60,32,57,300.276484
256,60,32,58,302.799645
256,60,32,59,295.383352
256,60,32,60,296.338841
256,60,33,1,299.181891
256,60,33,2,295.980509
256,60,33,3,295.829192
256,60,33,4,300.170759
256,60,33,5,297.611485
256,60,33,6,297.349175
256,60,33,7,297.362292
256,60,33,8,298.834201
256,60,33,9,304.429568
256,60,33,10,300.153175
256,60,33,11,296.314550
256,60,33,12,295.975125
256,60,33,13,295.799807
256,60,33,14,299.265138
256,60,33,15,295.129365
256,60,33,16,293.262702
256,60,33,17,295.949423
256,60,33,18,293.310295
256,60,33,19,293.446833
256,60,33,20,293.133176
256,60,33,21,295.089219
256,60,33,22,295.682999
256,60,33,23,298.467878
256,60,33,24,295.453552
256,60,33,25,294.404832
256,60,33,26,296.650219
256,60,33,27,292.003361
256,60,33,28,291.535703
256,60,33,29,295.738295
256,60,33,30,294.289383
256,60,33,31,297.807915
256,60,33,32,296.628742
256,60,33,33,291.515928
256,60,33,34,289.651418
256,60,33,35,293.934433
256,60,33,36,292.808985
256,60,33,37,298.137312
256,60,33,38,295.701880
256,60,33,39,292.294382
256,60,33,40,294.497761
256,60,33,41,293.818323
256,60,33,42,298.078042
256,60,33,43,298.649678
256,60,33,44,298.586850
256,60,33,45,296.690498
256,60,33,46,295.801171
256,60,33,47,297.159715
256,60,33,48,298.292365
256,60,33,49,298.102574
256,60,33,50,297.005250
256,60,33,51,297.800544
256,60,33,52,297.061347
256,60,33,53,297.105332
256,60,33,54,293.431698
256,60,33,55,295.381427
256,60,33,56,299.919157
256,60,33,57,295.596036
256,60,33,58,297.451699
256,60,33,59,296.618748
256,60,33,60,298.371575
256,60,34,1,299.642123
256,60,34,2,299.024732
256,60,34,3,297.916944
256,60,34,4,294.878776
256,60,34,5,296.737324
256,60,34,6,297.510008
256,60,34,7,296.480699
256,60,34,8,295.926862
256,60,34,9,296.316176
256,60,34,10,298.312021
256,60,34,11,296.867605
256,60,34,12,296.924176
256,60,34,13,297.557417
256,60,34,14,331.801039
256,60,34,15,297.722913
256,60,34,16,294.841197
256,60,34,17,295.118802
256,60,34,18,298.456672
256,60,34,19,293.928834
256,60,34,20,296.988669
256,60,34,21,295.651696
256,60,34,22,300.122532
256,60,34,23,295.871175
256,60,34,24,295.427279
256,60,34,25,297.025171
256,60,34,26,294.864992
256,60,34,27,292.853994
256,60,34,28,293.204571
256,60,34,29,294.936795
256,60,34,30,298.405289
256,60,34,31,296.236285
256,60,34,32,295.533780
256,60,34,33,294.818898
256,60,34,34,299.926909
256,60,34,35,294.541493
256,60,34,36,296.553730
256,60,34,37,293.687525
256,60,34,38,294.030671
256,60,34,39,296.762260
256,60,34,40,294.724370
256,60,34,41,295.920854
256,60,34,42,302.658177
256,60,34,43,301.313841
256,60,34,44,295.661939
256,60,34,45,302.860426
256,60,34,46,294.993760
256,60,34,47,294.010306
256,60,34,48,292.903779
256,60,34,49,302.339469
256,60,34,50,298.616088
256,60,34,51,298.002961
256,60,34,52,298.080347
256,60,34,53,293.107588
256,60,34,54,295.924158
256,60,34,55,296.350544
256,60,34,56,298.756885
256,60,34,57,295.985627
256,60,34,58,293.438910
256,60,34,59,301.041759
256,60,34,60,297.585883
256,60,35,1,296.608065
256,60,35,2,297.060650
256,60,35,3,295.483943
256,60,35,4,297.589452
256,60,35,5,298.013635
256,60,35,6,293.183523
256,60,35,7,299.440378
256,60,35,8,298.350370
256,60,35,9,297.599191
256,60,35,10,294.776986
256,60,35,11,298.709726
256,60,35,12,305.317547
256,60,35,13,295.223467
256,60,35,14,294.620548
256,60,35,15,292.905083
256,60,35,16,297.254651
256,60,35,17,294.596772
256,60,35,18,294.032505
256,60,35,19,297.162113
256,60,35,20,303.058560
256,60,35,21,298.795835
256,60,35,22,299.929623
256,60,35,23,298.421892
256,60,35,24,298.600508
256,60,35,25,298.321273
256,60,35,26,296.833481
256,60,35,27,300.480011
256,60,35,28,295.434825
256,60,35,29,293.455968
256,60,35,30,300.483584
256,60,35,31,296.567630
256,60,35,32,296.389957
256,60,35,33,328.644574
256,60,35,34,297.991214
256,60,35,35,299.319678
256,60,35,36,301.660566
256,60,35,37,297.804229
256,60,35,38,294.015268
256,60,35,39,295.903757
256,60,35,40,294.590324
256,60,35,41,302.541148
256,60,35,42,299.663647
256,60,35,43,297.498616
256,60,35,44,293.613823
256,60,35,45,297.262463
256,60,35,46,300.740676
256,60,35,47,296.524830
256,60,35,48,295.584520
256,60,35,49,296.511481
256,60,35,50,297.156228
256,60,35,51,293.636328
256,60,35,52,297.559457
256,60,35,53,298.037328
256,60,35,54,295.566937
256,60,35,55,294.482670
256,60,35,56,295.639624
256,60,35,57,297.256219
256,60,35,58,299.379625
256,60,35,59,298.452075
256,60,35,60,299.106139
256,60,36,1,297.810735
256,60,36,2,293.658365
256,60,36,3,295.103214
256,60,36,4,292.511460
256,60,36,5,297.371449
256,60,36,6,298.066829
256,60,36,7,297.943910
256,60,36,8,297.780494
256,60,36,9,295.502086
256,60,36,10,294.622055
256,60,36,11,297.892611
256,60,36,12,295.270999
256,60,36,13,302.316153
256,60,36,14,295.454503
256,60,36,15,300.298441
256,60,36,16,294.646056
256,60,36,17,296.029252
256,60,36,18,294.496569
256,60,36,19,300.339321
256,60,36,20,299.211082
256,60,36,21,295.862035
256,60,36,22,298.636006
256,60,36,23,298.154125
256,60,36,24,298.479633
256,60,36,25,294.541052
256,60,36,26,299.089847
256,60,36,27,296.219361
256,60,36,28,298.597328
256,60,36,29,296.167678
256,60,36,30,301.319915
256,60,36,31,295.453719
256,60,36,32,299.693472
256,60,36,33,298.390270
256,60,36,34,295.617582
256,60,36,35,295.359421
256,60,36,36,298.055272
256,60,36,37,299.649185
256,60,36,38,297.903170
256,60,36,39,298.356037
256,60,36,40,299.159855
256,60,36,41,297.780251
256,60,36,42,298.180218
256,60,36,43,297.173529
256,60,36,44,300.086197
256,60,36,45,297.131999
256,60,36,46,301.657725
256,60,36,47,296.191746
256,60,36,48,303.905111
256,60,36,49,296.038916
256,60,36,50,301.044232
256,60,36,51,296.076182
256,60,36,52,296.448567
256,60,36,53,300.766296
256,60,36,54,292.422049
256,60,36,55,295.333935
256,60,36,56,294.597580
256,60,36,57,301.711891
256,60,36,58,297.437669
256,60,36,59,297.613949
256,60,36,60,298.693355
256,60,37,1,297.621721
256,60,37,2,296.668684
256,60,37,3,294.701731
256,60,37,4,300.666182
256,60,37,5,304.972750
256,60,37,6,294.554181
256,60,37,7,294.610495
256,60,37,8,294.366842
256,60,37,9,294.351409
256,60,37,10,293.673144
256,60,37,11,292.353801
256,60,37,12,295.822087
256,60,37,13,295.071060
256,60,37,14,294.859550
256,60,37,15,293.368372
256,60,37,16,300.437829
256,60,37,17,299.494609
256,60,37,18,294.516681
256,60,37,19,294.448668
256,60,37,20,297.152368
256,60,37,21,294.920083
256,60,37,22,300.982534
256,60,37,23,296.656762
256,60,37,24,299.848553
256,60,37,25,298.372421
256,60,37,26,297.173623
256,60,37,27,299.071774
256,60,37,28,298.831862
256,60,37,29,297.361416
256,60,37,30,295.172835
256,60,37,31,296.786264
256,60,37,32,300.887705
256,60,37,33,297.987149
256,60,37,34,294.794051
256,60,37,35,295.686891
256,60,37,36,294.339137
256,60,37,37,296.946376
256,60,37,38,298.423640
256,60,37,39,299.688366
256,60,37,40,300.954961
256,60,37,41,294.276803
256,60,37,42,297.501957
256,60,37,43,294.861389
256,60,37,44,296.650495
256,60,37,45,292.335380
256,60,37,46,296.935691
256,60,37,47,297.880155
256,60,37,48,294.362770
256,60,37,49,292.224300
256,60,37,50,292.921970
256,60,37,51,296.069075
256,60,37,52,294.432395
256,60,37,53,299.414587
256,60,37,54,296.148472
256,60,37,55,294.018041
256,60,37,56,300.092080
256,60,37,57,297.684839
256,60,37,58,300.742268
256,60,37,59,299.585001
256,60,37,60,295.084477
256,60,38,1,296.953922
256,60,38,2,296.212710
256,60,38,3,299.697772
256,60,38,4,293.170317
256,60,38,5,300.654522
256,60,38,6,297.348104
256,60,38,7,296.226994
256,60,38,8,294.263685
256,60,38,9,293.680416
256,60,38,10,295.735903
256,60,38,11,302.828531
256,60,38,12,296.196053
256,60,38,13,300.236399
256,60,38,14,297.476177
256,60,38,15,299.279292
256,60,38,16,297.408627
256,60,38,17,292.028779
256,60,38,18,299.501086
256,60,38,19,300.301442
256,60,38,20,294.840331
256,60,38,21,294.584337
256,60,38,22,292.306614
256,60,38,23,296.345343
256,60,38,24,297.961454
256,60,38,25,294.686639
256,60,38,26,293.001821
256,60,38,27,293.610644
256,60,38,28,294.677486
256,60,38,29,294.741436
256,60,38,30,300.736259
256,60,38,31,293.969760
256,60,38,32,295.871523
256,60,38,33,295.655316
256,60,38,34,302.460018
256,60,38,35,294.843760
256,60,38,36,295.418603
256,60,38,37,294.579223
256,60,38,38,300.319261
256,60,38,39,294.073566
256,60,38,40,299.313144
256,60,38,41,296.530362
256,60,38,42,296.066266
256,60,38,43,295.561583
256,60,38,44,298.470537
256,60,38,45,300.266880
256,60,38,46,294.264702
256,60,38,47,299.402970
256,60,38,48,297.554671
256,60,38,49,297.903781
256,60,38,50,294.501054
256,60,38,51,293.476288
256,60,38,52,297.584163
256,60,38,53,294.541430
256,60,38,54,293.331613
256,60,38,55,294.619718
256,60,38,56,291.778097
256,60,38,57,327.907328
256,60,38,58,296.198016
256,60,38,59,295.866333
256,60,38,60,295.516272
256,60,39,1,294.871346
256,60,39,2,293.241783
256,60,39,3,295.720776
256,60,39,4,292.903602
256,60,39,5,295.802230
256,60,39,6,291.522777
256,60,39,7,295.784089
256,60,39,8,297.404076
256,60,39,9,295.457950
256,60,39,10,294.567677
256,60,39,11,294.818726
256,60,39,12,295.499340
256,60,39,13,295.913354
256,60,39,14,293.666901
256,60,39,15,295.526880
256,60,39,16,294.236370
256,60,39,17,297.087248
256,60,39,18,296.033470
256,60,39,19,299.460146
256,60,39,20,298.315144
256,60,39,21,295.707888
256,60,39,22,300.365281
256,60,39,23,298.633036
256,60,39,24,297.402616
256,60,39,25,299.808512
256,60,39,26,302.101694
256,60,39,27,296.171884
256,60,39,28,295.346143
256,60,39,29,293.409767
256,60,39,30,296.838475
256,60,39,31,295.221406
256,60,39,32,300.878954
256,60,39,33,301.485765
256,60,39,34,296.802147
256,60,39,35,294.282413
256,60,39,36,294.584789
256,60,39,37,299.169225
256,60,39,38,299.614041
256,60,39,39,299.526900
256,60,39,40,294.053026
256,60,39,41,296.488933
256,60,39,42,296.156076
256,60,39,43,295.163203
256,60,39,44,294.921870
256,60,39,45,295.071968
256,60,39,46,297.466409
256,60,39,47,299.103393
256,60,39,48,295.588819
256,60,39,49,298.524263
256,60,39,50,297.375768
256,60,39,51,299.614424
256,60,39,52,299.922105
256,60,39,53,298.302257
256,60,39,54,303.794355
256,60,39,55,299.892172
256,60,39,56,295.076301
256,60,39,57,296.865275
256,60,39,58,297.986837
256,60,39,59,300.321704
256,60,39,60,295.262606
256,60,40,1,296.144016
256,60,40,2,298.779741
256,60,40,3,296.402267
256,60,40,4,296.543918
256,60,40,5,297.041903
256,60,40,6,303.909730
256,60,40,7,297.373888
256,60,40,8,296.239023
256,60,40,9,300.414045
256,60,40,10,299.636647
256,60,40,11,302.058318
256,60,40,12,301.652333
256,60,40,13,298.626136
256,60,40,14,295.814442
256,60,40,15,296.769623
256,60,40,16,300.382654
256,60,40,17,297.183387
256,60,40,18,296.625623
256,60,40,19,300.238812
256,60,40,20,295.716204
256,60,40,21,294.008136
256,60,40,22,302.161698
256,60,40,23,298.104329
256,60,40,24,298.286662
256,60,40,25,297.847730
256,60,40,26,297.174543
256,60,40,27,300.836656
256,60,40,28,301.713345
256,60,40,29,298.081142
256,60,40,30,296.663987
256,60,40,31,296.315634
256,60,40,32,297.650556
256,60,40,33,300.703405
256,60,40,34,299.172534
256,60,40,35,297.714808
256,60,40,36,300.322215
256,60,40,37,298.771414
256,60,40,38,296.955259
256,60,40,39,301.306406
256,60,40,40,298.122719
256,60,40,41,298.482858
256,60,40,42,301.981563
256,60,40,43,297.248175
256,60,40,44,300.121354
256,60,40,45,299.535949
256,60,40,46,298.548093
256,60,40,47,294.737530
256,60,40,48,296.805609
256,60,40,49,298.513753
256,60,40,50,296.447306
256,60,40,51,298.103287
256,60,40,52,295.499664
256,60,40,53,295.980223
256,60,40,54,297.230456
256,60,40,55,301.668973
256,60,40,56,297.990517
256,60,40,57,298.590681
256,60,40,58,297.576291
256,60,40,59,293.759607
256,60,40,60,298.184186
256,60,41,1,300.123946
256,60,41,2,297.149931
256,60,41,3,292.704714
256,60,41,4,294.463975
256,60,41,5,293.844901
256,60,41,6,295.004668
256,60,41,7,298.790786
256,60,41,8,295.807200
256,60,41,9,295.999856
256,60,41,10,298.028342
256,60,41,11,298.438233
256,60,41,12,299.173463
256,60,41,13,295.792265
256,60,41,14,302.196893
256,60,41,15,299.143220
256,60,41,16,298.845612
256,60,41,17,301.557104
256,60,41,18,301.582537
256,60,41,19,300.022800
256,60,41,20,299.779119
256,60,41,21,297.369072
256,60,41,22,299.384181
256,60,41,23,299.308145
256,60,41,24,300.203471
256,60,41,25,297.985966
256,60,41,26,297.710671
256,60,41,27,303.286840
256,60,41,28,302.942127
256,60,41,29,298.417964
256,60,41,30,299.790732
256,60,41,31,300.042436
256,60,41,32,295.632617
256,60,41,33,300.683764
256,60,41,34,303.532697
256,60,41,35,299.010248
256,60,41,36,298.723983
256,60,41,37,297.891096
256,60,41,38,298.390235
256,60,41,39,297.778192
256,60,41,40,298.341806
256,60,41,41,301.764817
256,60,41,42,296.761583
256,60,41,43,300.178514
256,60,41,44,299.244960
256,60,41,45,293.494837
256,60,41,46,297.591682
256,60,41,47,297.671685
256,60,41,48,296.410745
256,60,41,49,292.695815
256,60,41,50,298.214821
256,60,41,51,296.116177
256,60,41,52,295.698232
256,60,41,53,294.845503
256,60,41,54,298.757910
256,60,41,55,299.753525
256,60,41,56,297.777989
256,60,41,57,299.408950
256,60,41,58,291.687594
256,60,41,59,290.905896
256,60,41,60,292.641625
256,60,42,1,296.832676
256,60,42,2,291.363408
256,60,42,3,292.723568
256,60,42,4,296.649302
256,60,42,5,299.193302
256,60,42,6,298.538504
256,60,42,7,303.329503
256,60,42,8,293.725702
256,60,42,9,298.225398
256,60,42,10,299.029014
256,60,42,11,297.265874
256,60,42,12,296.728284
256,60,42,13,296.298140
256,60,42,14,296.413264
256,60,42,15,295.969194
256,60,42,16,298.797250
256,60,42,17,300.654590
256,60,42,18,297.355342
256,60,42,19,297.579189
256,60,42,20,327.677714
256,60,42,21,298.711695
256,60,42,22,295.483988
256,60,42,23,298.029016
256,60,42,24,296.314032
256,60,42,25,297.621926
256,60,42,26,293.854673
256,60,42,27,294.258505
256,60,42,28,295.698586
256,60,42,29,297.324392
256,60,42,30,293.753271
256,60,42,31,291.658837
256,60,42,32,296.502700
256,60,42,33,290.910881
256,60,42,34,297.297790
256,60,42,35,294.990321
256,60,42,36,296.845628
256,60,42,37,297.061107
256,60,42,38,293.695933
256,60,42,39,291.546186
256,60,42,40,296.531088
256,60,42,41,296.209112
256,60,42,42,296.011113
256,60,42,43,292.969661
256,60,42,44,291.742131
256,60,42,45,293.022043
256,60,42,46,294.748871
256,60,42,47,293.469644
256,60,42,48,292.604497
256,60,42,49,292.730551
256,60,42,50,295.418521
256,60,42,51,297.037461
256,60,42,52,294.050382
256,60,42,53,292.383974
256,60,42,54,298.635180
256,60,42,55,294.135088
256,60,42,56,295.168383
256,60,42,57,298.362493
256,60,42,58,296.513062
256,60,42,59,301.437514
256,60,42,60,300.155349
256,60,43,1,299.896856
256,60,43,2,297.189012
256,60,43,3,292.986443
256,60,43,4,326.159456
256,60,43,5,295.389325
256,60,43,6,295.740615
256,60,43,7,293.664682
256,60,43,8,297.910902
256,60,43,9,291.844746
256,60,43,10,295.742728
256,60,43,11,293.214907
256,60,43,12,294.281563
256,60,43,13,295.625446
256,60,43,14,295.636632
256,60,43,15,298.321319
256,60,43,16,297.181512
256,60,43,17,296.996039
256,60,43,18,294.673870
256,60,43,19,294.050476
256,60,43,20,298.101544
256,60,43,21,299.262648
256,60,43,22,294.272188
256,60,43,23,296.772131
256,60,43,24,299.085441
256,60,43,25,294.513312
256,60,43,26,294.950214
256,60,43,27,296.452183
256,60,43,28,294.684042
256,60,43,29,294.106867
256,60,43,30,293.760381
256,60,43,31,295.376137
256,60,43,32,295.657759
256,60,43,33,298.159546
256,60,43,34,293.708841
256,60,43,35,300.150721
256,60,43,36,298.081724
256,60,43,37,293.615941
256,60,43,38,297.538381
256,60,43,39,293.321685
256,60,43,40,297.894083
256,60,43,41,297.422341
256,60,43,42,298.699337
256,60,43,43,295.239501
256,60,43,44,295.003489
256,60,43,45,295.209085
256,60,43,46,299.286363
256,60,43,47,298.752669
256,60,43,48,300.514462
256,60,43,49,296.310785
256,60,43,50,299.560849
256,60,43,51,298.150590
256,60,43,52,296.119689
256,60,43,53,297.359235
256,60,43,54,298.575784
256,60,43,55,297.986015
256,60,43,56,298.229973
256,60,43,57,294.767285
256,60,43,58,295.623495
256,60,43,59,298.025837
256,60,43,60,295.467796
256,60,44,1,297.173647
256,60,44,2,299.289169
256,60,44,3,295.315321
256,60,44,4,296.614771
256,60,44,5,299.343940
256,60,44,6,296.767727
256,60,44,7,297.650195
256,60,44,8,294.481429
256,60,44,9,301.987437
256,60,44,10,297.129920
256,60,44,11,297.824115
256,60,44,12,299.656505
256,60,44,13,298.757754
256,60,44,14,297.566246
256,60,44,15,298.716422
256,60,44,16,299.381987
256,60,44,17,294.881418
256,60,44,18,297.065065
256,60,44,19,298.564479
256,60,44,20,294.607472
256,60,44,21,295.413412
256,60,44,22,294.885539
256,60,44,23,301.092339
256,60,44,24,302.829934
256,60,44,25,296.698821
256,60,44,26,299.699721
256,60,44,27,295.897831
256,60,44,28,295.295542
256,60,44,29,295.320830
256,60,44,30,296.654472
256,60,44,31,328.514616
256,60,44,32,294.171180
256,60,44,33,293.932617
256,60,44,34,295.414949
256,60,44,35,294.711493
256,60,44,36,292.161207
256,60,44,37,294.563148
256,60,44,38,299.665775
256,60,44,39,295.117786
256,60,44,40,295.274094
256,60,44,41,293.222938
256,60,44,42,298.648967
256,60,44,43,296.384508
256,60,44,44,292.044313
256,60,44,45,294.881739
256,60,44,46,299.887930
256,60,44,47,293.554956
256,60,44,48,297.876003
256,60,44,49,298.567775
256,60,44,50,297.344459
256,60,44,51,293.314340
256,60,44,52,296.935649
256,60,44,53,300.590636
256,60,44,54,294.996843
256,60,44,55,297.755179
256,60,44,56,296.868554
256,60,44,57,301.261290
256,60,44,58,296.349040
256,60,44,59,299.859964
256,60,44,60,296.016379
256,60,45,1,297.055917
256,60,45,2,298.879561
256,60,45,3,295.997096
256,60,45,4,297.848900
256,60,45,5,295.775693
256,60,45,6,298.803838
256,60,45,7,297.935327
256,60,45,8,295.134954
256,60,45,9,296.449936
256,60,45,10,298.035420
256,60,45,11,300.498767
256,60,45,12,296.283013
256,60,45,13,294.804004
256,60,45,14,307.433797
256,60,45,15,298.279984
256,60,45,16,298.402695
256,60,45,17,296.241944
256,60,45,18,299.106405
256,60,45,19,299.774214
256,60,45,20,295.185179
256,60,45,21,294.897974
256,60,45,22,295.562393
256,60,45,23,296.968627
256,60,45,24,295.325819
256,60,45,25,295.920788
256,60,45,26,297.485657
256,60,45,27,299.369826
256,60,45,28,296.256190
256,60,45,29,296.849870
256,60,45,30,295.515844
256,60,45,31,303.948114
256,60,45,32,302.455620
256,60,45,33,301.999400
256,60,45,34,301.282808
256,60,45,35,296.000151
256,60,45,36,297.756028
256,60,45,37,295.790515
256,60,45,38,297.406488
256,60,45,39,302.703708
256,60,45,40,300.680895
256,60,45,41,299.153983
256,60,45,42,301.222452
256,60,45,43,297.363774
256,60,45,44,297.131084
256,60,45,45,300.000678
256,60,45,46,297.286498
256,60,45,47,297.923243
256,60,45,48,304.649502
256,60,45,49,301.261528
256,60,45,50,299.394027
256,60,45,51,301.213365
256,60,45,52,297.793028
256,60,45,53,297.715215
256,60,45,54,300.483221
256,60,45,55,299.852437
256,60,45,56,296.271255
256,60,45,57,294.641292
256,60,45,58,298.788159
256,60,45,59,295.123573
256,60,45,60,294.901869
256,60,46,1,297.674335
256,60,46,2,307.126440
256,60,46,3,296.968111
256,60,46,4,300.590126
256,60,46,5,295.433219
256,60,46,6,298.951182
256,60,46,7,299.848384
256,60,46,8,295.881982
256,60,46,9,295.073277
256,60,46,10,297.102615
256,60,46,11,300.356555
256,60,46,12,296.950765
256,60,46,13,295.997397
256,60,46,14,296.586548
256,60,46,15,295.162720
256,60,46,16,296.677960
256,60,46,17,300.782186
256,60,46,18,295.568280
256,60,46,19,296.837942
256,60,46,20,295.056911
256,60,46,21,303.734628
256,60,46,22,295.297395
256,60,46,23,297.617690
256,60,46,24,296.396662
256,60,46,25,295.874797
256,60,46,26,297.073070
256,60,46,27,295.740271
256,60,46,28,297.524242
256,60,46,29,297.678562
256,60,46,30,301.376378
256,60,46,31,299.131195
256,60,46,32,295.747153
256,60,46,33,297.999521
256,60,46,34,297.983018
256,60,46,35,295.417046
256,60,46,36,295.062748
256,60,46,37,299.377631
256,60,46,38,300.052127
256,60,46,39,300.542861
256,60,46,40,299.467279
256,60,46,41,297.217569
256,60,46,42,295.369251
256,60,46,43,297.211750
256,60,46,44,299.117817
256,60,46,45,298.624932
256,60,46,46,302.264941
256,60,46,47,296.883723
256,60,46,48,298.002543
256,60,46,49,297.156088
256,60,46,50,301.490590
256,60,46,51,298.001906
256,60,46,52,298.119618
256,60,46,53,300.162966
256,60,46,54,297.241552
256,60,46,55,301.971385
256,60,46,56,298.944333
256,60,46,57,296.424963
256,60,46,58,298.282982
256,60,46,59,299.633495
256,60,46,60,294.513521
256,60,47,1,297.352385
256,60,47,2,298.100097
256,60,47,3,301.651615
256,60,47,4,294.768613
256,60,47,5,294.958897
256,60,47,6,297.529432
256,60,47,7,298.804530
256,60,47,8,296.580858
256,60,47,9,296.235907
256,60,47,10,299.378275
256,60,47,11,296.727217
256,60,47,12,306.067034
256,60,47,13,300.184210
256,60,47,14,296.312070
256,60,47,15,293.454086
256,60,47,16,294.593514
256,60,47,17,299.554732
256,60,47,18,295.580970
256,60,47,19,294.106600
256,60,47,20,295.915120
256,60,47,21,296.954032
256,60,47,22,299.699710
256,60,47,23,299.889642
256,60,47,24,296.161731
256,60,47,25,294.457413
256,60,47,26,300.430609
256,60,47,27,296.395094
256,60,47,28,295.962493
256,60,47,29,301.510615
256,60,47,30,302.295315
256,60,47,31,301.195065
256,60,47,32,297.666624
256,60,47,33,299.170796
256,60,47,34,297.893101
256,60,47,35,297.262384
256,60,47,36,295.064871
256,60,47,37,303.829479
256,60,47,38,300.686073
256,60,47,39,295.075672
256,60,47,40,296.759850
256,60,47,41,296.098465
256,60,47,42,301.186457
256,60,47,43,299.804560
256,60,47,44,297.610348
256,60,47,45,303.802685
256,60,47,46,301.765874
256,60,47,47,301.042581
256,60,47,48,300.806254
256,60,47,49,303.360959
256,60,47,50,301.519028
256,60,47,51,298.562973
256,60,47,52,301.620562
256,60,47,53,302.890769
256,60,47,54,296.759146
256,60,47,55,296.516354
256,60,47,56,303.212406
256,60,47,57,304.159876
256,60,47,58,301.708347
256,60,47,59,305.617066
256,60,47,60,299.561133
256,60,48,1,294.174394
256,60,48,2,299.256019
256,60,48,3,291.009053
256,60,48,4,328.499983
256,60,48,5,291.945285
256,60,48,6,292.171023
256,60,48,7,299.938163
256,60,48,8,296.404388
256,60,48,9,294.364777
256,60,48,10,293.363740
256,60,48,11,297.125872
256,60,48,12,297.260223
256,60,48,13,331.835478
256,60,48,14,291.465548
256,60,48,15,333.724881
256,60,48,16,294.923813
256,60,48,17,299.506385
256,60,48,18,294.555385
256,60,48,19,298.161696
256,60,48,20,299.021515
256,60,48,21,300.811186
256,60,48,22,330.665583
256,60,48,23,293.899936
256,60,48,24,295.509284
256,60,48,25,331.744911
256,60,48,26,303.623026
256,60,48,27,298.080991
256,60,48,28,299.901088
256,60,48,29,296.816694
256,60,48,30,296.981108
256,60,48,31,294.765742
256,60,48,32,300.388491
256,60,48,33,297.005820
256,60,48,34,297.703804
256,60,48,35,300.318414
256,60,48,36,295.261640
256,60,48,37,300.723439
256,60,48,38,296.244215
256,60,48,39,296.060081
256,60,48,40,297.330324
256,60,48,41,298.717968
256,60,48,42,303.627670
256,60,48,43,296.460470
256,60,48,44,299.263343
256,60,48,45,296.989239
256,60,48,46,295.806756
256,60,48,47,295.526288
256,60,48,48,291.760002
256,60,48,49,298.234470
256,60,48,50,297.926303
256,60,48,51,301.897190
256,60,48,52,299.237253
256,60,48,53,297.218468
256,60,48,54,298.928561
256,60,48,55,300.687994
256,60,48,56,298.545307
256,60,48,57,304.419329
256,60,48,58,298.959976
256,60,48,59,296.203969
256,60,48,60,301.303835
256,60,49,1,306.577043
256,60,49,2,300.437520
256,60,49,3,298.472699
256,60,49,4,300.543701
256,60,49,5,298.546027
256,60,49,6,301.044970
256,60,49,7,303.169418
256,60,49,8,295.716585
256,60,49,9,302.402506
256,60,49,10,297.849823
256,60,49,11,295.695656
256,60,49,12,300.543295
256,60,49,13,299.057673
256,60,49,14,297.624457
256,60,49,15,302.254702
256,60,49,16,298.904471
256,60,49,17,301.756374
256,60,49,18,295.658446
256,60,49,19,296.328077
256,60,49,20,302.006222
256,60,49,21,305.906251
256,60,49,22,297.398150
256,60,49,23,296.522023
256,60,49,24,298.071349
256,60,49,25,300.824700
256,60,49,26,297.507860
256,60,49,27,302.371172
256,60,49,28,297.075703
256,60,49,29,299.750538
256,60,49,30,299.427856
256,60,49,31,299.390707
256,60,49,32,300.410140
256,60,49,33,296.297598
256,60,49,34,298.854920
256,60,49,35,299.664302
256,60,49,36,297.817349
256,60,49,37,300.598716
256,60,49,38,296.822800
256,60,49,39,298.161349
256,60,49,40,303.871286
256,60,49,41,298.327761
256,60,49,42,302.338466
256,60,49,43,298.179112
256,60,49,44,301.661519
256,60,49,45,298.614930
256,60,49,46,299.216092
256,60,49,47,298.188219
256,60,49,48,298.324760
256,60,49,49,298.610890
256,60,49,50,302.628394
256,60,49,51,298.399264
256,60,49,52,296.402129
256,60,49,53,296.794391
256,60,49,54,299.997936
256,60,49,55,296.889914
256,60,49,56,297.434744
256,60,49,57,300.172549
256,60,49,58,298.989648
256,60,49,59,300.777979
256,60,49,60,301.356631
256,60,50,1,300.405207
256,60,50,2,302.600065
256,60,50,3,298.617321
256,60,50,4,299.470071
256,60,50,5,299.701997
256,60,50,6,302.271124
256,60,50,7,300.467848
256,60,50,8,298.339670
256,60,50,9,297.090406
256,60,50,10,301.492530
256,60,50,11,300.958950
256,60,50,12,300.589131
256,60,50,13,299.511856
256,60,50,14,300.799559
256,60,50,15,306.337179
256,60,50,16,299.373795
256,60,50,17,298.904119
256,60,50,18,301.793622
256,60,50,19,299.183814
256,60,50,20,300.012257
256,60,50,21,291.881230
256,60,50,22,299.367434
256,60,50,23,298.723452
256,60,50,24,301.196565
256,60,50,25,297.574623
256,60,50,26,302.267779
256,60,50,27,300.989658
256,60,50,28,301.336625
256,60,50,29,306.594695
256,60,50,30,297.786892
256,60,50,31,300.804048
256,60,50,32,300.526812
256,60,50,33,300.484791
256,60,50,34,301.983686
256,60,50,35,298.409434
256,60,50,36,300.519241
256,60,50,37,299.330010
256,60,50,38,301.183345
256,60,50,39,299.291190
256,60,50,40,299.630431
256,60,50,41,301.566734
256,60,50,42,333.223727
256,60,50,43,296.308660
256,60,50,44,297.036582
256,60,50,45,299.777157
256,60,50,46,298.131541
256,60,50,47,297.839262
256,60,50,48,296.464088
256,60,50,49,301.180169
256,60,50,50,300.555657
256,60,50,51,301.205995
256,60,50,52,299.260614
256,60,50,53,297.966272
256,60,50,54,301.303562
256,60,50,55,296.759646
256,60,50,56,297.238903
256,60,50,57,298.553438
256,60,50,58,299.815862
256,60,50,59,298.718656
256,60,50,60,299.313003
1024,1,1,1,1208.148805
1024,1,2,1,1241.819469
1024,1,3,1,1385.799211
1024,1,4,1,1219.801778
1024,1,5,1,1218.360557
1024,1,6,1,1211.465648
1024,1,7,1,1210.548364
1024,1,8,1,1216.083392
1024,1,9,1,1215.847700
1024,1,10,1,1218.640653
1024,1,11,1,1219.908206
1024,1,12,1,1215.468051
1024,1,13,1,1214.497022
1024,1,14,1,1221.370642
1024,1,15,1,1214.152002
1024,1,16,1,1229.702620
1024,1,17,1,1213.924590
1024,1,18,1,1225.614545
1024,1,19,1,1217.200193
1024,1,20,1,1216.290344
1024,1,21,1,1239.407021
1024,1,22,1,1225.637661
1024,1,23,1,1220.049992
1024,1,24,1,1213.891369
1024,1,25,1,1397.394410
1024,1,26,1,1218.093523
1024,1,27,1,1248.670208
1024,1,28,1,1222.332653
1024,1,29,1,1391.533569
1024,1,30,1,1212.521986
1024,1,31,1,1217.894600
1024,1,32,1,1215.301241
1024,1,33,1,1392.490406
1024,1,34,1,1213.723186
1024,1,35,1,1220.770499
1024,1,36,1,1240.650937
1024,1,37,1,1229.712781
1024,1,38,1,1211.746153
1024,1,39,1,1219.351320
1024,1,40,1,1214.182265
1024,1,41,1,1234.199937
1024,1,42,1,1221.866602
1024,1,43,1,1220.380116
1024,1,44,1,1224.457464
1024,1,45,1,1236.271324
1024,1,46,1,1219.586739
1024,1,47,1,1226.631927
1024,1,48,1,1223.495329
1024,1,49,1,1211.357305
1024,1,50,1,1224.999618
1024,3,1,1,1218.083964
1024,3,1,2,1225.303605
1024,3,1,3,1214.647802
1024,3,2,1,1242.893562
1024,3,2,2,1217.612763
1024,3,2,3,1224.499986
1024,3,3,1,1217.404609
1024,3,3,2,1228.393928
1024,3,3,3,1226.201917
1024,3,4,1,1230.798246
1024,3,4,2,1217.639538
1024,3,4,3,1215.196338
1024,3,5,1,1226.783823
1024,3,5,2,1221.866150
1024,3,5,3,1213.650214
1024,3,6,1,1218.189770
1024,3,6,2,1219.700718
1024,3,6,3,1225.056385
1024,3,7,1,1220.884525
1024,3,7,2,1219.951516
1024,3,7,3,1218.201426
1024,3,8,1,1223.070492
1024,3,8,2,1224.009482
1024,3,8,3,1216.487227
1024,3,9,1,1218.869376
1024,3,9,2,1216.607848
1024,3,9,3,1218.086935
1024,3,10,1,1219.749893
1024,3,10,2,1217.262531
1024,3,10,3,1220.395613
1024,3,11,1,1219.264254
1024,3,11,2,1222.127354
1024,3,11,3,1397.877635
1024,3,12,1,1221.064329
1024,3,12,2,1393.384313
1024,3,12,3,1222.830444
1024,3,13,1,1223.733710
1024,3,13,2,1222.392574
1024,3,13,3,1220.768356
1024,3,14,1,1211.353897
1024,3,14,2,1220.906982
1024,3,14,3,1483.051252
1024,3,15,1,1218.270517
1024,3,15,2,1236.702132
1024,3,15,3,1211.940323
1024,3,16,1,1226.183710
1024,3,16,2,1227.235449
1024,3,16,3,1217.990138
1024,3,17,1,1217.859162
1024,3,17,2,1211.641526
1024,3,17,3,1225.096135
1024,3,18,1,1211.796374
1024,3,18,2,1205.901002
1024,3,18,3,1220.568414
1024,3,19,1,1221.918615
1024,3,19,2,1212.811463
1024,3,19,3,1213.214748
1024,3,20,1,1208.208392
1024,3,20,2,1224.703590
1024,3,20,3,1220.070316
1024,3,21,1,1218.585369
1024,3,21,2,1222.106303
1024,3,21,3,1224.668474
1024,3,22,1,1222.826643
1024,3,22,2,1227.605849
1024,3,22,3,1221.712596
1024,3,23,1,1210.977188
1024,3,23,2,1227.389544
1024,3,23,3,1224.170250
1024,3,24,1,1222.918198
1024,3,24,2,1212.903163
1024,3,24,3,1219.252906
1024,3,25,1,1217.558865
1024,3,25,2,1214.816267
1024,3,25,3,1215.201962
1024,3,26,1,1212.201628
1024,3,26,2,1218.753345
1024,3,26,3,1233.634255
1024,3,27,1,1211.774263
1024,3,27,2,1224.677976
1024,3,27,3,1212.895570
1024,3,28,1,1209.619574
1024,3,28,2,1219.120777
1024,3,28,3,1220.869913
1024,3,29,1,1219.229477
1024,3,29,2,1213.526382
1024,3,29,3,1217.257230
1024,3,30,1,1216.009872
1024,3,30,2,1219.503978
1024,3,30,3,1207.249985
1024,3,31,1,1222.131743
1024,3,31,2,1214.581792
1024,3,31,3,1217.076393
1024,3,32,1,1223.427517
1024,3,32,2,1227.383446
1024,3,32,3,1221.823181
1024,3,33,1,1232.207656
1024,3,33,2,1224.320884
1024,3,33,3,1227.160690
1024,3,34,1,1213.601965
1024,3,34,2,1226.116217
1024,3,34,3,1210.375038
1024,3,35,1,1211.121726
1024,3,35,2,1210.650961
1024,3,35,3,1216.551799
1024,3,36,1,1212.151517
1024,3,36,2,1213.071771
1024,3,36,3,1223.903452
1024,3,37,1,1216.896039
1024,3,37,2,1226.717636
1024,3,37,3,1228.031850
1024,3,38,1,1208.933663
1024,3,38,2,1215.492198
1024,3,38,3,1396.578491
1024,3,39,1,1216.782023
1024,3,39,2,1213.276761
1024,3,39,3,1216.289959
1024,3,40,1,1218.529768
1024,3,40,2,1211.944963
1024,3,40,3,1213.050747
1024,3,41,1,1208.859309
1024,3,41,2,1224.539773
1024,3,41,3,1210.687739
1024,3,42,1,1213.828894
1024,3,42,2,1222.630538
1024,3,42,3,1223.803139
1024,3,43,1,1217.306696
1024,3,43,2,1225.078948
1024,3,43,3,1216.285603
1024,3,44,1,1227.923046
1024,3,44,2,1211.356358
1024,3,44,3,1219.648563
1024,3,45,1,1220.299493
1024,3,45,2,1212.867692
1024,3,45,3,1212.790377
1024,3,46,1,1210.891290
1024,3,46,2,1210.317317
1024,3,46,3,1224.239531
1024,3,47,1,1210.189180
1024,3,47,2,1220.025606
1024,3,47,3,1226.790530
1024,3,48,1,1211.211567
1024,3,48,2,1225.360188
1024,3,48,3,1212.860477
1024,3,49,1,1220.679134
1024,3,49,2,1209.858510
1024,3,49,3,1229.077755
1024,3,50,1,1209.636112
1024,3,50,2,1214.785179
1024,3,50,3,1210.588699
1024,5,1,1,1228.961946
1024,5,1,2,1217.742857
1024,5,1,3,1216.138437
1024,5,1,4,1211.253715
1024,5,1,5,1209.293216
1024,5,2,1,1208.272469
1024,5,2,2,1217.088581
1024,5,2,3,1206.626398
1024,5,2,4,1222.936637
1024,5,2,5,1221.279511
1024,5,3,1,1211.057861
1024,5,3,2,1220.336933
1024,5,3,3,1214.454855
1024,5,3,4,1221.409377
1024,5,3,5,1218.568850
1024,5,4,1,1219.711577
1024,5,4,2,1221.316723
1024,5,4,3,1227.245711
1024,5,4,4,1218.670632
1024,5,4,5,1213.682877
1024,5,5,1,1222.754748
1024,5,5,2,1214.110285
1024,5,5,3,1440.512791
1024,5,5,4,1222.592377
1024,5,5,5,1217.524156
1024,5,6,1,1225.856261
1024,5,6,2,1217.245286
1024,5,6,3,1219.268068
1024,5,6,4,1223.027356
1024,5,6,5,1381.329304
1024,5,7,1,1210.002672
1024,5,7,2,1222.445747
1024,5,7,3,1213.837207
1024,5,7,4,1228.216040
1024,5,7,5,1222.031900
1024,5,8,1,1209.859822
1024,5,8,2,1217.654096
1024,5,8,3,1212.348149
1024,5,8,4,1225.167867
1024,5,8,5,1224.814506
1024,5,9,1,1214.724055
1024,5,9,2,1221.256638
1024,5,9,3,1219.953436
1024,5,9,4,1220.489752
1024,5,9,5,1224.059861
1024,5,10,1,1212.597497
1024,5,10,2,1216.209739
1024,5,10,3,1218.883003
1024,5,10,4,1213.818857
1024,5,10,5,1217.966572
1024,5,11,1,1218.581875
1024,5,11,2,1214.263318
1024,5,11,3,1216.733290
1024,5,11,4,1224.427034
1024,5,11,5,1221.344611
1024,5,12,1,1228.308239
1024,5,12,2,1216.992445
1024,5,12,3,1230.383383
1024,5,12,4,1230.740454
1024,5,12,5,1215.198817
1024,5,13,1,1228.364306
1024,5,13,2,1215.713356
1024,5,13,3,1226.686521
1024,5,13,4,1227.720489
1024,5,13,5,1228.245171
1024,5,14,1,1210.736101
1024,5,14,2,1218.639244
1024,5,14,3,1212.718119
1024,5,14,4,1216.826712
1024,5,14,5,1210.618722
1024,5,15,1,1212.341551
1024,5,15,2,1221.102364
1024,5,15,3,1206.145395
1024,5,15,4,1219.937392
1024,5,15,5,1218.691226
1024,5,16,1,1212.444488
1024,5,16,2,1225.609302
1024,5,16,3,1212.534707
1024,5,16,4,1211.714992
1024,5,16,5,1213.515415
1024,5,17,1,1219.066525
1024,5,17,2,1219.117402
1024,5,17,3,1212.420411
1024,5,17,4,1216.496239
1024,5,17,5,1218.719879
1024,5,18,1,1208.548366
1024,5,18,2,1210.683864
1024,5,18,3,1213.864080
1024,5,18,4,1217.445787
1024,5,18,5,1210.660241
1024,5,19,1,1224.599520
1024,5,19,2,1222.539891
1024,5,19,3,1214.045486
1024,5,19,4,1397.566747
1024,5,19,5,1216.599142
1024,5,20,1,1219.028628
1024,5,20,2,1215.029089
1024,5,20,3,1218.976376
1024,5,20,4,1209.287995
1024,5,20,5,1218.850867
1024,5,21,1,1225.757324
1024,5,21,2,1216.772292
1024,5,21,3,1221.328473
1024,5,21,4,1228.117426
1024,5,21,5,1220.211904
1024,5,22,1,1224.170892
1024,5,22,2,1209.488184
1024,5,22,3,1219.505090
1024,5,22,4,1224.544758
1024,5,22,5,1208.704125
1024,5,23,1,1220.393419
1024,5,23,2,1219.413289
1024,5,23,3,1215.354631
1024,5,23,4,1219.710821
1024,5,23,5,1209.749020
1024,5,24,1,1222.208059
1024,5,24,2,1213.320411
1024,5,24,3,1210.944996
1024,5,24,4,1217.254204
1024,5,24,5,1215.453501
1024,5,25,1,1210.800188
1024,5,25,2,1215.228898
1024,5,25,3,1216.107981
1024,5,25,4,1216.144770
1024,5,25,5,1216.845817
1024,5,26,1,1216.329519
1024,5,26,2,1213.289621
1024,5,26,3,1220.895237
1024,5,26,4,1210.137743
1024,5,26,5,1219.716384
1024,5,27,1,1213.698713
1024,5,27,2,1225.491678
1024,5,27,3,1211.044649
1024,5,27,4,1403.355070
1024,5,27,5,1224.273458
1024,5,28,1,1224.334397
1024,5,28,2,1207.438482
1024,5,28,3,1213.531374
1024,5,28,4,1206.439068
1024,5,28,5,1214.267956
1024,5,29,1,1225.627598
1024,5,29,2,1220.830887
1024,5,29,3,1217.945282
1024,5,29,4,1212.383084
1024,5,29,5,1211.180012
1024,5,30,1,1220.548980
1024,5,30,2,1220.933989
1024,5,30,3,1227.324602
1024,5,30,4,1222.337764
1024,5,30,5,1210.313811
1024,5,31,1,1214.212345
1024,5,31,2,1216.518673
1024,5,31,3,1225.662665
1024,5,31,4,1231.503404
1024,5,31,5,1212.005145
1024,5,32,1,1212.410061
1024,5,32,2,1224.342270
1024,5,32,3,1211.741158
1024,5,32,4,1214.848157
1024,5,32,5,1214.241904
1024,5,33,1,1213.669832
1024,5,33,2,1208.453577
1024,5,33,3,1214.016636
1024,5,33,4,1215.439994
1024,5,33,5,1237.325289
1024,5,34,1,1225.001478
1024,5,34,2,1210.182892
1024,5,34,3,1214.323222
1024,5,34,4,1211.607449
1024,5,34,5,1210.044555
1024,5,35,1,1209.860278
1024,5,35,2,1222.701652
1024,5,35,3,1212.340992
1024,5,35,4,1215.321180
1024,5,35,5,1210.483980
1024,5,36,1,1232.887812
1024,5,36,2,1214.795906
1024,5,36,3,1224.346131
1024,5,36,4,1224.219290
1024,5,36,5,1218.066151
1024,5,37,1,1225.472558
1024,5,37,2,1212.688613
1024,5,37,3,1211.034693
1024,5,37,4,1212.638194
1024,5,37,5,1214.828942
1024,5,38,1,1226.621988
1024,5,38,2,1215.574347
1024,5,38,3,1219.824641
1024,5,38,4,1211.527914
1024,5,38,5,1210.693506
1024,5,39,1,1213.549247
1024,5,39,2,1214.014752
1024,5,39,3,1218.006516
1024,5,39,4,1214.767091
1024,5,39,5,1214.810934
1024,5,40,1,1208.576072
1024,5,40,2,1214.463237
1024,5,40,3,1212.908896
1024,5,40,4,1213.946292
1024,5,40,5,1206.036406
1024,5,41,1,1217.955435
1024,5,41,2,1240.673395
1024,5,41,3,1206.994937
1024,5,41,4,1211.739547
1024,5,41,5,1209.841185
1024,5,42,1,1238.808785
1024,5,42,2,1213.253814
1024,5,42,3,1221.129457
1024,5,42,4,1215.474674
1024,5,42,5,1213.287046
1024,5,43,1,1208.406635
1024,5,43,2,1211.646791
1024,5,43,3,1212.080197
1024,5,43,4,1215.170223
1024,5,43,5,1212.015313
1024,5,44,1,1209.708013
1024,5,44,2,1208.137922
1024,5,44,3,1219.984245
1024,5,44,4,1212.584866
1024,5,44,5,1207.545627
1024,5,45,1,1209.973182
1024,5,45,2,1213.894549
1024,5,45,3,1214.840684
1024,5,45,4,1209.969044
1024,5,45,5,1211.082571
1024,5,46,1,1212.199980
1024,5,46,2,1212.469737
1024,5,46,3,1211.044229
1024,5,46,4,1209.312964
1024,5,46,5,1219.469171
1024,5,47,1,1212.560387
1024,5,47,2,1213.460790
1024,5,47,3,1222.360804
1024,5,47,4,1220.006488
1024,5,47,5,1224.403273
1024,5,48,1,1222.827287
1024,5,48,2,1387.436675
1024,5,48,3,1212.861652
1024,5,48,4,1222.840413
1024,5,48,5,1210.313034
1024,5,49,1,1221.945695
1024,5,49,2,1235.814378
1024,5,49,3,1211.738618
1024,5,49,4,1212.055337
1024,5,49,5,1211.928010
1024,5,50,1,1219.695304
1024,5,50,2,1213.846339
1024,5,50,3,1225.467315
1024,5,50,4,1212.364382
1024,5,50,5,1211.806544
1024,10,1,1,1224.192064
1024,10,1,2,1221.317325
1024,10,1,3,1226.662349
1024,10,1,4,1215.452025
1024,10,1,5,1224.325633
1024,10,1,6,1220.856494
1024,10,1,7,1213.315097
1024,10,1,8,1225.823827
1024,10,1,9,1228.540810
1024,10,1,10,1224.035374
1024,10,2,1,1218.241635
1024,10,2,2,1217.778550
1024,10,2,3,1215.152642
1024,10,2,4,1227.378033
1024,10,2,5,1222.775768
1024,10,2,6,1213.601134
1024,10,2,7,1216.821029
1024,10,2,8,1213.376121
1024,10,2,9,1219.048016
1024,10,2,10,1236.152759
1024,10,3,1,1221.863661
1024,10,3,2,1213.873427
1024,10,3,3,1212.160756
1024,10,3,4,1210.196015
1024,10,3,5,1209.175256
1024,10,3,6,1225.433291
1024,10,3,7,1211.372910
1024,10,3,8,1212.612486
1024,10,3,9,1217.944048
1024,10,3,10,1213.014035
1024,10,4,1,1213.020637
1024,10,4,2,1209.694975
1024,10,4,3,1221.766927
1024,10,4,4,1210.827446
1024,10,4,5,1229.343663
1024,10,4,6,1207.448503
1024,10,4,7,1216.486825
1024,10,4,8,1214.321033
1024,10,4,9,1386.543038
1024,10,4,10,1385.179863
1024,10,5,1,1216.565600
1024,10,5,2,1384.969418
1024,10,5,3,1223.997185
1024,10,5,4,1238.700423
1024,10,5,5,1211.391491
1024,10,5,6,1225.350175
1024,10,5,7,1213.160068
1024,10,5,8,1212.968786
1024,10,5,9,1214.093565
1024,10,5,10,1210.973612
1024,10,6,1,1213.593694
1024,10,6,2,1210.092265
1024,10,6,3,1209.739089
1024,10,6,4,1386.626373
1024,10,6,5,1212.088577
1024,10,6,6,1209.042439
1024,10,6,7,1213.428211
1024,10,6,8,1229.473655
1024,10,6,9,1215.547422
1024,10,6,10,1206.694200
1024,10,7,1,1207.753422
1024,10,7,2,1213.034811
1024,10,7,3,1243.056584
1024,10,7,4,1209.593036
1024,10,7,5,1384.838395
1024,10,7,6,1208.124819
1024,10,7,7,1215.836281
1024,10,7,8,1214.265567
1024,10,7,9,1211.509002
1024,10,7,10,1215.493229
1024,10,8,1,1213.820957
1024,10,8,2,1217.382984
1024,10,8,3,1213.330325
1024,10,8,4,1401.978473
1024,10,8,5,1243.248514
1024,10,8,6,1223.452037
1024,10,8,7,1211.193520
1024,10,8,8,1213.467928
1024,10,8,9,1215.473694
1024,10,8,10,1401.696064
1024,10,9,1,1217.012507
1024,10,9,2,1213.067674
1024,10,9,3,1206.108642
1024,10,9,4,1224.157932
1024,10,9,5,1207.733014
1024,10,9,6,1218.013736
1024,10,9,7,1211.617577
1024,10,9,8,1213.208012
1024,10,9,9,1213.615966
1024,10,9,10,1213.312113
1024,10,10,1,1215.678733
1024,10,10,2,1218.461552
1024,10,10,3,1212.533358
1024,10,10,4,1212.428953
1024,10,10,5,1248.540704
1024,10,10,6,1219.554290
1024,10,10,7,1211.864311
1024,10,10,8,1221.237389
1024,10,10,9,1214.705806
1024,10,10,10,1218.047599
1024,10,11,1,1246.696214
1024,10,11,2,1211.515054
1024,10,11,3,1217.729305
1024,10,11,4,1220.379545
1024,10,11,5,1214.324703
1024,10,11,6,1208.326373
1024,10,11,7,1208.512117
1024,10,11,8,1210.305543
1024,10,11,9,1221.120048
1024,10,11,10,1396.723795
1024,10,12,1,1238.852534
1024,10,12,2,1410.548412
1024,10,12,3,1397.974817
1024,10,12,4,1210.699958
1024,10,12,5,1210.517389
1024,10,12,6,1402.107931
1024,10,12,7,1216.016900
1024,10,12,8,1226.434794
1024,10,12,9,1216.477403
1024,10,12,10,1212.652922
1024,10,13,1,1225.066472
1024,10,13,2,1211.761898
1024,10,13,3,1213.007660
1024,10,13,4,1213.801432
1024,10,13,5,1217.178424
1024,10,13,6,1207.148647
1024,10,13,7,1214.450384
1024,10,13,8,1209.926041
1024,10,13,9,1396.468506
1024,10,13,10,1213.741822
1024,10,14,1,1226.365234
1024,10,14,2,1215.644002
1024,10,14,3,1231.830952
1024,10,14,4,1211.692063
1024,10,14,5,1215.211717
1024,10,14,6,1210.140194
1024,10,14,7,1209.925322
1024,10,14,8,1208.959033
1024,10,14,9,1213.712509
1024,10,14,10,1229.734258
1024,10,15,1,1223.564266
1024,10,15,2,1216.208515
1024,10,15,3,1218.201487
1024,10,15,4,1212.032396
1024,10,15,5,1211.259894
1024,10,15,6,1215.778161
1024,10,15,7,1207.991803
1024,10,15,8,1206.995735
1024,10,15,9,1219.525090
1024,10,15,10,1397.181016
1024,10,16,1,1213.272006
1024,10,16,2,1216.779343
1024,10,16,3,1215.494756
1024,10,16,4,1220.927526
1024,10,16,5,1213.711867
1024,10,16,6,1227.138744
1024,10,16,7,1214.791098
1024,10,16,8,1212.930289
1024,10,16,9,1212.788839
1024,10,16,10,1218.577371
1024,10,17,1,1211.686920
1024,10,17,2,1227.947972
1024,10,17,3,1216.115790
1024,10,17,4,1212.064773
1024,10,17,5,1214.473946
1024,10,17,6,1220.096288
1024,10,17,7,1213.217072
1024,10,17,8,1213.597381
1024,10,17,9,1210.747228
1024,10,17,10,1212.144449
1024,10,18,1,1214.228885
1024,10,18,2,1219.554480
1024,10,18,3,1210.593278
1024,10,18,4,1208.336750
1024,10,18,5,1213.256504
1024,10,18,6,1211.780919
1024,10,18,7,1208.209049
1024,10,18,8,1217.190524
1024,10,18,9,1228.471778
1024,10,18,10,1212.105840
1024,10,19,1,1214.664673
1024,10,19,2,1212.764016
1024,10,19,3,1218.043742
1024,10,19,4,1213.327736
1024,10,19,5,1218.352911
1024,10,19,6,1213.142207
1024,10,19,7,1210.483404
1024,10,19,8,1224.904659
1024,10,19,9,1212.301884
1024,10,19,10,1217.664274
1024,10,20,1,1210.959541
1024,10,20,2,1215.045580
1024,10,20,3,1216.415431
1024,10,20,4,1217.780701
1024,10,20,5,1214.293451
1024,10,20,6,1225.366452
1024,10,20,7,1211.738615
1024,10,20,8,1212.020760
1024,10,20,9,1213.407993
1024,10,20,10,1220.071711
1024,10,21,1,1214.124683
1024,10,21,2,1211.870983
1024,10,21,3,1216.957442
1024,10,21,4,1223.585463
1024,10,21,5,1221.227017
1024,10,21,6,1213.212260
1024,10,21,7,1384.571174
1024,10,21,8,1216.683530
1024,10,21,9,1219.773080
1024,10,21,10,1395.293519
1024,10,22,1,1223.125776
1024,10,22,2,1220.906250
1024,10,22,3,1221.760093
1024,10,22,4,1228.036342
1024,10,22,5,1390.170196
1024,10,22,6,1224.620945
1024,10,22,7,1216.403372
1024,10,22,8,1214.381946
1024,10,22,9,1214.787934
1024,10,22,10,1215.147424
1024,10,23,1,1225.468144
1024,10,23,2,1211.284849
1024,10,23,3,1213.993548
1024,10,23,4,1220.200021
1024,10,23,5,1389.194509
1024,10,23,6,1208.025464
1024,10,23,7,1212.861746
1024,10,23,8,1213.077988
1024,10,23,9,1226.356600
1024,10,23,10,1211.473064
1024,10,24,1,1224.540236
1024,10,24,2,1220.133038
1024,10,24,3,1221.920636
1024,10,24,4,1210.981255
1024,10,24,5,1207.902497
1024,10,24,6,1211.657340
1024,10,24,7,1213.262748
1024,10,24,8,1222.959103
1024,10,24,9,1217.800837
1024,10,24,10,1210.554096
1024,10,25,1,1210.863257
1024,10,25,2,1208.806079
1024,10,25,3,1351.116635
1024,10,25,4,1216.426286
1024,10,25,5,1210.459430
1024,10,25,6,1218.850603
1024,10,25,7,1219.000344
1024,10,25,8,1210.122173
1024,10,25,9,1385.373618
1024,10,25,10,1219.151624
1024,10,26,1,1390.916998
1024,10,26,2,1382.845482
1024,10,26,3,1211.297516
1024,10,26,4,1210.528036
1024,10,26,5,1213.180867
1024,10,26,6,1384.906706
1024,10,26,7,1213.015740
1024,10,26,8,1388.223842
1024,10,26,9,1383.563265
1024,10,26,10,1222.018583
1024,10,27,1,1221.280785
1024,10,27,2,1228.200326
1024,10,27,3,1383.755097
1024,10,27,4,1224.169352
1024,10,27,5,1213.552625
1024,10,27,6,1206.045063
1024,10,27,7,1215.770426
1024,10,27,8,1383.355954
1024,10,27,9,1212.317877
1024,10,27,10,1214.349003
1024,10,28,1,1207.257538
1024,10,28,2,1386.273972
1024,10,28,3,1239.095758
1024,10,28,4,1220.833199
1024,10,28,5,1211.085520
1024,10,28,6,1206.953670
1024,10,28,7,1393.764661
1024,10,28,8,1394.877378
1024,10,28,9,1209.530982
1024,10,28,10,1220.240122
1024,10,29,1,1395.117939
1024,10,29,2,1223.317216
1024,10,29,3,1224.705091
1024,10,29,4,1390.353566
1024,10,29,5,1386.666896
1024,10,29,6,1237.233086
1024,10,29,7,1217.248426
1024,10,29,8,1386.748334
1024,10,29,9,1215.482000
1024,10,29,10,1227.580268
1024,10,30,1,1212.025513
1024,10,30,2,1215.072938
1024,10,30,3,1213.271926
1024,10,30,4,1232.174962
1024,10,30,5,1212.274552
1024,10,30,6,1404.760209
1024,10,30,7,1214.490242
1024,10,30,8,1221.822754
1024,10,30,9,1232.085192
1024,10,30,10,1388.894966
1024,10,31,1,1210.163849
1024,10,31,2,1219.623090
1024,10,31,3,1225.461975
1024,10,31,4,1222.661198
1024,10,31,5,1209.123508
1024,10,31,6,1229.746947
1024,10,31,7,1390.400128
1024,10,31,8,1386.956283
1024,10,31,9,1220.084528
1024,10,31,10,1216.878035
1024,10,32,1,1210.598548
1024,10,32,2,1226.283908
1024,10,32,3,1225.171221
1024,10,32,4,1219.729742
1024,10,32,5,1223.492656
1024,10,32,6,1236.014889
1024,10,32,7,1213.257370
1024,10,32,8,1212.168124
1024,10,32,9,1245.786028
1024,10,32,10,1224.112709
1024,10,33,1,1222.544084
1024,10,33,2,1213.086227
1024,10,33,3,1391.003315
1024,10,33,4,1213.466150
1024,10,33,5,1238.045901
1024,10,33,6,1393.203953
1024,10,33,7,1218.643146
1024,10,33,8,1398.746910
1024,10,33,9,1207.492941
1024,10,33,10,1216.591077
1024,10,34,1,1299.808254
1024,10,34,2,1392.905488
1024,10,34,3,1208.599408
1024,10,34,4,1216.417465
1024,10,34,5,1214.002884
1024,10,34,6,1217.606799
1024,10,34,7,1223.881729
1024,10,34,8,1216.552925
1024,10,34,9,1221.604370
1024,10,34,10,1204.566667
1024,10,35,1,1211.434139
1024,10,35,2,1209.214730
1024,10,35,3,1226.768420
1024,10,35,4,1212.286993
1024,10,35,5,1213.475377
1024,10,35,6,1215.917256
1024,10,35,7,1218.648330
1024,10,35,8,1226.900232
1024,10,35,9,1216.385245
1024,10,35,10,1212.058079
1024,10,36,1,1392.267627
1024,10,36,2,1207.553214
1024,10,36,3,1215.063415
1024,10,36,4,1209.625935
1024,10,36,5,1223.174551
1024,10,36,6,1223.580524
1024,10,36,7,1209.513216
1024,10,36,8,1241.857910
1024,10,36,9,1217.258024
1024,10,36,10,1393.613347
1024,10,37,1,1233.628293
1024,10,37,2,1212.442495
1024,10,37,3,1393.671292
1024,10,37,4,1214.067037
1024,10,37,5,1225.681558
1024,10,37,6,1220.307870
1024,10,37,7,1217.956642
1024,10,37,8,1208.919182
1024,10,37,9,1239.089886
1024,10,37,10,1221.481226
1024,10,38,1,1222.623805
1024,10,38,2,1224.065046
1024,10,38,3,1215.421687
1024,10,38,4,1225.991127
1024,10,38,5,1389.449012
1024,10,38,6,1386.159745
1024,10,38,7,1206.822014
1024,10,38,8,1391.490320
1024,10,38,9,1390.432390
1024,10,38,10,1212.024795
1024,10,39,1,1210.902878
1024,10,39,2,1235.997025
1024,10,39,3,1245.440889
1024,10,39,4,1239.511830
1024,10,39,5,1391.833651
1024,10,39,6,1211.373387
1024,10,39,7,1211.228907
1024,10,39,8,1390.501402
1024,10,39,9,1392.113033
1024,10,39,10,1224.010644
1024,10,40,1,1214.406758
1024,10,40,2,1214.287626
1024,10,40,3,1225.385634
1024,10,40,4,1221.852922
1024,10,40,5,1395.079230
1024,10,40,6,1388.067294
1024,10,40,7,1212.582318
1024,10,40,8,1397.632199
1024,10,40,9,1385.430147
1024,10,40,10,1388.358672
1024,10,41,1,1227.153301
1024,10,41,2,1394.641320
1024,10,41,3,1225.841553
1024,10,41,4,1223.345140
1024,10,41,5,1214.084901
1024,10,41,6,1226.049819
1024,10,41,7,1229.948142
1024,10,41,8,1233.710605
1024,10,41,9,1390.358843
1024,10,41,10,1389.871166
1024,10,42,1,1222.787225
1024,10,42,2,1380.039141
1024,10,42,3,1381.335361
1024,10,42,4,1238.897790
1024,10,42,5,1384.298776
1024,10,42,6,1215.275849
1024,10,42,7,1390.477681
1024,10,42,8,1218.922546
1024,10,42,9,1392.343366
1024,10,42,10,1218.085807
1024,10,43,1,1217.488920
1024,10,43,2,1212.015227
1024,10,43,3,1214.083036
1024,10,43,4,1378.640431
1024,10,43,5,1386.906788
1024,10,43,6,1209.890117
1024,10,43,7,1225.101013
1024,10,43,8,1236.802733
1024,10,43,9,1378.882848
1024,10,43,10,1383.696312
1024,10,44,1,1218.389721
1024,10,44,2,1391.551820
1024,10,44,3,1388.424820
1024,10,44,4,1390.194925
1024,10,44,5,1385.488584
1024,10,44,6,1218.588390
1024,10,44,7,1376.802311
1024,10,44,8,1219.708458
1024,10,44,9,1210.787186
1024,10,44,10,1378.782317
1024,10,45,1,1210.820227
1024,10,45,2,1222.533012
1024,10,45,3,1380.354037
1024,10,45,4,1383.264437
1024,10,45,5,1380.921669
1024,10,45,6,1219.819200
1024,10,45,7,1391.914670
1024,10,45,8,1382.290360
1024,10,45,9,1211.903752
1024,10,45,10,1390.564779
1024,10,46,1,1393.524199
1024,10,46,2,1384.770453
1024,10,46,3,1211.007106
1024,10,46,4,1386.842952
1024,10,46,5,1210.558181
1024,10,46,6,1378.074171
1024,10,46,7,1377.634559
1024,10,46,8,1217.045583
1024,10,46,9,1391.334059
1024,10,46,10,1380.693793
1024,10,47,1,1220.427710
1024,10,47,2,1381.233241
1024,10,47,3,1208.351490
1024,10,47,4,1385.323184
1024,10,47,5,1220.143209
1024,10,47,6,1385.135285
1024,10,47,7,1224.062489
1024,10,47,8,1384.750350
1024,10,47,9,1394.522642
1024,10,47,10,1217.140942
1024,10,48,1,1389.875674
1024,10,48,2,1392.781452
1024,10,48,3,1215.972268
1024,10,48,4,1396.057171
1024,10,48,5,1392.039012
1024,10,48,6,1386.394796
1024,10,48,7,1405.261963
1024,10,48,8,1380.760069
1024,10,48,9,1387.855369
1024,10,48,10,1391.834139
1024,10,49,1,1208.838913
1024,10,49,2,1391.469634
1024,10,49,3,1389.449835
1024,10,49,4,1220.595409
1024,10,49,5,1382.517035
1024,10,49,6,1384.175542
1024,10,49,7,1376.077958
1024,10,49,8,1221.380741
1024,10,49,9,1389.748124
1024,10,49,10,1212.795543
1024,10,50,1,1212.172708
1024,10,50,2,1389.138375
1024,10,50,3,1387.051099
1024,10,50,4,1220.654972
1024,10,50,5,1392.966653
1024,10,50,6,1218.303749
1024,10,50,7,1392.651908
1024,10,50,8,1391.621781
1024,10,50,9,1210.007371
1024,10,50,10,1386.884731
1024,30,1,1,1211.409596
1024,30,1,2,1210.550595
1024,30,1,3,1381.352377
1024,30,1,4,1215.535686
1024,30,1,5,1388.437866
1024,30,1,6,1379.986683
1024,30,1,7,1393.196090
1024,30,1,8,1382.521238
1024,30,1,9,1217.697213
1024,30,1,10,1393.548833
1024,30,1,11,1211.666727
1024,30,1,12,1395.521742
1024,30,1,13,1214.465106
1024,30,1,14,1216.555196
1024,30,1,15,1224.098035
1024,30,1,16,1392.765390
1024,30,1,17,1223.017504
1024,30,1,18,1392.504489
1024,30,1,19,1399.562522
1024,30,1,20,1390.454271
1024,30,1,21,1225.268559
1024,30,1,22,1392.236855
1024,30,1,23,1393.433300
1024,30,1,24,1387.882416
1024,30,1,25,1393.066066
1024,30,1,26,1390.182879
1024,30,1,27,1396.756083
1024,30,1,28,1394.581866
1024,30,1,29,1209.627165
1024,30,1,30,1392.037809
1024,30,2,1,1392.430215
1024,30,2,2,1222.818464
1024,30,2,3,1393.766905
1024,30,2,4,1394.867490
1024,30,2,5,1207.997588
1024,30,2,6,1389.781135
1024,30,2,7,1227.250233
1024,30,2,8,1211.864073
1024,30,2,9,1387.687465
1024,30,2,10,1210.463248
1024,30,2,11,1388.681975
1024,30,2,12,1405.769224
1024,30,2,13,1397.662585
1024,30,2,14,1391.064891
1024,30,2,15,1393.009917
1024,30,2,16,1402.634727
1024,30,2,17,1210.609759
1024,30,2,18,1391.264948
1024,30,2,19,1394.176715
1024,30,2,20,1208.655888
1024,30,2,21,1391.010230
1024,30,2,22,1393.517563
1024,30,2,23,1225.011932
1024,30,2,24,1392.679689
1024,30,2,25,1396.473797
1024,30,2,26,1210.574336
1024,30,2,27,1395.405612
1024,30,2,28,1223.913958
1024,30,2,29,1270.420955
1024,30,2,30,1394.700576
1024,30,3,1,1232.252418
1024,30,3,2,1394.985620
1024,30,3,3,1391.585034
1024,30,3,4,1210.311042
1024,30,3,5,1219.049571
1024,30,3,6,1391.438061
1024,30,3,7,1397.951559
1024,30,3,8,1386.695939
1024,30,3,9,1394.442423
1024,30,3,10,1390.242113
1024,30,3,11,1387.615886
1024,30,3,12,1209.162839
1024,30,3,13,1388.157622
1024,30,3,14,1385.516690
1024,30,3,15,1375.317034
1024,30,3,16,1212.476230
1024,30,3,17,1211.703705
1024,30,3,18,1393.921569
1024,30,3,19,1393.358682
1024,30,3,20,1397.077814
1024,30,3,21,1223.495770
1024,30,3,22,1395.060334
1024,30,3,23,1206.079762
1024,30,3,24,1241.273707
1024,30,3,25,1225.013057
1024,30,3,26,1397.246293
1024,30,3,27,1213.009412
1024,30,3,28,1397.496749
1024,30,3,29,1229.168435
1024,30,3,30,1390.937439
1024,30,4,1,1265.428912
1024,30,4,2,1386.589517
1024,30,4,3,1211.103052
1024,30,4,4,1394.560322
1024,30,4,5,1230.845193
1024,30,4,6,1401.089619
1024,30,4,7,1217.707389
1024,30,4,8,1392.594093
1024,30,4,9,1390.965775
1024,30,4,10,1395.412335
1024,30,4,11,1224.819223
1024,30,4,12,1389.125677
1024,30,4,13,1398.203866
1024,30,4,14,1397.842217
1024,30,4,15,1225.773313
1024,30,4,16,1227.257103
1024,30,4,17,1224.150870
1024,30,4,18,1223.002720
1024,30,4,19,1388.482056
1024,30,4,20,1215.813129
1024,30,4,21,1393.698271
1024,30,4,22,1226.192619
1024,30,4,23,1222.028472
1024,30,4,24,1220.549787
1024,30,4,25,1209.727948
1024,30,4,26,1215.403642
1024,30,4,27,1211.724148
1024,30,4,28,1389.284053
1024,30,4,29,1394.125102
1024,30,4,30,1215.643708
1024,30,5,1,1218.524865
1024,30,5,2,1220.971805
1024,30,5,3,1387.946232
1024,30,5,4,1211.523240
1024,30,5,5,1211.082212
1024,30,5,6,1221.571371
1024,30,5,7,1394.179020
1024,30,5,8,1380.736282
1024,30,5,9,1210.663731
1024,30,5,10,1378.517478
1024,30,5,11,1214.821341
1024,30,5,12,1214.270765
1024,30,5,13,1220.346733
1024,30,5,14,1216.848456
1024,30,5,15,1217.009359
1024,30,5,16,1216.558578
1024,30,5,17,1282.296174
1024,30,5,18,1217.484069
1024,30,5,19,1381.408508
1024,30,5,20,1212.047158
1024,30,5,21,1215.232189
1024,30,5,22,1218.809766
1024,30,5,23,1377.614816
1024,30,5,24,1383.442418
1024,30,5,25,1216.048481
1024,30,5,26,1204.682023
1024,30,5,27,1213.081781
1024,30,5,28,1214.510848
1024,30,5,29,1381.440933
1024,30,5,30,1221.320227
1024,30,6,1,1379.049160
1024,30,6,2,1212.172104
1024,30,6,3,1213.266292
1024,30,6,4,1216.818439
1024,30,6,5,1212.236076
1024,30,6,6,1211.575482
1024,30,6,7,1211.103432
1024,30,6,8,1229.460906
1024,30,6,9,1391.305276
1024,30,6,10,1212.735298
1024,30,6,11,1400.739752
1024,30,6,12,1220.417991
1024,30,6,13,1403.438311
1024,30,6,14,1405.997590
1024,30,6,15,1219.404666
1024,30,6,16,1221.741206
1024,30,6,17,1227.868245
1024,30,6,18,1211.413652
1024,30,6,19,1388.108933
1024,30,6,20,1217.657127
1024,30,6,21,1395.775912
1024,30,6,22,1388.693863
1024,30,6,23,1213.255854
1024,30,6,24,1213.660771
1024,30,6,25,1223.359206
1024,30,6,26,1215.722211
1024,30,6,27,1213.785238
1024,30,6,28,1213.556302
1024,30,6,29,1220.307383
1024,30,6,30,1381.373887
1024,30,7,1,1213.199610
1024,30,7,2,1225.891463
1024,30,7,3,1386.712410
1024,30,7,4,1222.103295
1024,30,7,5,1384.217192
1024,30,7,6,1432.148963
1024,30,7,7,1210.587328
1024,30,7,8,1216.862159
1024,30,7,9,1382.394052
1024,30,7,10,1383.401969
1024,30,7,11,1211.399710
1024,30,7,12,1210.544170
1024,30,7,13,1381.958973
1024,30,7,14,1384.872772
1024,30,7,15,1387.701636
1024,30,7,16,1208.706878
1024,30,7,17,1220.514872
1024,30,7,18,1385.142027
1024,30,7,19,1389.837602
1024,30,7,20,1212.553054
1024,30,7,21,1386.422565
1024,30,7,22,1217.785950
1024,30,7,23,1214.318039
1024,30,7,24,1382.645163
1024,30,7,25,1392.305590
1024,30,7,26,1218.841418
1024,30,7,27,1385.290604
1024,30,7,28,1213.934824
1024,30,7,29,1217.517217
1024,30,7,30,1381.472809
1024,30,8,1,1385.914564
1024,30,8,2,1383.601357
1024,30,8,3,1218.664057
1024,30,8,4,1396.101795
1024,30,8,5,1216.536464
1024,30,8,6,1383.487375
1024,30,8,7,1216.234528
1024,30,8,8,1221.515742
1024,30,8,9,1387.927597
1024,30,8,10,1220.173291
1024,30,8,11,1394.282707
1024,30,8,12,1393.696143
1024,30,8,13,1383.426695
1024,30,8,14,1381.875571
1024,30,8,15,1383.294311
1024,30,8,16,1219.807737
1024,30,8,17,1405.682416
1024,30,8,18,1220.549747
1024,30,8,19,1397.665850
1024,30,8,20,1398.364270
1024,30,8,21,1217.917311
1024,30,8,22,1208.747168
1024,30,8,23,1384.878924
1024,30,8,24,1220.381471
1024,30,8,25,1224.737740
1024,30,8,26,1383.584392
1024,30,8,27,1208.855693
1024,30,8,28,1221.548780
1024,30,8,29,1382.614490
1024,30,8,30,1385.053162
1024,30,9,1,1217.262186
1024,30,9,2,1393.352109
1024,30,9,3,1377.303266
1024,30,9,4,1210.733778
1024,30,9,5,1250.252266
1024,30,9,6,1385.609056
1024,30,9,7,1381.707514
1024,30,9,8,1384.241302
1024,30,9,9,1381.052530
1024,30,9,10,1220.605468
1024,30,9,11,1385.405421
1024,30,9,12,1398.347643
1024,30,9,13,1379.255720
1024,30,9,14,1223.065442
1024,30,9,15,1381.691612
1024,30,9,16,1380.770787
1024,30,9,17,1215.044564
1024,30,9,18,1383.493581
1024,30,9,19,1380.945621
1024,30,9,20,1218.413734
1024,30,9,21,1389.281062
1024,30,9,22,1209.508208
1024,30,9,23,1217.091084
1024,30,9,24,1379.265881
1024,30,9,25,1382.506594
1024,30,9,26,1217.848595
1024,30,9,27,1226.159029
1024,30,9,28,1386.686449
1024,30,9,29,1211.342117
1024,30,9,30,1382.205620
1024,30,10,1,1384.455698
1024,30,10,2,1219.633757
1024,30,10,3,1386.888573
1024,30,10,4,1384.811496
1024,30,10,5,1211.244016
1024,30,10,6,1386.979094
1024,30,10,7,1260.859145
1024,30,10,8,1220.301054
1024,30,10,9,1211.020262
1024,30,10,10,1223.227412
1024,30,10,11,1381.762250
1024,30,10,12,1221.437190
1024,30,10,13,1376.535426
1024,30,10,14,1220.277071
1024,30,10,15,1222.495811
1024,30,10,16,1385.548295
1024,30,10,17,1220.034527
1024,30,10,18,1223.419293
1024,30,10,19,1227.608562
1024,30,10,20,1222.479732
1024,30,10,21,1382.896154
1024,30,10,22,1394.249373
1024,30,10,23,1230.016567
1024,30,10,24,1225.305950
1024,30,10,25,1230.589364
1024,30,10,26,1378.744484
1024,30,10,27,1224.935753
1024,30,10,28,1224.991601
1024,30,10,29,1224.031599
1024,30,10,30,1223.824404
1024,30,11,1,1381.708243
1024,30,11,2,1380.130731
1024,30,11,3,1218.017232
1024,30,11,4,1219.333015
1024,30,11,5,1216.558806
1024,30,11,6,1217.964986
1024,30,11,7,1212.744750
1024,30,11,8,1378.915906
1024,30,11,9,1380.743570
1024,30,11,10,1217.986843
1024,30,11,11,1215.244968
1024,30,11,12,1220.370121
1024,30,11,13,1221.491798
1024,30,11,14,1207.812743
1024,30,11,15,1219.387997
1024,30,11,16,1380.557480
1024,30,11,17,1221.163397
1024,30,11,18,1379.548679
1024,30,11,19,1400.338970
1024,30,11,20,1223.882890
1024,30,11,21,1211.410195
1024,30,11,22,1391.804324
1024,30,11,23,1228.938689
1024,30,11,24,1216.288007
1024,30,11,25,1225.638380
1024,30,11,26,1215.275320
1024,30,11,27,1377.852888
1024,30,11,28,1376.421395
1024,30,11,29,1208.746587
1024,30,11,30,1377.631480
1024,30,12,1,1214.013774
1024,30,12,2,1216.553024
1024,30,12,3,1215.876876
1024,30,12,4,1377.666899
1024,30,12,5,1376.960715
1024,30,12,6,1216.956152
1024,30,12,7,1218.787013
1024,30,12,8,1217.059781
1024,30,12,9,1216.648857
1024,30,12,10,1218.168940
1024,30,12,11,1222.517500
1024,30,12,12,1217.987168
1024,30,12,13,1209.488292
1024,30,12,14,1218.829391
1024,30,12,15,1386.275533
1024,30,12,16,1377.211094
1024,30,12,17,1216.896588
1024,30,12,18,1218.018961
1024,30,12,19,1221.386204
1024,30,12,20,1217.070668
1024,30,12,21,1218.091813
1024,30,12,22,1380.558829
1024,30,12,23,1220.921116
1024,30,12,24,1384.456012
1024,30,12,25,1219.576030
1024,30,12,26,1221.167372
1024,30,12,27,1224.792597
1024,30,12,28,1212.944990
1024,30,12,29,1219.553302
1024,30,12,30,1390.648093
1024,30,13,1,1219.961377
1024,30,13,2,1383.812955
1024,30,13,3,1221.735272
1024,30,13,4,1395.957365
1024,30,13,5,1212.871283
1024,30,13,6,1211.801412
1024,30,13,7,1208.849300
1024,30,13,8,1217.681841
1024,30,13,9,1219.959130
1024,30,13,10,1226.401330
1024,30,13,11,1384.007862
1024,30,13,12,1379.766129
1024,30,13,13,1225.488275
1024,30,13,14,1210.815191
1024,30,13,15,1387.631114
1024,30,13,16,1214.180419
1024,30,13,17,1228.031567
1024,30,13,18,1228.957021
1024,30,13,19,1383.681021
1024,30,13,20,1218.835000
1024,30,13,21,1227.990513
1024,30,13,22,1214.512950
1024,30,13,23,1383.156534
1024,30,13,24,1216.372162
1024,30,13,25,1214.025440
1024,30,13,26,1383.347314
1024,30,13,27,1382.175238
1024,30,13,28,1223.764676
1024,30,13,29,1385.746497
1024,30,13,30,1206.946924
1024,30,14,1,1383.143863
1024,30,14,2,1220.822533
1024,30,14,3,1387.682350
1024,30,14,4,1213.598797
1024,30,14,5,1220.969592
1024,30,14,6,1224.774337
1024,30,14,7,1217.280983
1024,30,14,8,1389.862126
1024,30,14,9,1216.526291
1024,30,14,10,1216.993986
1024,30,14,11,1221.025399
1024,30,14,12,1226.587665
1024,30,14,13,1385.991534
1024,30,14,14,1218.628739
1024,30,14,15,1225.887930
1024,30,14,16,1220.690887
1024,30,14,17,1212.433381
1024,30,14,18,1210.246598
1024,30,14,19,1210.081793
1024,30,14,20,1387.524685
1024,30,14,21,1214.776567
1024,30,14,22,1381.287201
1024,30,14,23,1211.904082
1024,30,14,24,1221.679840
1024,30,14,25,1387.614776
1024,30,14,26,1218.342225
1024,30,14,27,1387.514374
1024,30,14,28,1210.245667
1024,30,14,29,1217.980019
1024,30,14,30,1217.926454
1024,30,15,1,1214.947370
1024,30,15,2,1217.989181
1024,30,15,3,1227.464091
1024,30,15,4,1221.621276
1024,30,15,5,1218.794555
1024,30,15,6,1387.074603
1024,30,15,7,1236.844977
1024,30,15,8,1218.749698
1024,30,15,9,1384.316560
1024,30,15,10,1397.507368
1024,30,15,11,1220.098678
1024,30,15,12,1383.325560
1024,30,15,13,1386.160070
1024,30,15,14,1209.536486
1024,30,15,15,1384.986927
1024,30,15,16,1397.695623
1024,30,15,17,1228.227902
1024,30,15,18,1227.098770
1024,30,15,19,1221.820377
1024,30,15,20,1219.238545
1024,30,15,21,1400.087736
1024,30,15,22,1234.750293
1024,30,15,23,1220.032396
1024,30,15,24,1221.952152
1024,30,15,25,1222.100810
1024,30,15,26,1220.775662
1024,30,15,27,1221.555867
1024,30,15,28,1367.204202
1024,30,15,29,1403.003981
1024,30,15,30,1401.663392
1024,30,16,1,1220.822453
1024,30,16,2,1385.348588
1024,30,16,3,1226.241832
1024,30,16,4,1405.421826
1024,30,16,5,1397.763849
1024,30,16,6,1211.812703
1024,30,16,7,1223.402512
1024,30,16,8,1221.587075
1024,30,16,9,1221.695541
1024,30,16,10,1223.055020
1024,30,16,11,1408.249605
1024,30,16,12,1395.743953
1024,30,16,13,1217.682188
1024,30,16,14,1221.345404
1024,30,16,15,1220.909742
1024,30,16,16,1219.465369
1024,30,16,17,1206.949186
1024,30,16,18,1223.552547
1024,30,16,19,1405.808417
1024,30,16,20,1206.734976
1024,30,16,21,1206.953775
1024,30,16,22,1214.269127
1024,30,16,23,1226.393389
1024,30,16,24,1401.151564
1024,30,16,25,1215.337841
1024,30,16,26,1222.348981
1024,30,16,27,1402.688767
1024,30,16,28,1227.639409
1024,30,16,29,1213.146946
1024,30,16,30,1223.759607
1024,30,17,1,1381.212468
1024,30,17,2,1224.215657
1024,30,17,3,1378.048031
1024,30,17,4,1222.984172
1024,30,17,5,1218.468868
1024,30,17,6,1226.558961
1024,30,17,7,1216.167050
1024,30,17,8,1378.626708
1024,30,17,9,1217.946829
1024,30,17,10,1377.453797
1024,30,17,11,1384.767492
1024,30,17,12,1225.446612
1024,30,17,13,1385.574998
1024,30,17,14,1227.273646
1024,30,17,15,1228.362035
1024,30,17,16,1214.814597
1024,30,17,17,1226.009754
1024,30,17,18,1224.975237
1024,30,17,19,1213.255881
1024,30,17,20,1209.937686
1024,30,17,21,1210.947718
1024,30,17,22,1223.501075
1024,30,17,23,1224.138048
1024,30,17,24,1210.878260
1024,30,17,25,1208.763548
1024,30,17,26,1380.367911
1024,30,17,27,1372.416559
1024,30,17,28,1372.616303
1024,30,17,29,1212.445064
1024,30,17,30,1221.008476
1024,30,18,1,1221.908308
1024,30,18,2,1216.769011
1024,30,18,3,1220.595183
1024,30,18,4,1215.170657
1024,30,18,5,1376.019417
1024,30,18,6,1376.130396
1024,30,18,7,1221.265271
1024,30,18,8,1376.897392
1024,30,18,9,1205.997419
1024,30,18,10,1215.649520
1024,30,18,11,1211.935730
1024,30,18,12,1213.590331
1024,30,18,13,1225.380771
1024,30,18,14,1222.553635
1024,30,18,15,1235.201737
1024,30,18,16,1225.839704
1024,30,18,17,1219.870915
1024,30,18,18,1223.248703
1024,30,18,19,1221.424231
1024,30,18,20,1226.418917
1024,30,18,21,1371.529119
1024,30,18,22,1218.397352
1024,30,18,23,1211.695970
1024,30,18,24,1212.692667
1024,30,18,25,1210.308435
1024,30,18,26,1373.437152
1024,30,18,27,1221.549430
1024,30,18,28,1222.462375
1024,30,18,29,1213.643503
1024,30,18,30,1221.517878
1024,30,19,1,1375.973083
1024,30,19,2,1225.442690
1024,30,19,3,1223.166490
1024,30,19,4,1371.960405
1024,30,19,5,1221.785176
1024,30,19,6,1223.970662
1024,30,19,7,1224.411670
1024,30,19,8,1375.084276
1024,30,19,9,1223.342237
1024,30,19,10,1226.564271
1024,30,19,11,1227.033262
1024,30,19,12,1388.153878
1024,30,19,13,1222.815582
1024,30,19,14,1215.346633
1024,30,19,15,1248.372043
1024,30,19,16,1224.774318
1024,30,19,17,1390.899959
1024,30,19,18,1248.262404
1024,30,19,19,1386.734034
1024,30,19,20,1221.723518
1024,30,19,21,1243.311358
1024,30,19,22,1213.312148
1024,30,19,23,1209.907237
1024,30,19,24,1222.469204
1024,30,19,25,1222.576193
1024,30,19,26,1377.840096
1024,30,19,27,1212.332511
1024,30,19,28,1226.012946
1024,30,19,29,1377.714979
1024,30,19,30,1384.838290
1024,30,20,1,1381.850081
1024,30,20,2,1210.898839
1024,30,20,3,1222.284894
1024,30,20,4,1216.237224
1024,30,20,5,1208.334677
1024,30,20,6,1223.674735
1024,30,20,7,1223.956417
1024,30,20,8,1213.510455
1024,30,20,9,1228.354903
1024,30,20,10,1379.457734
1024,30,20,11,1207.436866
1024,30,20,12,1388.052338
1024,30,20,13,1223.379120
1024,30,20,14,1214.972145
1024,30,20,15,1378.176142
1024,30,20,16,1230.953179
1024,30,20,17,1213.288925
1024,30,20,18,1378.323499
1024,30,20,19,1227.201014
1024,30,20,20,1237.012004
1024,30,20,21,1208.130691
1024,30,20,22,1386.986061
1024,30,20,23,1223.259426
1024,30,20,24,1216.944987
1024,30,20,25,1378.326588
1024,30,20,26,1393.740260
1024,30,20,27,1221.620824
1024,30,20,28,1210.726979
1024,30,20,29,1379.646937
1024,30,20,30,1208.210036
1024,30,21,1,1219.915532
1024,30,21,2,1214.149584
1024,30,21,3,1223.631061
1024,30,21,4,1391.243427
1024,30,21,5,1223.575671
1024,30,21,6,1212.736813
1024,30,21,7,1210.598064
1024,30,21,8,1224.786851
1024,30,21,9,1285.725451
1024,30,21,10,1211.655817
1024,30,21,11,1386.410298
1024,30,21,12,1222.271512
1024,30,21,13,1222.589394
1024,30,21,14,1211.784812
1024,30,21,15,1229.308333
1024,30,21,16,1209.708593
1024,30,21,17,1222.132845
1024,30,21,18,1238.296394
1024,30,21,19,1210.539159
1024,30,21,20,1208.563324
1024,30,21,21,1227.258917
1024,30,21,22,1209.013465
1024,30,21,23,1228.542523
1024,30,21,24,1220.495530
1024,30,21,25,1221.464473
1024,30,21,26,1206.705905
1024,30,21,27,1227.713929
1024,30,21,28,1223.371877
1024,30,21,29,1205.656199
1024,30,21,30,1222.432806
1024,30,22,1,1223.537480
1024,30,22,2,1220.166799
1024,30,22,3,1225.619978
1024,30,22,4,1224.517256
1024,30,22,5,1208.671429
1024,30,22,6,1225.480863
1024,30,22,7,1208.406903
1024,30,22,8,1227.123562
1024,30,22,9,1211.498450
1024,30,22,10,1210.055899
1024,30,22,11,1222.275320
1024,30,22,12,1202.403199
1024,30,22,13,1220.421864
1024,30,22,14,1225.898780
1024,30,22,15,1225.306073
1024,30,22,16,1209.085552
1024,30,22,17,1235.766691
1024,30,22,18,1232.924903
1024,30,22,19,1232.243481
1024,30,22,20,1214.961614
1024,30,22,21,1229.420858
1024,30,22,22,1225.287113
1024,30,22,23,1212.830031
1024,30,22,24,1239.073413
1024,30,22,25,1222.056840
1024,30,22,26,1215.115742
1024,30,22,27,1209.370078
1024,30,22,28,1226.166953
1024,30,22,29,1224.424355
1024,30,22,30,1226.975588
1024,30,23,1,1223.129924
1024,30,23,2,1226.967297
1024,30,23,3,1227.855212
1024,30,23,4,1225.529053
1024,30,23,5,1217.436671
1024,30,23,6,1208.462494
1024,30,23,7,1238.996753
1024,30,23,8,1212.336722
1024,30,23,9,1215.025158
1024,30,23,10,1211.948749
1024,30,23,11,1240.139035
1024,30,23,12,1237.474211
1024,30,23,13,1231.744173
1024,30,23,14,1226.342495
1024,30,23,15,1225.762917
1024,30,23,16,1209.964415
1024,30,23,17,1233.400434
1024,30,23,18,1242.056597
1024,30,23,19,1224.376879
1024,30,23,20,1242.172780
1024,30,23,21,1216.457074
1024,30,23,22,1388.278345
1024,30,23,23,1214.843651
1024,30,23,24,1243.575122
1024,30,23,25,1217.706013
1024,30,23,26,1244.627439
1024,30,23,27,1214.260214
1024,30,23,28,1230.779419
1024,30,23,29,1221.047615
1024,30,23,30,1217.484505
1024,30,24,1,1233.487827
1024,30,24,2,1214.620653
1024,30,24,3,1217.365269
1024,30,24,4,1232.123522
1024,30,24,5,1225.928119
1024,30,24,6,1214.983287
1024,30,24,7,1208.924801
1024,30,24,8,1224.740675
1024,30,24,9,1224.047681
1024,30,24,10,1220.236575
1024,30,24,11,1220.440231
1024,30,24,12,1214.056932
1024,30,24,13,1220.312606
1024,30,24,14,1206.126222
1024,30,24,15,1202.726545
1024,30,24,16,1209.005258
1024,30,24,17,1233.176405
1024,30,24,18,1224.036357
1024,30,24,19,1226.049940
1024,30,24,20,1242.718007
1024,30,24,21,1221.970184
1024,30,24,22,1221.647873
1024,30,24,23,1209.071759
1024,30,24,24,1238.048615
1024,30,24,25,1221.134643
1024,30,24,26,1211.539269
1024,30,24,27,1212.965978
1024,30,24,28,1209.020103
1024,30,24,29,1224.361354
1024,30,24,30,1240.657576
1024,30,25,1,1223.199747
1024,30,25,2,1209.470331
1024,30,25,3,1228.550452
1024,30,25,4,1238.161739
1024,30,25,5,1209.892347
1024,30,25,6,1232.478264
1024,30,25,7,1334.115787
1024,30,25,8,1229.418744
1024,30,25,9,1222.564997
1024,30,25,10,1243.438698
1024,30,25,11,1226.665140
1024,30,25,12,1209.289828
1024,30,25,13,1207.363384
1024,30,25,14,1206.921896
1024,30,25,15,1213.580259
1024,30,25,16,1223.292859
1024,30,25,17,1208.214409
1024,30,25,18,1225.183078
1024,30,25,19,1220.886046
1024,30,25,20,1278.149846
1024,30,25,21,1220.751652
1024,30,25,22,1207.091020
1024,30,25,23,1221.072306
1024,30,25,24,1219.942729
1024,30,25,25,1220.504823
1024,30,25,26,1225.970793
1024,30,25,27,1208.717196
1024,30,25,28,1228.000580
1024,30,25,29,1228.769170
1024,30,25,30,1220.244924
1024,30,26,1,1232.191439
1024,30,26,2,1228.102831
1024,30,26,3,1224.684659
1024,30,26,4,1222.770002
1024,30,26,5,1219.811190
1024,30,26,6,1222.651287
1024,30,26,7,1213.525077
1024,30,26,8,1228.834233
1024,30,26,9,1223.479060
1024,30,26,10,1222.948744
1024,30,26,11,1216.429202
1024,30,26,12,1207.942461
1024,30,26,13,1222.729823
1024,30,26,14,1214.988690
1024,30,26,15,1218.116079
1024,30,26,16,1212.360736
1024,30,26,17,1208.262491
1024,30,26,18,1221.564670
1024,30,26,19,1218.509996
1024,30,26,20,1225.429381
1024,30,26,21,1212.452395
1024,30,26,22,1223.096099
1024,30,26,23,1225.962390
1024,30,26,24,1225.277003
1024,30,26,25,1222.901074
1024,30,26,26,1213.890109
1024,30,26,27,1216.717828
1024,30,26,28,1224.562991
1024,30,26,29,1214.200225
1024,30,26,30,1224.523855
1024,30,27,1,1216.220489
1024,30,27,2,1224.096828
1024,30,27,3,1224.886448
1024,30,27,4,1229.462294
1024,30,27,5,1227.848002
1024,30,27,6,1220.032356
1024,30,27,7,1219.677076
1024,30,27,8,1208.501865
1024,30,27,9,1210.434364
1024,30,27,10,1231.997187
1024,30,27,11,1221.570625
1024,30,27,12,1222.977146
1024,30,27,13,1221.255430
1024,30,27,14,1230.997113
1024,30,27,15,1221.672637
1024,30,27,16,1233.504976
1024,30,27,17,1224.567009
1024,30,27,18,1222.488957
1024,30,27,19,1209.192549
1024,30,27,20,1224.477431
1024,30,27,21,1212.290930
1024,30,27,22,1216.396630
1024,30,27,23,1238.784670
1024,30,27,24,1222.314415
1024,30,27,25,1224.537273
1024,30,27,26,1227.833640
1024,30,27,27,1214.406296
1024,30,27,28,1210.582822
1024,30,27,29,1223.855366
1024,30,27,30,1244.198605
1024,30,28,1,1224.389727
1024,30,28,2,1221.083658
1024,30,28,3,1222.345284
1024,30,28,4,1235.815355
1024,30,28,5,1209.704943
1024,30,28,6,1222.476585
1024,30,28,7,1222.766695
1024,30,28,8,1223.414879
1024,30,28,9,1244.131097
1024,30,28,10,1226.778936
1024,30,28,11,1226.466222
1024,30,28,12,1211.400851
1024,30,28,13,1219.780840
1024,30,28,14,1210.944406
1024,30,28,15,1211.259942
1024,30,28,16,1210.689468
1024,30,28,17,1214.239691
1024,30,28,18,1212.159322
1024,30,28,19,1210.843334
1024,30,28,20,1240.523659
1024,30,28,21,1226.605997
1024,30,28,22,1224.641102
1024,30,28,23,1210.864052
1024,30,28,24,1212.053405
1024,30,28,25,1240.547157
1024,30,28,26,1207.497749
1024,30,28,27,1217.620363
1024,30,28,28,1223.560335
1024,30,28,29,1215.935267
1024,30,28,30,1209.672056
1024,30,29,1,1236.659243
1024,30,29,2,1222.424985
1024,30,29,3,1221.501972
1024,30,29,4,1239.359001
1024,30,29,5,1224.055383
1024,30,29,6,1223.751054
1024,30,29,7,1236.484112
1024,30,29,8,1210.777509
1024,30,29,9,1226.955127
1024,30,29,10,1211.145324
1024,30,29,11,1221.236690
1024,30,29,12,1227.113617
1024,30,29,13,1212.282049
1024,30,29,14,1240.433979
1024,30,29,15,1224.841871
1024,30,29,16,1226.791664
1024,30,29,17,1225.282033
1024,30,29,18,1223.340335
1024,30,29,19,1221.433960
1024,30,29,20,1210.908724
1024,30,29,21,1212.536973
1024,30,29,22,1209.734490
1024,30,29,23,1224.413601
1024,30,29,24,1221.918727
1024,30,29,25,1209.023564
1024,30,29,26,1240.239106
1024,30,29,27,1207.390598
1024,30,29,28,1233.640022
1024,30,29,29,1215.951051
1024,30,29,30,1214.110761
1024,30,30,1,1227.071427
1024,30,30,2,1209.423968
1024,30,30,3,1210.444583
1024,30,30,4,1210.821063
1024,30,30,5,1214.528131
1024,30,30,6,1211.011352
1024,30,30,7,1211.663554
1024,30,30,8,1212.262653
1024,30,30,9,1210.929345
1024,30,30,10,1224.089527
1024,30,30,11,1228.129134
1024,30,30,12,1224.591955
1024,30,30,13,1213.895740
1024,30,30,14,1225.648314
1024,30,30,15,1216.891016
1024,30,30,16,1230.918113
1024,30,30,17,1224.541961
1024,30,30,18,1215.616852
1024,30,30,19,1231.011696
1024,30,30,20,1218.087769
1024,30,30,21,1216.762057
1024,30,30,22,1216.921923
1024,30,30,23,1245.623603
1024,30,30,24,1215.994880
1024,30,30,25,1210.890819
1024,30,30,26,1230.918672
1024,30,30,27,1225.882734
1024,30,30,28,1219.479857
1024,30,30,29,1217.327223
1024,30,30,30,1236.326267
1024,30,31,1,1212.253819
1024,30,31,2,1226.538791
1024,30,31,3,1210.771359
1024,30,31,4,1225.025082
1024,30,31,5,1219.310391
1024,30,31,6,1222.058835
1024,30,31,7,1222.905140
1024,30,31,8,1223.381197
1024,30,31,9,1209.755752
1024,30,31,10,1224.761418
1024,30,31,11,1245.566233
1024,30,31,12,1312.726011
1024,30,31,13,1240.197840
1024,30,31,14,1210.690065
1024,30,31,15,1224.324375
1024,30,31,16,1238.834232
1024,30,31,17,1220.690624
1024,30,31,18,1223.201777
1024,30,31,19,1214.365112
1024,30,31,20,1208.311413
1024,30,31,21,1240.135695
1024,30,31,22,1207.108162
1024,30,31,23,1225.430660
1024,30,31,24,1281.892088
1024,30,31,25,1224.501742
1024,30,31,26,1243.984366
1024,30,31,27,1227.054978
1024,30,31,28,1302.505163
1024,30,31,29,1240.344421
1024,30,31,30,1236.125663
1024,30,32,1,1227.528387
1024,30,32,2,1209.603878
1024,30,32,3,1223.670571
1024,30,32,4,1375.454702
1024,30,32,5,1238.934051
1024,30,32,6,1219.166120
1024,30,32,7,1380.390988
1024,30,32,8,1220.879918
1024,30,32,9,1222.468117
1024,30,32,10,1238.031912
1024,30,32,11,1207.195605
1024,30,32,12,1207.249731
1024,30,32,13,1239.689947
1024,30,32,14,1222.708482
1024,30,32,15,1379.170645
1024,30,32,16,1224.980222
1024,30,32,17,1388.326380
1024,30,32,18,1217.863862
1024,30,32,19,1240.158731
1024,30,32,20,1221.383941
1024,30,32,21,1385.572028
1024,30,32,22,1224.098986
1024,30,32,23,1390.260329
1024,30,32,24,1212.472003
1024,30,32,25,1231.751194
1024,30,32,26,1221.262064
1024,30,32,27,1240.889651
1024,30,32,28,1223.497987
1024,30,32,29,1231.120363
1024,30,32,30,1207.289572
1024,30,33,1,1237.320142
1024,30,33,2,1238.107332
1024,30,33,3,1221.633376
1024,30,33,4,1235.583207
1024,30,33,5,1208.721960
1024,30,33,6,1217.898920
1024,30,33,7,1208.760351
1024,30,33,8,1244.489476
1024,30,33,9,1236.411115
1024,30,33,10,1210.394663
1024,30,33,11,1225.537500
1024,30,33,12,1229.292441
1024,30,33,13,1238.013331
1024,30,33,14,1243.165195
1024,30,33,15,1383.403679
1024,30,33,16,1225.552326
1024,30,33,17,1239.276480
1024,30,33,18,1226.080679
1024,30,33,19,1227.513249
1024,30,33,20,1231.099197
1024,30,33,21,1225.612007
1024,30,33,22,1240.342529
1024,30,33,23,1225.088973
1024,30,33,24,1238.604224
1024,30,33,25,1227.034722
1024,30,33,26,1384.592536
1024,30,33,27,1225.469488
1024,30,33,28,1234.572632
1024,30,33,29,1221.586154
1024,30,33,30,1225.659023
1024,30,34,1,1224.446791
1024,30,34,2,1230.450470
1024,30,34,3,1208.953864
1024,30,34,4,1209.134858
1024,30,34,5,1385.436480
1024,30,34,6,1229.372474
1024,30,34,7,1228.057648
1024,30,34,8,1224.056697
1024,30,34,9,1221.421896
1024,30,34,10,1213.354712
1024,30,34,11,1384.855958
1024,30,34,12,1219.733750
1024,30,34,13,1206.415383
1024,30,34,14,1249.763319
1024,30,34,15,1209.754611
1024,30,34,16,1226.503332
1024,30,34,17,1385.949921
1024,30,34,18,1220.908108
1024,30,34,19,1233.073233
1024,30,34,20,1210.332992
1024,30,34,21,1225.152247
1024,30,34,22,1232.076835
1024,30,34,23,1226.530793
1024,30,34,24,1212.875199
1024,30,34,25,1228.750525
1024,30,34,26,1227.292482
1024,30,34,27,1236.772964
1024,30,34,28,1219.828939
1024,30,34,29,1381.852609
1024,30,34,30,1228.547110
1024,30,35,1,1388.401486
1024,30,35,2,1206.514196
1024,30,35,3,1228.338957
1024,30,35,4,1386.716494
1024,30,35,5,1221.411522
1024,30,35,6,1235.219298
1024,30,35,7,1220.660186
1024,30,35,8,1218.003811
1024,30,35,9,1209.706800
1024,30,35,10,1216.547200
1024,30,35,11,1220.451254
1024,30,35,12,1220.721163
1024,30,35,13,1230.771705
1024,30,35,14,1222.143098
1024,30,35,15,1217.823800
1024,30,35,16,1221.816822
1024,30,35,17,1209.276718
1024,30,35,18,1210.444603
1024,30,35,19,1217.609454
1024,30,35,20,1217.013726
1024,30,35,21,1210.140735
1024,30,35,22,1208.793508
1024,30,35,23,1217.546982
1024,30,35,24,1222.124781
1024,30,35,25,1221.547022
1024,30,35,26,1213.466024
1024,30,35,27,1219.630068
1024,30,35,28,1215.701035
1024,30,35,29,1210.471598
1024,30,35,30,1223.234002
1024,30,36,1,1221.537110
1024,30,36,2,1221.845550
1024,30,36,3,1215.129363
1024,30,36,4,1215.639898
1024,30,36,5,1210.055821
1024,30,36,6,1213.517414
1024,30,36,7,1212.567320
1024,30,36,8,1219.553159
1024,30,36,9,1219.588546
1024,30,36,10,1209.093615
1024,30,36,11,1220.192459
1024,30,36,12,1215.792669
1024,30,36,13,1217.423520
1024,30,36,14,1216.497768
1024,30,36,15,1214.585742
1024,30,36,16,1219.682205
1024,30,36,17,1230.272253
1024,30,36,18,1224.851023
1024,30,36,19,1211.591439
1024,30,36,20,1217.803143
1024,30,36,21,1213.195441
1024,30,36,22,1211.074330
1024,30,36,23,1219.974244
1024,30,36,24,1219.423665
1024,30,36,25,1219.632919
1024,30,36,26,1209.490041
1024,30,36,27,1220.271831
1024,30,36,28,1222.441646
1024,30,36,29,1227.442110
1024,30,36,30,1217.519338
1024,30,37,1,1218.846006
1024,30,37,2,1221.614283
1024,30,37,3,1219.867733
1024,30,37,4,1213.904630
1024,30,37,5,1382.685212
1024,30,37,6,1214.238161
1024,30,37,7,1225.511470
1024,30,37,8,1224.630667
1024,30,37,9,1225.983008
1024,30,37,10,1227.363493
1024,30,37,11,1227.895430
1024,30,37,12,1216.173121
1024,30,37,13,1226.203632
1024,30,37,14,1218.133631
1024,30,37,15,1220.794550
1024,30,37,16,1229.326783
1024,30,37,17,1216.363344
1024,30,37,18,1394.932844
1024,30,37,19,1223.776394
1024,30,37,20,1220.996259
1024,30,37,21,1223.004670
1024,30,37,22,1221.467050
1024,30,37,23,1211.075264
1024,30,37,24,1227.440141
1024,30,37,25,1221.282661
1024,30,37,26,1209.860128
1024,30,37,27,1219.878830
1024,30,37,28,1220.157772
1024,30,37,29,1219.148756
1024,30,37,30,1223.369605
1024,30,38,1,1212.004042
1024,30,38,2,1222.766259
1024,30,38,3,1212.632185
1024,30,38,4,1212.951349
1024,30,38,5,1224.705379
1024,30,38,6,1210.845173
1024,30,38,7,1213.986124
1024,30,38,8,1219.667021
1024,30,38,9,1210.743623
1024,30,38,10,1211.297514
1024,30,38,11,1212.815461
1024,30,38,12,1208.192307
1024,30,38,13,1212.192308
1024,30,38,14,1210.049307
1024,30,38,15,1214.743779
1024,30,38,16,1209.380490
1024,30,38,17,1210.860300
1024,30,38,18,1211.792659
1024,30,38,19,1226.726368
1024,30,38,20,1220.631051
1024,30,38,21,1222.292726
1024,30,38,22,1222.865712
1024,30,38,23,1223.398114
1024,30,38,24,1225.905353
1024,30,38,25,1210.998967
1024,30,38,26,1209.402178
1024,30,38,27,1225.199024
1024,30,38,28,1221.003234
1024,30,38,29,1225.083584
1024,30,38,30,1210.324804
1024,30,39,1,1218.982608
1024,30,39,2,1219.632485
1024,30,39,3,1222.074325
1024,30,39,4,1209.778866
1024,30,39,5,1210.010768
1024,30,39,6,1225.870658
1024,30,39,7,1212.699272
1024,30,39,8,1211.118964
1024,30,39,9,1214.817623
1024,30,39,10,1216.075308
1024,30,39,11,1210.323660
1024,30,39,12,1220.660728
1024,30,39,13,1213.222066
1024,30,39,14,1214.318069
1024,30,39,15,1220.786504
1024,30,39,16,1215.111894
1024,30,39,17,1231.383827
1024,30,39,18,1213.387539
1024,30,39,19,1214.847469
1024,30,39,20,1209.354744
1024,30,39,21,1223.380568
1024,30,39,22,1222.318759
1024,30,39,23,1217.371354
1024,30,39,24,1224.888605
1024,30,39,25,1219.646277
1024,30,39,26,1223.254870
1024,30,39,27,1220.254318
1024,30,39,28,1215.535213
1024,30,39,29,1223.232655
1024,30,39,30,1215.892465
1024,30,40,1,1214.323712
1024,30,40,2,1218.380879
1024,30,40,3,1212.103503
1024,30,40,4,1214.453896
1024,30,40,5,1219.688039
1024,30,40,6,1214.177203
1024,30,40,7,1223.962946
1024,30,40,8,1214.937834
1024,30,40,9,1217.218226
1024,30,40,10,1212.769194
1024,30,40,11,1214.324727
1024,30,40,12,1219.414349
1024,30,40,13,1216.466019
1024,30,40,14,1212.289212
1024,30,40,15,1218.124162
1024,30,40,16,1216.263702
1024,30,40,17,1218.369863
1024,30,40,18,1219.148732
1024,30,40,19,1215.805872
1024,30,40,20,1214.387063
1024,30,40,21,1218.164859
1024,30,40,22,1229.230004
1024,30,40,23,1211.651834
1024,30,40,24,1216.397151
1024,30,40,25,1214.995339
1024,30,40,26,1217.062028
1024,30,40,27,1212.826986
1024,30,40,28,1214.384032
1024,30,40,29,1213.404158
1024,30,40,30,1216.555596
1024,30,41,1,1224.275761
1024,30,41,2,1223.414665
1024,30,41,3,1219.651814
1024,30,41,4,1213.897684
1024,30,41,5,1390.772843
1024,30,41,6,1388.035010
1024,30,41,7,1237.449545
1024,30,41,8,1229.580887
1024,30,41,9,1385.943534
1024,30,41,10,1209.652148
1024,30,41,11,1374.417773
1024,30,41,12,1226.546674
1024,30,41,13,1390.453020
1024,30,41,14,1212.855795
1024,30,41,15,1241.283954
1024,30,41,16,1225.838487
1024,30,41,17,1214.757425
1024,30,41,18,1241.373348
1024,30,41,19,1212.453464
1024,30,41,20,1230.052599
1024,30,41,21,1209.299874
1024,30,41,22,1218.327883
1024,30,41,23,1218.893496
1024,30,41,24,1224.032898
1024,30,41,25,1223.164876
1024,30,41,26,1240.035166
1024,30,41,27,1212.911331
1024,30,41,28,1224.904716
1024,30,41,29,1213.875032
1024,30,41,30,1225.064610
1024,30,42,1,1228.232387
1024,30,42,2,1222.016887
1024,30,42,3,1213.726258
1024,30,42,4,1389.045249
1024,30,42,5,1223.841036
1024,30,42,6,1223.245865
1024,30,42,7,1229.191973
1024,30,42,8,1211.054147
1024,30,42,9,1212.729952
1024,30,42,10,1400.427589
1024,30,42,11,1226.788373
1024,30,42,12,1331.268119
1024,30,42,13,1241.930778
1024,30,42,14,1383.003891
1024,30,42,15,1211.717713
1024,30,42,16,1226.159947
1024,30,42,17,1221.564668
1024,30,42,18,1223.668449
1024,30,42,19,1223.648486
1024,30,42,20,1225.203260
1024,30,42,21,1209.043371
1024,30,42,22,1222.968084
1024,30,42,23,1214.445993
1024,30,42,24,1219.894614
1024,30,42,25,1224.324464
1024,30,42,26,1210.255159
1024,30,42,27,1228.089809
1024,30,42,28,1228.304115
1024,30,42,29,1211.106207
1024,30,42,30,1215.843699
1024,30,43,1,1244.501833
1024,30,43,2,1213.442952
1024,30,43,3,1224.912589
1024,30,43,4,1214.330299
1024,30,43,5,1221.794215
1024,30,43,6,1249.013059
1024,30,43,7,1214.704585
1024,30,43,8,1225.328327
1024,30,43,9,1217.619468
1024,30,43,10,1227.954715
1024,30,43,11,1221.681351
1024,30,43,12,1226.012895
1024,30,43,13,1212.489937
1024,30,43,14,1226.564057
1024,30,43,15,1223.106686
1024,30,43,16,1228.945683
1024,30,43,17,1213.559859
1024,30,43,18,1229.506660
1024,30,43,19,1224.002012
1024,30,43,20,1217.218919
1024,30,43,21,1216.639845
1024,30,43,22,1233.441660
1024,30,43,23,1226.272478
1024,30,43,24,1240.893515
1024,30,43,25,1218.849709
1024,30,43,26,1223.467491
1024,30,43,27,1218.085358
1024,30,43,28,1226.806617
1024,30,43,29,1240.695630
1024,30,43,30,1224.139368
1024,30,44,1,1231.533855
1024,30,44,2,1225.014270
1024,30,44,3,1222.364774
1024,30,44,4,1229.468413
1024,30,44,5,1237.048154
1024,30,44,6,1230.792328
1024,30,44,7,1233.020782
1024,30,44,8,1223.696631
1024,30,44,9,1233.258215
1024,30,44,10,1229.913981
1024,30,44,11,1231.206841
1024,30,44,12,1221.205492
1024,30,44,13,1228.955347
1024,30,44,14,1223.792498
1024,30,44,15,1245.105757
1024,30,44,16,1225.947348
1024,30,44,17,1228.159064
1024,30,44,18,1227.286350
1024,30,44,19,1216.672661
1024,30,44,20,1222.088137
1024,30,44,21,1233.357845
1024,30,44,22,1224.382284
1024,30,44,23,1243.908310
1024,30,44,24,1216.833012
1024,30,44,25,1240.553459
1024,30,44,26,1217.361550
1024,30,44,27,1226.428898
1024,30,44,28,1243.427571
1024,30,44,29,1215.020957
1024,30,44,30,1232.571710
1024,30,45,1,1223.403404
1024,30,45,2,1226.987778
1024,30,45,3,1227.063976
1024,30,45,4,1235.325449
1024,30,45,5,1220.681338
1024,30,45,6,1224.973849
1024,30,45,7,1216.130111
1024,30,45,8,1233.343387
1024,30,45,9,1221.162087
1024,30,45,10,1219.094291
1024,30,45,11,1216.538642
1024,30,45,12,1225.634490
1024,30,45,13,1382.893737
1024,30,45,14,1241.505500
1024,30,45,15,1221.068637
1024,30,45,16,1246.141674
1024,30,45,17,1210.066931
1024,30,45,18,1210.135974
1024,30,45,19,1222.919861
1024,30,45,20,1227.631960
1024,30,45,21,1236.814124
1024,30,45,22,1222.990432
1024,30,45,23,1208.161351
1024,30,45,24,1238.306953
1024,30,45,25,1241.699152
1024,30,45,26,1221.311448
1024,30,45,27,1226.155640
1024,30,45,28,1212.304153
1024,30,45,29,1245.554594
1024,30,45,30,1223.256776
1024,30,46,1,1233.605458
1024,30,46,2,1222.396977
1024,30,46,3,1228.432820
1024,30,46,4,1219.769431
1024,30,46,5,1226.792409
1024,30,46,6,1209.508952
1024,30,46,7,1231.769293
1024,30,46,8,1226.120888
1024,30,46,9,1212.418628
1024,30,46,10,1228.468287
1024,30,46,11,1227.564914
1024,30,46,12,1235.472784
1024,30,46,13,1225.344532
1024,30,46,14,1223.092362
1024,30,46,15,1231.710459
1024,30,46,16,1248.588833
1024,30,46,17,1209.230486
1024,30,46,18,1234.896739
1024,30,46,19,1241.881755
1024,30,46,20,1220.693755
1024,30,46,21,1225.349833
1024,30,46,22,1211.143294
1024,30,46,23,1240.924325
1024,30,46,24,1243.790560
1024,30,46,25,1227.580615
1024,30,46,26,1216.844624
1024,30,46,27,1234.670673
1024,30,46,28,1229.353259
1024,30,46,29,1225.665747
1024,30,46,30,1216.188576
1024,30,47,1,1216.566404
1024,30,47,2,1229.294068
1024,30,47,3,1233.511583
1024,30,47,4,1210.894034
1024,30,47,5,1237.853702
1024,30,47,6,1216.997703
1024,30,47,7,1241.367833
1024,30,47,8,1213.166348
1024,30,47,9,1214.207561
1024,30,47,10,1225.480998
1024,30,47,11,1239.667832
1024,30,47,12,1224.322669
1024,30,47,13,1209.536397
1024,30,47,14,1247.969465
1024,30,47,15,1225.700808
1024,30,47,16,1212.725702
1024,30,47,17,1223.552267
1024,30,47,18,1210.274510
1024,30,47,19,1241.017711
1024,30,47,20,1225.746717
1024,30,47,21,1238.280212
1024,30,47,22,1210.600481
1024,30,47,23,1215.674749
1024,30,47,24,1209.439310
1024,30,47,25,1218.066980
1024,30,47,26,1226.685506
1024,30,47,27,1226.286242
1024,30,47,28,1211.500483
1024,30,47,29,1226.179637
1024,30,47,30,1213.873360
1024,30,48,1,1249.835217
1024,30,48,2,1211.158905
1024,30,48,3,1216.182807
1024,30,48,4,1215.121687
1024,30,48,5,1221.495613
1024,30,48,6,1392.642689
1024,30,48,7,1206.706936
1024,30,48,8,1215.769540
1024,30,48,9,1210.417205
1024,30,48,10,1209.027163
1024,30,48,11,1241.725653
1024,30,48,12,1223.173534
1024,30,48,13,1222.749799
1024,30,48,14,1214.520018
1024,30,48,15,1212.957524
1024,30,48,16,1225.758443
1024,30,48,17,1209.558628
1024,30,48,18,1219.865470
1024,30,48,19,1211.323682
1024,30,48,20,1239.137347
1024,30,48,21,1209.339468
1024,30,48,22,1212.335981
1024,30,48,23,1209.338900
1024,30,48,24,1214.259204
1024,30,48,25,1213.364952
1024,30,48,26,1231.010354
1024,30,48,27,1212.311610
1024,30,48,28,1224.147529
1024,30,48,29,1212.785856
1024,30,48,30,1211.448886
1024,30,49,1,1211.386233
1024,30,49,2,1210.006364
1024,30,49,3,1218.825015
1024,30,49,4,1227.884177
1024,30,49,5,1212.876897
1024,30,49,6,1214.110789
1024,30,49,7,1222.049870
1024,30,49,8,1214.536575
1024,30,49,9,1212.737711
1024,30,49,10,1222.306807
1024,30,49,11,1213.281042
1024,30,49,12,1215.248653
1024,30,49,13,1212.909661
1024,30,49,14,1221.744811
1024,30,49,15,1210.021962
1024,30,49,16,1226.242050
1024,30,49,17,1213.771220
1024,30,49,18,1219.944539
1024,30,49,19,1211.390705
1024,30,49,20,1222.307096
1024,30,49,21,1217.182067
1024,30,49,22,1209.805183
1024,30,49,23,1276.923758
1024,30,49,24,1223.427544
1024,30,49,25,1214.065385
1024,30,49,26,1209.101711
1024,30,49,27,1218.445503
1024,30,49,28,1206.649749
1024,30,49,29,1212.292613
1024,30,49,30,1221.057809
1024,30,50,1,1405.690751
1024,30,50,2,1225.495686
1024,30,50,3,1225.574968
1024,30,50,4,1223.991477
1024,30,50,5,1215.706396
1024,30,50,6,1212.297752
1024,30,50,7,1208.237866
1024,30,50,8,1216.575296
1024,30,50,9,1215.495243
1024,30,50,10,1212.859106
1024,30,50,11,1205.955485
1024,30,50,12,1210.713176
1024,30,50,13,1217.793675
1024,30,50,14,1220.705882
1024,30,50,15,1214.052750
1024,30,50,16,1215.582198
1024,30,50,17,1223.940174
1024,30,50,18,1224.768027
1024,30,50,19,1220.889814
1024,30,50,20,1226.305655
1024,30,50,21,1221.474080
1024,30,50,22,1216.030753
1024,30,50,23,1230.193122
1024,30,50,24,1220.295752
1024,30,50,25,1220.381058
1024,30,50,26,1231.794892
1024,30,50,27,1228.289767
1024,30,50,28,1244.072476
1024,30,50,29,1216.302043
1024,30,50,30,1220.432211
1024,60,1,1,1239.653925
1024,60,1,2,1220.043615
1024,60,1,3,1224.185288
1024,60,1,4,1219.334143
1024,60,1,5,1227.150934
1024,60,1,6,1213.798412
1024,60,1,7,1224.610821
1024,60,1,8,1211.114878
1024,60,1,9,1212.266000
1024,60,1,10,1215.765103
1024,60,1,11,1221.174895
1024,60,1,12,1226.341019
1024,60,1,13,1210.687249
1024,60,1,14,1212.944376
1024,60,1,15,1221.515179
1024,60,1,16,1221.877918
1024,60,1,17,1210.531945
1024,60,1,18,1211.676422
1024,60,1,19,1236.900798
1024,60,1,20,1212.113753
1024,60,1,21,1212.756217
1024,60,1,22,1211.833752
1024,60,1,23,1226.944315
1024,60,1,24,1212.637094
1024,60,1,25,1217.872104
1024,60,1,26,1219.046273
1024,60,1,27,1233.025254
1024,60,1,28,1214.238523
1024,60,1,29,1211.544587
1024,60,1,30,1211.827711
1024,60,1,31,1212.824616
1024,60,1,32,1226.782761
1024,60,1,33,1225.186401
1024,60,1,34,1224.040971
1024,60,1,35,1225.593300
1024,60,1,36,1230.900023
1024,60,1,37,1222.680791
1024,60,1,38,1214.380170
1024,60,1,39,1224.197131
1024,60,1,40,1226.869426
1024,60,1,41,1230.195225
1024,60,1,42,1224.425522
1024,60,1,43,1224.661498
1024,60,1,44,1214.813783
1024,60,1,45,1208.474644
1024,60,1,46,1222.646765
1024,60,1,47,1221.163947
1024,60,1,48,1210.984988
1024,60,1,49,1216.099557
1024,60,1,50,1209.607094
1024,60,1,51,1227.222413
1024,60,1,52,1211.559359
1024,60,1,53,1212.766302
1024,60,1,54,1227.277161
1024,60,1,55,1225.192046
1024,60,1,56,1235.201064
1024,60,1,57,1227.425718
1024,60,1,58,1229.708615
1024,60,1,59,1225.062386
1024,60,1,60,1212.360657
1024,60,2,1,1229.392656
1024,60,2,2,1228.966880
1024,60,2,3,1211.895320
1024,60,2,4,1228.993961
1024,60,2,5,1229.946146
1024,60,2,6,1215.993769
1024,60,2,7,1213.306963
1024,60,2,8,1223.379237
1024,60,2,9,1211.919819
1024,60,2,10,1225.310621
1024,60,2,11,1214.102443
1024,60,2,12,1223.267827
1024,60,2,13,1225.579159
1024,60,2,14,1223.610538
1024,60,2,15,1211.498070
1024,60,2,16,1225.781446
1024,60,2,17,1228.113996
1024,60,2,18,1228.717292
1024,60,2,19,1224.528740
1024,60,2,20,1211.100928
1024,60,2,21,1215.049986
1024,60,2,22,1225.593712
1024,60,2,23,1227.254485
1024,60,2,24,1216.097856
1024,60,2,25,1213.202330
1024,60,2,26,1223.470479
1024,60,2,27,1214.279693
1024,60,2,28,1220.803821
1024,60,2,29,1211.818453
1024,60,2,30,1217.476739
1024,60,2,31,1215.034393
1024,60,2,32,1221.476322
1024,60,2,33,1225.993909
1024,60,2,34,1220.960404
1024,60,2,35,1215.902276
1024,60,2,36,1212.122744
1024,60,2,37,1210.129272
1024,60,2,38,1211.338369
1024,60,2,39,1213.550897
1024,60,2,40,1211.677727
1024,60,2,41,1216.051243
1024,60,2,42,1220.355026
1024,60,2,43,1222.173531
1024,60,2,44,1219.639972
1024,60,2,45,1225.615925
1024,60,2,46,1230.070619
1024,60,2,47,1222.883388
1024,60,2,48,1210.970145
1024,60,2,49,1208.966022
1024,60,2,50,1220.662545
1024,60,2,51,1226.971699
1024,60,2,52,1222.555053
1024,60,2,53,1203.375077
1024,60,2,54,1221.212731
1024,60,2,55,1209.660700
1024,60,2,56,1221.957806
1024,60,2,57,1220.225860
1024,60,2,58,1206.336550
1024,60,2,59,1224.354509
1024,60,2,60,1219.853425
1024,60,3,1,1212.295222
1024,60,3,2,1214.373470
1024,60,3,3,1214.398191
1024,60,3,4,1226.628344
1024,60,3,5,1211.237664
1024,60,3,6,1226.845844
1024,60,3,7,1213.152191
1024,60,3,8,1223.444105
1024,60,3,9,1225.926876
1024,60,3,10,1214.209119
1024,60,3,11,1217.872388
1024,60,3,12,1213.645504
1024,60,3,13,1218.541036
1024,60,3,14,1212.835051
1024,60,3,15,1228.056952
1024,60,3,16,1236.969804
1024,60,3,17,1226.784195
1024,60,3,18,1270.115879
1024,60,3,19,1224.866620
1024,60,3,20,1229.618425
1024,60,3,21,1218.238311
1024,60,3,22,1224.596123
1024,60,3,23,1211.464902
1024,60,3,24,1215.675231
1024,60,3,25,1224.838981
1024,60,3,26,1219.379672
1024,60,3,27,1220.791487
1024,60,3,28,1217.024967
1024,60,3,29,1214.862636
1024,60,3,30,1213.605625
1024,60,3,31,1225.261742
1024,60,3,32,1218.662602
1024,60,3,33,1226.846186
1024,60,3,34,1218.246966
1024,60,3,35,1226.019016
1024,60,3,36,1213.897070
1024,60,3,37,1219.278517
1024,60,3,38,1212.617611
1024,60,3,39,1228.964515
1024,60,3,40,1218.219552
1024,60,3,41,1217.486262
1024,60,3,42,1222.237273
1024,60,3,43,1218.415910
1024,60,3,44,1213.313077
1024,60,3,45,1228.788755
1024,60,3,46,1216.729437
1024,60,3,47,1223.962262
1024,60,3,48,1223.715150
1024,60,3,49,1215.112020
1024,60,3,50,1224.324678
1024,60,3,51,1223.673036
1024,60,3,52,1238.836540
1024,60,3,53,1209.959226
1024,60,3,54,1220.796837
1024,60,3,55,1224.483076
1024,60,3,56,1212.613269
1024,60,3,57,1218.578555
1024,60,3,58,1220.181724
1024,60,3,59,1222.875841
1024,60,3,60,1224.703783
1024,60,4,1,1211.245173
1024,60,4,2,1222.487968
1024,60,4,3,1218.047886
1024,60,4,4,1225.113694
1024,60,4,5,1222.073450
1024,60,4,6,1232.265095
1024,60,4,7,1227.194215
1024,60,4,8,1227.256915
1024,60,4,9,1221.215064
1024,60,4,10,1221.568975
1024,60,4,11,1228.397140
1024,60,4,12,1226.987852
1024,60,4,13,1226.783434
1024,60,4,14,1219.291078
1024,60,4,15,1220.065963
1024,60,4,16,1224.123810
1024,60,4,17,1231.034744
1024,60,4,18,1232.723655
1024,60,4,19,1220.200079
1024,60,4,20,1224.427720
1024,60,4,21,1222.117972
1024,60,4,22,1226.486546
1024,60,4,23,1218.777435
1024,60,4,24,1223.828339
1024,60,4,25,1227.264757
1024,60,4,26,1234.134678
1024,60,4,27,1298.488768
1024,60,4,28,1220.045426
1024,60,4,29,1225.903293
1024,60,4,30,1215.202680
1024,60,4,31,1224.616084
1024,60,4,32,1215.977534
1024,60,4,33,1215.196986
1024,60,4,34,1223.995835
1024,60,4,35,1223.275433
1024,60,4,36,1216.794380
1024,60,4,37,1213.952142
1024,60,4,38,1212.053472
1024,60,4,39,1227.927946
1024,60,4,40,1209.491945
1024,60,4,41,1230.250969
1024,60,4,42,1216.859674
1024,60,4,43,1208.873598
1024,60,4,44,1216.313026
1024,60,4,45,1225.136597
1024,60,4,46,1214.104183
1024,60,4,47,1226.303971
1024,60,4,48,1219.853555
1024,60,4,49,1214.770332
1024,60,4,50,1224.563840
1024,60,4,51,1218.786233
1024,60,4,52,1213.497450
1024,60,4,53,1216.030828
1024,60,4,54,1214.904259
1024,60,4,55,1226.699873
1024,60,4,56,1223.790241
1024,60,4,57,1225.595061
1024,60,4,58,1229.206071
1024,60,4,59,1213.062458
1024,60,4,60,1222.059912
1024,60,5,1,1206.023678
1024,60,5,2,1233.890369
1024,60,5,3,1255.396000
1024,60,5,4,1221.658793
1024,60,5,5,1225.849199
1024,60,5,6,1376.081469
1024,60,5,7,1212.390076
1024,60,5,8,1217.098220
1024,60,5,9,1375.142512
1024,60,5,10,1386.911281
1024,60,5,11,1223.900289
1024,60,5,12,1249.551914
1024,60,5,13,1211.901381
1024,60,5,14,1229.808332
1024,60,5,15,1221.691629
1024,60,5,16,1382.432631
1024,60,5,17,1224.859974
1024,60,5,18,1239.880151
1024,60,5,19,1210.078348
1024,60,5,20,1213.694625
1024,60,5,21,1229.025038
1024,60,5,22,1228.303279
1024,60,5,23,1390.342511
1024,60,5,24,1212.134872
1024,60,5,25,1221.801385
1024,60,5,26,1215.886775
1024,60,5,27,1392.576263
1024,60,5,28,1230.975304
1024,60,5,29,1218.495990
1024,60,5,30,1380.848660
1024,60,5,31,1208.057108
1024,60,5,32,1219.760446
1024,60,5,33,1383.374503
1024,60,5,34,1230.387377
1024,60,5,35,1230.286355
1024,60,5,36,1383.609072
1024,60,5,37,1383.186295
1024,60,5,38,1217.070512
1024,60,5,39,1391.857590
1024,60,5,40,1227.396511
1024,60,5,41,1216.230802
1024,60,5,42,1224.428526
1024,60,5,43,1213.535437
1024,60,5,44,1231.211791
1024,60,5,45,1385.763527
1024,60,5,46,1212.856244
1024,60,5,47,1211.368923
1024,60,5,48,1230.116462
1024,60,5,49,1233.610329
1024,60,5,50,1210.035259
1024,60,5,51,1382.653435
1024,60,5,52,1217.587340
1024,60,5,53,1392.424928
1024,60,5,54,1231.760811
1024,60,5,55,1225.321085
1024,60,5,56,1254.644135
1024,60,5,57,1215.404399
1024,60,5,58,1218.139921
1024,60,5,59,1216.131001
1024,60,5,60,1213.956354
1024,60,6,1,1388.979713
1024,60,6,2,1217.458674
1024,60,6,3,1384.131972
1024,60,6,4,1216.321874
1024,60,6,5,1233.128633
1024,60,6,6,1387.061989
1024,60,6,7,1210.704886
1024,60,6,8,1224.897523
1024,60,6,9,1228.658457
1024,60,6,10,1214.358140
1024,60,6,11,1211.639168
1024,60,6,12,1226.836282
1024,60,6,13,1215.614529
1024,60,6,14,1386.240219
1024,60,6,15,1379.247230
1024,60,6,16,1227.800417
1024,60,6,17,1249.602677
1024,60,6,18,1382.334994
1024,60,6,19,1240.862592
1024,60,6,20,1214.218097
1024,60,6,21,1387.032447
1024,60,6,22,1241.188301
1024,60,6,23,1381.903286
1024,60,6,24,1226.121915
1024,60,6,25,1224.472986
1024,60,6,26,1218.972534
1024,60,6,27,1383.427767
1024,60,6,28,1226.856974
1024,60,6,29,1248.358204
1024,60,6,30,1209.666294
1024,60,6,31,1227.791849
1024,60,6,32,1212.977196
1024,60,6,33,1219.439930
1024,60,6,34,1383.123299
1024,60,6,35,1220.368403
1024,60,6,36,1213.246481
1024,60,6,37,1216.467175
1024,60,6,38,1213.290293
1024,60,6,39,1246.749086
1024,60,6,40,1381.711534
1024,60,6,41,1230.355617
1024,60,6,42,1243.144185
1024,60,6,43,1382.099905
1024,60,6,44,1214.582207
1024,60,6,45,1224.911094
1024,60,6,46,1382.629693
1024,60,6,47,1240.532322
1024,60,6,48,1209.705605
1024,60,6,49,1324.958154
1024,60,6,50,1224.651212
1024,60,6,51,1225.986866
1024,60,6,52,1243.480649
1024,60,6,53,1235.711340
1024,60,6,54,1240.670784
1024,60,6,55,1234.893461
1024,60,6,56,1227.784265
1024,60,6,57,1231.518525
1024,60,6,58,1224.816962
1024,60,6,59,1227.941070
1024,60,6,60,1215.636409
1024,60,7,1,1228.302631
1024,60,7,2,1243.557444
1024,60,7,3,1229.177446
1024,60,7,4,1224.350824
1024,60,7,5,1221.659662
1024,60,7,6,1225.175177
1024,60,7,7,1206.725143
1024,60,7,8,1208.372263
1024,60,7,9,1228.189915
1024,60,7,10,1228.247715
1024,60,7,11,1227.304612
1024,60,7,12,1224.752318
1024,60,7,13,1224.614759
1024,60,7,14,1239.707063
1024,60,7,15,1225.181605
1024,60,7,16,1235.364488
1024,60,7,17,1215.450219
1024,60,7,18,1223.602268
1024,60,7,19,1220.315888
1024,60,7,20,1224.974745
1024,60,7,21,1226.227011
1024,60,7,22,1219.813638
1024,60,7,23,1226.059816
1024,60,7,24,1226.335942
1024,60,7,25,1214.309218
1024,60,7,26,1228.512518
1024,60,7,27,1232.918994
1024,60,7,28,1227.127785
1024,60,7,29,1233.342080
1024,60,7,30,1219.477050
1024,60,7,31,1215.033380
1024,60,7,32,1237.435325
1024,60,7,33,1227.196434
1024,60,7,34,1230.400563
1024,60,7,35,1227.203959
1024,60,7,36,1231.420676
1024,60,7,37,1227.115562
1024,60,7,38,1217.071569
1024,60,7,39,1235.549957
1024,60,7,40,1221.592589
1024,60,7,41,1229.473857
1024,60,7,42,1230.278272
1024,60,7,43,1257.452053
1024,60,7,44,1230.103786
1024,60,7,45,1229.413688
1024,60,7,46,1227.727290
1024,60,7,47,1257.420097
1024,60,7,48,1224.547441
1024,60,7,49,1233.705069
1024,60,7,50,1228.335953
1024,60,7,51,1246.096467
1024,60,7,52,1241.890470
1024,60,7,53,1221.287877
1024,60,7,54,1242.372179
1024,60,7,55,1242.404782
1024,60,7,56,1218.600139
1024,60,7,57,1224.871905
1024,60,7,58,1376.883725
1024,60,7,59,1248.859179
1024,60,7,60,1224.589516
1024,60,8,1,1222.640411
1024,60,8,2,1218.390592
1024,60,8,3,1246.876920
1024,60,8,4,1212.187843
1024,60,8,5,1218.288184
1024,60,8,6,1219.082210
1024,60,8,7,1240.497821
1024,60,8,8,1223.869429
1024,60,8,9,1215.298592
1024,60,8,10,1207.358017
1024,60,8,11,1221.151879
1024,60,8,12,1232.276453
1024,60,8,13,1223.741991
1024,60,8,14,1227.281959
1024,60,8,15,1212.618350
1024,60,8,16,1227.314314
1024,60,8,17,1220.719248
1024,60,8,18,1224.161229
1024,60,8,19,1226.491292
1024,60,8,20,1219.262609
1024,60,8,21,1225.958945
1024,60,8,22,1224.903647
1024,60,8,23,1211.543120
1024,60,8,24,1220.614301
1024,60,8,25,1224.504872
1024,60,8,26,1225.221544
1024,60,8,27,1226.371576
1024,60,8,28,1215.302491
1024,60,8,29,1221.637625
1024,60,8,30,1223.888992
1024,60,8,31,1227.729714
1024,60,8,32,1220.290525
1024,60,8,33,1212.286215
1024,60,8,34,1220.064535
1024,60,8,35,1225.332402
1024,60,8,36,1240.356279
1024,60,8,37,1230.865747
1024,60,8,38,1212.747983
1024,60,8,39,1223.663301
1024,60,8,40,1222.905021
1024,60,8,41,1237.135582
1024,60,8,42,1224.372783
1024,60,8,43,1229.799450
1024,60,8,44,1218.648508
1024,60,8,45,1236.186415
1024,60,8,46,1212.484640
1024,60,8,47,1226.729319
1024,60,8,48,1229.077791
1024,60,8,49,1230.457224
1024,60,8,50,1245.690159
1024,60,8,51,1225.883813
1024,60,8,52,1225.561427
1024,60,8,53,1228.470890
1024,60,8,54,1211.923003
1024,60,8,55,1212.126446
1024,60,8,56,1218.885023
1024,60,8,57,1227.319073
1024,60,8,58,1214.782778
1024,60,8,59,1246.214189
1024,60,8,60,1228.404596
1024,60,9,1,1226.505862
1024,60,9,2,1231.826188
1024,60,9,3,1244.269611
1024,60,9,4,1247.930015
1024,60,9,5,1388.106270
1024,60,9,6,1221.515154
1024,60,9,7,1214.038549
1024,60,9,8,1227.921108
1024,60,9,9,1224.005063
1024,60,9,10,1228.411089
1024,60,9,11,1242.371509
1024,60,9,12,1223.549961
1024,60,9,13,1211.351761
1024,60,9,14,1223.117118
1024,60,9,15,1239.580319
1024,60,9,16,1353.673044
1024,60,9,17,1232.335122
1024,60,9,18,1220.826882
1024,60,9,19,1228.036178
1024,60,9,20,1223.076146
1024,60,9,21,1246.180906
1024,60,9,22,1231.908599
1024,60,9,23,1226.379440
1024,60,9,24,1226.458671
1024,60,9,25,1224.503898
1024,60,9,26,1215.149456
1024,60,9,27,1223.266476
1024,60,9,28,1226.233635
1024,60,9,29,1226.206697
1024,60,9,30,1213.713493
1024,60,9,31,1224.062318
1024,60,9,32,1223.205271
1024,60,9,33,1225.891746
1024,60,9,34,1222.500391
1024,60,9,35,1227.103288
1024,60,9,36,1241.143828
1024,60,9,37,1224.126120
1024,60,9,38,1241.257228
1024,60,9,39,1227.669640
1024,60,9,40,1220.307519
1024,60,9,41,1224.932126
1024,60,9,42,1228.584596
1024,60,9,43,1216.289179
1024,60,9,44,1224.899278
1024,60,9,45,1222.263263
1024,60,9,46,1228.352345
1024,60,9,47,1228.999045
1024,60,9,48,1227.965207
1024,60,9,49,1236.374453
1024,60,9,50,1214.595486
1024,60,9,51,1230.303098
1024,60,9,52,1214.031325
1024,60,9,53,1228.066834
1024,60,9,54,1224.894131
1024,60,9,55,1229.566153
1024,60,9,56,1223.057433
1024,60,9,57,1224.118274
1024,60,9,58,1221.364546
1024,60,9,59,1214.001606
1024,60,9,60,1227.558951
1024,60,10,1,1224.923225
1024,60,10,2,1226.847441
1024,60,10,3,1227.894428
1024,60,10,4,1228.965534
1024,60,10,5,1383.455336
1024,60,10,6,1225.950922
1024,60,10,7,1227.510218
1024,60,10,8,1228.796727
1024,60,10,9,1224.088737
1024,60,10,10,1239.746137
1024,60,10,11,1227.553733
1024,60,10,12,1228.933157
1024,60,10,13,1228.041927
1024,60,10,14,1244.447629
1024,60,10,15,1226.607017
1024,60,10,16,1228.415768
1024,60,10,17,1220.982115
1024,60,10,18,1223.427735
1024,60,10,19,1222.221197
1024,60,10,20,1228.483082
1024,60,10,21,1220.469966
1024,60,10,22,1221.151009
1024,60,10,23,1221.709068
1024,60,10,24,1224.765063
1024,60,10,25,1211.803930
1024,60,10,26,1224.028236
1024,60,10,27,1223.986139
1024,60,10,28,1221.580677
1024,60,10,29,1243.662439
1024,60,10,30,1226.165752
1024,60,10,31,1224.802706
1024,60,10,32,1216.115005
1024,60,10,33,1225.716526
1024,60,10,34,1228.285778
1024,60,10,35,1224.474975
1024,60,10,36,1244.000624
1024,60,10,37,1222.358154
1024,60,10,38,1225.077251
1024,60,10,39,1225.283856
1024,60,10,40,1209.559296
1024,60,10,41,1232.433187
1024,60,10,42,1392.896015
1024,60,10,43,1221.693770
1024,60,10,44,1224.102061
1024,60,10,45,1228.630501
1024,60,10,46,1218.247049
1024,60,10,47,1211.866210
1024,60,10,48,1227.750060
1024,60,10,49,1230.780586
1024,60,10,50,1224.563616
1024,60,10,51,1390.523042
1024,60,10,52,1223.623474
1024,60,10,53,1223.359887
1024,60,10,54,1228.831996
1024,60,10,55,1226.844580
1024,60,10,56,1224.884949
1024,60,10,57,1233.100565
1024,60,10,58,1214.777700
1024,60,10,59,1230.943635
1024,60,10,60,1229.607401
1024,60,11,1,1221.157441
1024,60,11,2,1230.915314
1024,60,11,3,1386.665404
1024,60,11,4,1215.674488
1024,60,11,5,1387.383462
1024,60,11,6,1225.791689
1024,60,11,7,1229.805101
1024,60,11,8,1227.855074
1024,60,11,9,1219.667093
1024,60,11,10,1214.456332
1024,60,11,11,1207.651104
1024,60,11,12,1214.031908
1024,60,11,13,1215.395802
1024,60,11,14,1208.096946
1024,60,11,15,1221.782965
1024,60,11,16,1241.180475
1024,60,11,17,1232.046189
1024,60,11,18,1224.989511
1024,60,11,19,1211.920740
1024,60,11,20,1223.865474
1024,60,11,21,1235.067352
1024,60,11,22,1210.092945
1024,60,11,23,1204.816636
1024,60,11,24,1208.513623
1024,60,11,25,1242.023571
1024,60,11,26,1228.027239
1024,60,11,27,1211.354001
1024,60,11,28,1223.135803
1024,60,11,29,1224.341622
1024,60,11,30,1213.716903
1024,60,11,31,1210.660356
1024,60,11,32,1221.381757
1024,60,11,33,1237.976235
1024,60,11,34,1210.039609
1024,60,11,35,1223.173932
1024,60,11,36,1215.938569
1024,60,11,37,1226.163762
1024,60,11,38,1219.241652
1024,60,11,39,1215.332787
1024,60,11,40,1215.175506
1024,60,11,41,1217.374513
1024,60,11,42,1223.453369
1024,60,11,43,1210.598233
1024,60,11,44,1206.174294
1024,60,11,45,1216.964395
1024,60,11,46,1207.431068
1024,60,11,47,1225.131765
1024,60,11,48,1214.149607
1024,60,11,49,1226.035134
1024,60,11,50,1222.367795
1024,60,11,51,1212.356252
1024,60,11,52,1224.352611
1024,60,11,53,1389.912711
1024,60,11,54,1221.404919
1024,60,11,55,1247.219397
1024,60,11,56,1216.569531
1024,60,11,57,1237.523792
1024,60,11,58,1388.928551
1024,60,11,59,1213.557889
1024,60,11,60,1225.753637
1024,60,12,1,1216.128421
1024,60,12,2,1220.683442
1024,60,12,3,1232.074977
1024,60,12,4,1215.117645
1024,60,12,5,1230.559827
1024,60,12,6,1219.142137
1024,60,12,7,1213.409073
1024,60,12,8,1222.547062
1024,60,12,9,1213.223311
1024,60,12,10,1221.174469
1024,60,12,11,1217.461512
1024,60,12,12,1217.636764
1024,60,12,13,1225.040634
1024,60,12,14,1213.218224
1024,60,12,15,1213.380665
1024,60,12,16,1219.906333
1024,60,12,17,1211.743053
1024,60,12,18,1227.806317
1024,60,12,19,1217.852014
1024,60,12,20,1223.713820
1024,60,12,21,1217.612425
1024,60,12,22,1209.847880
1024,60,12,23,1209.176228
1024,60,12,24,1223.546808
1024,60,12,25,1213.937288
1024,60,12,26,1213.742545
1024,60,12,27,1217.763388
1024,60,12,28,1216.012391
1024,60,12,29,1252.456543
1024,60,12,30,1227.872247
1024,60,12,31,1217.829780
1024,60,12,32,1213.273590
1024,60,12,33,1247.721214
1024,60,12,34,1212.671891
1024,60,12,35,1213.529877
1024,60,12,36,1220.560131
1024,60,12,37,1401.400740
1024,60,12,38,1217.776797
1024,60,12,39,1216.332419
1024,60,12,40,1225.701686
1024,60,12,41,1226.819734
1024,60,12,42,1239.810438
1024,60,12,43,1217.336090
1024,60,12,44,1208.890489
1024,60,12,45,1226.598312
1024,60,12,46,1240.760795
1024,60,12,47,1221.625377
1024,60,12,48,1216.671732
1024,60,12,49,1217.213611
1024,60,12,50,1213.701579
1024,60,12,51,1237.840178
1024,60,12,52,1211.016671
1024,60,12,53,1395.925707
1024,60,12,54,1219.136877
1024,60,12,55,1216.537619
1024,60,12,56,1242.741490
1024,60,12,57,1214.670548
1024,60,12,58,1209.357607
1024,60,12,59,1224.246946
1024,60,12,60,1348.380073
1024,60,13,1,1219.934081
1024,60,13,2,1216.325645
1024,60,13,3,1222.769971
1024,60,13,4,1387.826181
1024,60,13,5,1241.013260
1024,60,13,6,1388.786471
1024,60,13,7,1225.471742
1024,60,13,8,1388.763622
1024,60,13,9,1216.637693
1024,60,13,10,1236.220958
1024,60,13,11,1378.934964
1024,60,13,12,1386.732299
1024,60,13,13,1215.237605
1024,60,13,14,1223.196688
1024,60,13,15,1389.851782
1024,60,13,16,1213.082708
1024,60,13,17,1243.870238
1024,60,13,18,1225.941520
1024,60,13,19,1214.117360
1024,60,13,20,1219.698233
1024,60,13,21,1216.910149
1024,60,13,22,1223.167886
1024,60,13,23,1224.265103
1024,60,13,24,1224.787887
1024,60,13,25,1224.909335
1024,60,13,26,1225.242561
1024,60,13,27,1382.480796
1024,60,13,28,1222.561263
1024,60,13,29,1209.873512
1024,60,13,30,1222.605980
1024,60,13,31,1224.824403
1024,60,13,32,1211.328487
1024,60,13,33,1389.196169
1024,60,13,34,1230.895002
1024,60,13,35,1224.902359
1024,60,13,36,1222.214405
1024,60,13,37,1214.495791
1024,60,13,38,1215.396363
1024,60,13,39,1211.253975
1024,60,13,40,1224.932990
1024,60,13,41,1227.945256
1024,60,13,42,1228.741384
1024,60,13,43,1222.310818
1024,60,13,44,1224.290525
1024,60,13,45,1229.009842
1024,60,13,46,1226.885458
1024,60,13,47,1391.447529
1024,60,13,48,1219.077205
1024,60,13,49,1386.513929
1024,60,13,50,1229.063617
1024,60,13,51,1243.418292
1024,60,13,52,1224.651983
1024,60,13,53,1384.044938
1024,60,13,54,1225.621986
1024,60,13,55,1227.554979
1024,60,13,56,1224.303522
1024,60,13,57,1227.144491
1024,60,13,58,1227.974555
1024,60,13,59,1235.917843
1024,60,13,60,1219.613676
1024,60,14,1,1222.499475
1024,60,14,2,1384.174658
1024,60,14,3,1387.789056
1024,60,14,4,1221.890930
1024,60,14,5,1391.892067
1024,60,14,6,1232.261408
1024,60,14,7,1222.166710
1024,60,14,8,1224.635861
1024,60,14,9,1390.504590
1024,60,14,10,1229.430205
1024,60,14,11,1234.210421
1024,60,14,12,1227.131133
1024,60,14,13,1225.104277
1024,60,14,14,1391.266148
1024,60,14,15,1230.538750
1024,60,14,16,1222.885275
1024,60,14,17,1387.071035
1024,60,14,18,1395.334143
1024,60,14,19,1232.277137
1024,60,14,20,1390.973914
1024,60,14,21,1387.032772
1024,60,14,22,1236.704384
1024,60,14,23,1226.425932
1024,60,14,24,1386.898208
1024,60,14,25,1225.323821
1024,60,14,26,1240.159835
1024,60,14,27,1393.338910
1024,60,14,28,1230.290008
1024,60,14,29,1347.817616
1024,60,14,30,1230.064509
1024,60,14,31,1226.818735
1024,60,14,32,1399.209858
1024,60,14,33,1220.661024
1024,60,14,34,1400.530086
1024,60,14,35,1225.798258
1024,60,14,36,1382.836342
1024,60,14,37,1392.045500
1024,60,14,38,1226.239779
1024,60,14,39,1223.991420
1024,60,14,40,1224.969056
1024,60,14,41,1227.266310
1024,60,14,42,1227.507925
1024,60,14,43,1227.955304
1024,60,14,44,1403.662492
1024,60,14,45,1397.968130
1024,60,14,46,1229.851139
1024,60,14,47,1401.678189
1024,60,14,48,1336.888912
1024,60,14,49,1388.644694
1024,60,14,50,1381.636934
1024,60,14,51,1209.748814
1024,60,14,52,1226.482382
1024,60,14,53,1224.537888
1024,60,14,54,1401.893577
1024,60,14,55,1396.159588
1024,60,14,56,1372.254391
1024,60,14,57,1385.491851
1024,60,14,58,1400.398221
1024,60,14,59,1222.210398
1024,60,14,60,1226.487277
1024,60,15,1,1226.250306
1024,60,15,2,1385.951108
1024,60,15,3,1226.738445
1024,60,15,4,1220.946131
1024,60,15,5,1401.738489
1024,60,15,6,1223.826354
1024,60,15,7,1227.922469
1024,60,15,8,1239.115597
1024,60,15,9,1226.303153
1024,60,15,10,1385.025607
1024,60,15,11,1381.462258
1024,60,15,12,1224.045972
1024,60,15,13,1227.918304
1024,60,15,14,1228.316847
1024,60,15,15,1396.134482
1024,60,15,16,1374.709425
1024,60,15,17,1398.671181
1024,60,15,18,1210.608679
1024,60,15,19,1384.819292
1024,60,15,20,1399.475480
1024,60,15,21,1413.852515
1024,60,15,22,1398.410641
1024,60,15,23,1229.022940
1024,60,15,24,1399.083833
1024,60,15,25,1229.422357
1024,60,15,26,1399.775059
1024,60,15,27,1223.769916
1024,60,15,28,1407.172518
1024,60,15,29,1223.827458
1024,60,15,30,1389.769546
1024,60,15,31,1224.110106
1024,60,15,32,1226.427950
1024,60,15,33,1220.005533
1024,60,15,34,1408.208666
1024,60,15,35,1222.592885
1024,60,15,36,1391.059458
1024,60,15,37,1226.288446
1024,60,15,38,1228.645743
1024,60,15,39,1390.976324
1024,60,15,40,1222.172359
1024,60,15,41,1392.651421
1024,60,15,42,1225.689521
1024,60,15,43,1217.648786
1024,60,15,44,1229.985935
1024,60,15,45,1386.779896
1024,60,15,46,1228.369732
1024,60,15,47,1393.257768
1024,60,15,48,1227.309442
1024,60,15,49,1402.364963
1024,60,15,50,1405.464325
1024,60,15,51,1229.548820
1024,60,15,52,1222.205420
1024,60,15,53,1224.759272
1024,60,15,54,1221.656086
1024,60,15,55,1403.154496
1024,60,15,56,1223.067147
1024,60,15,57,1402.688836
1024,60,15,58,1389.024792
1024,60,15,59,1223.008021
1024,60,15,60,1392.055525
1024,60,16,1,1223.307222
1024,60,16,2,1406.457152
1024,60,16,3,1217.518214
1024,60,16,4,1394.057033
1024,60,16,5,1212.656711
1024,60,16,6,1224.543026
1024,60,16,7,1418.766271
1024,60,16,8,1228.501387
1024,60,16,9,1406.233720
1024,60,16,10,1226.620492
1024,60,16,11,1224.830728
1024,60,16,12,1409.410789
1024,60,16,13,1402.524903
1024,60,16,14,1227.679518
1024,60,16,15,1391.536167
1024,60,16,16,1223.852715
1024,60,16,17,1387.195910
1024,60,16,18,1386.909100
1024,60,16,19,1424.280821
1024,60,16,20,1225.339940
1024,60,16,21,1406.075407
1024,60,16,22,1225.029225
1024,60,16,23,1224.995710
1024,60,16,24,1230.576349
1024,60,16,25,1338.264541
1024,60,16,26,1225.495500
1024,60,16,27,1422.375264
1024,60,16,28,1222.954665
1024,60,16,29,1390.595489
1024,60,16,30,1405.004026
1024,60,16,31,1418.448158
1024,60,16,32,1214.796487
1024,60,16,33,1388.382396
1024,60,16,34,1388.658739
1024,60,16,35,1389.747327
1024,60,16,36,1224.974214
1024,60,16,37,1218.751183
1024,60,16,38,1239.521191
1024,60,16,39,1393.674134
1024,60,16,40,1390.373247
1024,60,16,41,1400.469322
1024,60,16,42,1224.385192
1024,60,16,43,1393.703864
1024,60,16,44,1387.035998
1024,60,16,45,1226.495025
1024,60,16,46,1414.178717
1024,60,16,47,1226.227250
1024,60,16,48,1215.353500
1024,60,16,49,1220.206405
1024,60,16,50,1410.654565
1024,60,16,51,1223.675265
1024,60,16,52,1220.604734
1024,60,16,53,1216.255721
1024,60,16,54,1223.379536
1024,60,16,55,1211.586970
1024,60,16,56,1211.954046
1024,60,16,57,1215.998142
1024,60,16,58,1222.844509
1024,60,16,59,1217.604460
1024,60,16,60,1216.709712
1024,60,17,1,1221.191144
1024,60,17,2,1212.646337
1024,60,17,3,1221.116480
1024,60,17,4,1214.652480
1024,60,17,5,1217.603051
1024,60,17,6,1213.121637
1024,60,17,7,1218.611502
1024,60,17,8,1213.807133
1024,60,17,9,1228.907897
1024,60,17,10,1215.098799
1024,60,17,11,1228.161255
1024,60,17,12,1390.824442
1024,60,17,13,1215.339746
1024,60,17,14,1214.834066
1024,60,17,15,1221.178888
1024,60,17,16,1215.026914
1024,60,17,17,1222.080406
1024,60,17,18,1214.378759
1024,60,17,19,1225.706413
1024,60,17,20,1214.920108
1024,60,17,21,1217.183162
1024,60,17,22,1217.392045
1024,60,17,23,1221.437134
1024,60,17,24,1230.746652
1024,60,17,25,1386.563621
1024,60,17,26,1215.165819
1024,60,17,27,1217.616066
1024,60,17,28,1217.437360
1024,60,17,29,1218.035810
1024,60,17,30,1221.841007
1024,60,17,31,1215.836798
1024,60,17,32,1225.933382
1024,60,17,33,1241.102781
1024,60,17,34,1221.614538
1024,60,17,35,1220.800608
1024,60,17,36,1233.238714
1024,60,17,37,1217.253934
1024,60,17,38,1226.645481
1024,60,17,39,1214.282471
1024,60,17,40,1235.075945
1024,60,17,41,1218.450613
1024,60,17,42,1217.615781
1024,60,17,43,1217.088915
1024,60,17,44,1216.098330
1024,60,17,45,1220.163488
1024,60,17,46,1213.357590
1024,60,17,47,1224.975704
1024,60,17,48,1215.909495
1024,60,17,49,1222.527304
1024,60,17,50,1213.306670
1024,60,17,51,1216.235251
1024,60,17,52,1212.021981
1024,60,17,53,1225.826349
1024,60,17,54,1213.127590
1024,60,17,55,1221.918253
1024,60,17,56,1220.491154
1024,60,17,57,1221.583722
1024,60,17,58,1209.946972
1024,60,17,59,1219.738111
1024,60,17,60,1214.656299
1024,60,18,1,1219.781273
1024,60,18,2,1219.030753
1024,60,18,3,1209.057211
1024,60,18,4,1234.169915
1024,60,18,5,1223.424180
1024,60,18,6,1220.765329
1024,60,18,7,1213.534872
1024,60,18,8,1238.088452
1024,60,18,9,1215.102992
1024,60,18,10,1221.011185
1024,60,18,11,1214.221330
1024,60,18,12,1215.744772
1024,60,18,13,1219.675141
1024,60,18,14,1210.993303
1024,60,18,15,1223.751271
1024,60,18,16,1224.809498
1024,60,18,17,1213.699507
1024,60,18,18,1243.093291
1024,60,18,19,1211.050251
1024,60,18,20,1210.454750
1024,60,18,21,1219.281505
1024,60,18,22,1216.646859
1024,60,18,23,1209.502323
1024,60,18,24,1236.279548
1024,60,18,25,1213.559725
1024,60,18,26,1227.055305
1024,60,18,27,1210.513666
1024,60,18,28,1221.979235
1024,60,18,29,1210.836138
1024,60,18,30,1222.355428
1024,60,18,31,1207.136642
1024,60,18,32,1217.676351
1024,60,18,33,1211.376734
1024,60,18,34,1248.199459
1024,60,18,35,1230.415140
1024,60,18,36,1224.803628
1024,60,18,37,1224.003707
1024,60,18,38,1214.121686
1024,60,18,39,1234.482295
1024,60,18,40,1245.528434
1024,60,18,41,1219.824868
1024,60,18,42,1216.987997
1024,60,18,43,1211.841779
1024,60,18,44,1210.471665
1024,60,18,45,1227.310565
1024,60,18,46,1211.733187
1024,60,18,47,1211.281671
1024,60,18,48,1223.589515
1024,60,18,49,1217.886339
1024,60,18,50,1210.867859
1024,60,18,51,1237.590628
1024,60,18,52,1211.991338
1024,60,18,53,1236.316375
1024,60,18,54,1226.872567
1024,60,18,55,1246.641089
1024,60,18,56,1211.792481
1024,60,18,57,1224.214450
1024,60,18,58,1221.538595
1024,60,18,59,1215.199337
1024,60,18,60,1209.613025
1024,60,19,1,1214.723095
1024,60,19,2,1221.554459
1024,60,19,3,1215.382932
1024,60,19,4,1217.981688
1024,60,19,5,1223.495589
1024,60,19,6,1214.748201
1024,60,19,7,1214.596631
1024,60,19,8,1228.101489
1024,60,19,9,1212.598087
1024,60,19,10,1216.233186
1024,60,19,11,1213.054450
1024,60,19,12,1218.980075
1024,60,19,13,1214.098380
1024,60,19,14,1222.911983
1024,60,19,15,1210.237516
1024,60,19,16,1218.632877
1024,60,19,17,1236.647338
1024,60,19,18,1212.660273
1024,60,19,19,1219.709035
1024,60,19,20,1218.124527
1024,60,19,21,1223.001848
1024,60,19,22,1212.497560
1024,60,19,23,1219.782881
1024,60,19,24,1214.770938
1024,60,19,25,1398.004440
1024,60,19,26,1221.357346
1024,60,19,27,1219.057067
1024,60,19,28,1227.232114
1024,60,19,29,1209.281574
1024,60,19,30,1216.221000
1024,60,19,31,1220.086343
1024,60,19,32,1211.417767
1024,60,19,33,1226.911394
1024,60,19,34,1214.190030
1024,60,19,35,1213.186172
1024,60,19,36,1212.298467
1024,60,19,37,1213.606508
1024,60,19,38,1214.453773
1024,60,19,39,1215.153317
1024,60,19,40,1415.931692
1024,60,19,41,1383.888921
1024,60,19,42,1223.093241
1024,60,19,43,1227.614677
1024,60,19,44,1424.337943
1024,60,19,45,1229.151798
1024,60,19,46,1383.857798
1024,60,19,47,1381.849176
1024,60,19,48,1221.112371
1024,60,19,49,1392.994147
1024,60,19,50,1224.978293
1024,60,19,51,1402.809713
1024,60,19,52,1405.073268
1024,60,19,53,1218.383389
1024,60,19,54,1226.840506
1024,60,19,55,1402.463569
1024,60,19,56,1228.279979
1024,60,19,57,1224.794854
1024,60,19,58,1407.078403
1024,60,19,59,1224.734586
1024,60,19,60,1408.676931
1024,60,20,1,1379.241138
1024,60,20,2,1214.090627
1024,60,20,3,1310.988346
1024,60,20,4,1407.190697
1024,60,20,5,1223.156742
1024,60,20,6,1279.565880
1024,60,20,7,1211.764642
1024,60,20,8,1211.930417
1024,60,20,9,1215.900412
1024,60,20,10,1421.924020
1024,60,20,11,1381.761349
1024,60,20,12,1388.142643
1024,60,20,13,1402.892141
1024,60,20,14,1401.918198
1024,60,20,15,1238.005803
1024,60,20,16,1386.908571
1024,60,20,17,1239.372743
1024,60,20,18,1224.192152
1024,60,20,19,1228.081582
1024,60,20,20,1232.479034
1024,60,20,21,1382.413142
1024,60,20,22,1231.063480
1024,60,20,23,1224.312514
1024,60,20,24,1403.256326
1024,60,20,25,1237.402213
1024,60,20,26,1381.212749
1024,60,20,27,1217.871790
1024,60,20,28,1246.791474
1024,60,20,29,1383.107930
1024,60,20,30,1381.168166
1024,60,20,31,1226.286158
1024,60,20,32,1408.728749
1024,60,20,33,1382.351032
1024,60,20,34,1382.420369
1024,60,20,35,1238.031286
1024,60,20,36,1211.109496
1024,60,20,37,1231.352647
1024,60,20,38,1407.359063
1024,60,20,39,1246.181766
1024,60,20,40,1403.210768
1024,60,20,41,1379.855217
1024,60,20,42,1381.134349
1024,60,20,43,1407.754843
1024,60,20,44,1247.334691
1024,60,20,45,1215.023894
1024,60,20,46,1242.849326
1024,60,20,47,1250.679723
1024,60,20,48,1382.632450
1024,60,20,49,1414.977143
1024,60,20,50,1381.109110
1024,60,20,51,1232.205775
1024,60,20,52,1231.396390
1024,60,20,53,1238.652352
1024,60,20,54,1382.848626
1024,60,20,55,1233.751132
1024,60,20,56,1361.573320
1024,60,20,57,1404.205068
1024,60,20,58,1405.830221
1024,60,20,59,1232.227241
1024,60,20,60,1222.411504
1024,60,21,1,1379.737554
1024,60,21,2,1379.270963
1024,60,21,3,1227.182530
1024,60,21,4,1399.402368
1024,60,21,5,1382.508646
1024,60,21,6,1404.858703
1024,60,21,7,1226.432725
1024,60,21,8,1225.226215
1024,60,21,9,1400.890133
1024,60,21,10,1225.731093
1024,60,21,11,1232.857015
1024,60,21,12,1374.378229
1024,60,21,13,1235.538206
1024,60,21,14,1406.489042
1024,60,21,15,1239.765417
1024,60,21,16,1379.483446
1024,60,21,17,1380.438184
1024,60,21,18,1394.489850
1024,60,21,19,1401.051904
1024,60,21,20,1236.928646
1024,60,21,21,1402.632045
1024,60,21,22,1381.682069
1024,60,21,23,1398.184352
1024,60,21,24,1399.527144
1024,60,21,25,1215.120169
1024,60,21,26,1238.645443
1024,60,21,27,1375.773631
1024,60,21,28,1375.088977
1024,60,21,29,1246.637325
1024,60,21,30,1241.674725
1024,60,21,31,1376.010836
1024,60,21,32,1398.253927
1024,60,21,33,1376.801864
1024,60,21,34,1381.181125
1024,60,21,35,1383.792072
1024,60,21,36,1373.208954
1024,60,21,37,1385.188526
1024,60,21,38,1381.117669
1024,60,21,39,1373.144494
1024,60,21,40,1240.283159
1024,60,21,41,1404.683366
1024,60,21,42,1239.551552
1024,60,21,43,1378.892399
1024,60,21,44,1218.685001
1024,60,21,45,1396.756086
1024,60,21,46,1224.227969
1024,60,21,47,1300.470541
1024,60,21,48,1381.158573
1024,60,21,49,1236.319034
1024,60,21,50,1233.798608
1024,60,21,51,1397.823995
1024,60,21,52,1428.806433
1024,60,21,53,1228.506617
1024,60,21,54,1414.341067
1024,60,21,55,1226.569108
1024,60,21,56,1413.827080
1024,60,21,57,1226.628468
1024,60,21,58,1223.227956
1024,60,21,59,1241.409871
1024,60,21,60,1227.649027
1024,60,22,1,1380.211939
1024,60,22,2,1383.105313
1024,60,22,3,1235.478100
1024,60,22,4,1240.769616
1024,60,22,5,1245.576190
1024,60,22,6,1381.832586
1024,60,22,7,1404.794697
1024,60,22,8,1231.046326
1024,60,22,9,1400.406143
1024,60,22,10,1382.301402
1024,60,22,11,1384.415241
1024,60,22,12,1227.076259
1024,60,22,13,1218.656824
1024,60,22,14,1229.370870
1024,60,22,15,1244.317989
1024,60,22,16,1384.934068
1024,60,22,17,1383.759120
1024,60,22,18,1230.580778
1024,60,22,19,1239.834260
1024,60,22,20,1398.848223
1024,60,22,21,1224.507709
1024,60,22,22,1380.642177
1024,60,22,23,1386.490587
1024,60,22,24,1382.199170
1024,60,22,25,1228.194830
1024,60,22,26,1238.996468
1024,60,22,27,1248.097909
1024,60,22,28,1240.507358
1024,60,22,29,1227.353606
1024,60,22,30,1379.850637
1024,60,22,31,1229.331064
1024,60,22,32,1227.164325
1024,60,22,33,1383.033208
1024,60,22,34,1383.548163
1024,60,22,35,1227.748430
1024,60,22,36,1382.437853
1024,60,22,37,1225.366646
1024,60,22,38,1380.475325
1024,60,22,39,1229.876585
1024,60,22,40,1390.083504
1024,60,22,41,1238.883203
1024,60,22,42,1385.144647
1024,60,22,43,1246.639737
1024,60,22,44,1383.289762
1024,60,22,45,1238.370821
1024,60,22,46,1382.615656
1024,60,22,47,1386.478227
1024,60,22,48,1227.309592
1024,60,22,49,1238.951381
1024,60,22,50,1382.209017
1024,60,22,51,1229.355891
1024,60,22,52,1227.823457
1024,60,22,53,1225.902053
1024,60,22,54,1229.086989
1024,60,22,55,1386.593026
1024,60,22,56,1225.657618
1024,60,22,57,1382.664907
1024,60,22,58,1241.130835
1024,60,22,59,1392.924899
1024,60,22,60,1384.375783
1024,60,23,1,1241.899937
1024,60,23,2,1228.226944
1024,60,23,3,1227.808098
1024,60,23,4,1240.256374
1024,60,23,5,1239.593181
1024,60,23,6,1226.063645
1024,60,23,7,1387.250132
1024,60,23,8,1379.912449
1024,60,23,9,1244.182105
1024,60,23,10,1386.498258
1024,60,23,11,1383.867368
1024,60,23,12,1379.054810
1024,60,23,13,1225.290578
1024,60,23,14,1224.347548
1024,60,23,15,1387.739648
1024,60,23,16,1379.766098
1024,60,23,17,1254.284671
1024,60,23,18,1387.418286
1024,60,23,19,1384.118886
1024,60,23,20,1242.930461
1024,60,23,21,1385.693482
1024,60,23,22,1226.932214
1024,60,23,23,1243.968218
1024,60,23,24,1383.507851
1024,60,23,25,1386.458191
1024,60,23,26,1227.377697
1024,60,23,27,1383.765298
1024,60,23,28,1225.927919
1024,60,23,29,1380.612523
1024,60,23,30,1434.096878
1024,60,23,31,1385.139912
1024,60,23,32,1236.988965
1024,60,23,33,1385.595780
1024,60,23,34,1379.710013
1024,60,23,35,1428.594363
1024,60,23,36,1389.011201
1024,60,23,37,1242.102552
1024,60,23,38,1380.856962
1024,60,23,39,1385.083008
1024,60,23,40,1393.657336
1024,60,23,41,1227.290156
1024,60,23,42,1388.083035
1024,60,23,43,1220.484340
1024,60,23,44,1236.833814
1024,60,23,45,1392.643742
1024,60,23,46,1224.949799
1024,60,23,47,1382.271295
1024,60,23,48,1383.243743
1024,60,23,49,1214.792715
1024,60,23,50,1380.731236
1024,60,23,51,1228.317066
1024,60,23,52,1225.426470
1024,60,23,53,1252.090242
1024,60,23,54,1228.074888
1024,60,23,55,1380.770559
1024,60,23,56,1386.711343
1024,60,23,57,1229.476493
1024,60,23,58,1382.689099
1024,60,23,59,1242.175371
1024,60,23,60,1382.446940
1024,60,24,1,1247.554220
1024,60,24,2,1381.834751
1024,60,24,3,1232.457213
1024,60,24,4,1382.301868
1024,60,24,5,1229.831754
1024,60,24,6,1232.511182
1024,60,24,7,1232.490395
1024,60,24,8,1223.761692
1024,60,24,9,1379.748153
1024,60,24,10,1231.379124
1024,60,24,11,1224.401134
1024,60,24,12,1217.481876
1024,60,24,13,1220.166553
1024,60,24,14,1220.070211
1024,60,24,15,1218.555118
1024,60,24,16,1220.764490
1024,60,24,17,1391.909492
1024,60,24,18,1211.633044
1024,60,24,19,1385.338848
1024,60,24,20,1386.412191
1024,60,24,21,1215.375574
1024,60,24,22,1212.975981
1024,60,24,23,1219.044238
1024,60,24,24,1387.688541
1024,60,24,25,1214.768098
1024,60,24,26,1390.269104
1024,60,24,27,1383.217846
1024,60,24,28,1215.321846
1024,60,24,29,1223.829995
1024,60,24,30,1212.253838
1024,60,24,31,1385.837013
1024,60,24,32,1219.126487
1024,60,24,33,1221.206906
1024,60,24,34,1386.046541
1024,60,24,35,1220.385072
1024,60,24,36,1211.211495
1024,60,24,37,1389.349531
1024,60,24,38,1217.845116
1024,60,24,39,1219.739422
1024,60,24,40,1385.445888
1024,60,24,41,1389.872440
1024,60,24,42,1213.090205
1024,60,24,43,1205.563410
1024,60,24,44,1390.094871
1024,60,24,45,1211.586742
1024,60,24,46,1217.497985
1024,60,24,47,1386.662448
1024,60,24,48,1386.548152
1024,60,24,49,1212.704926
1024,60,24,50,1215.956408
1024,60,24,51,1388.196871
1024,60,24,52,1213.259138
1024,60,24,53,1219.104370
1024,60,24,54,1218.715327
1024,60,24,55,1219.259399
1024,60,24,56,1387.216446
1024,60,24,57,1217.820311
1024,60,24,58,1214.195803
1024,60,24,59,1387.132272
1024,60,24,60,1219.814326
1024,60,25,1,1215.302197
1024,60,25,2,1219.142182
1024,60,25,3,1224.234612
1024,60,25,4,1391.619963
1024,60,25,5,1224.260139
1024,60,25,6,1400.506442
1024,60,25,7,1212.280022
1024,60,25,8,1211.273615
1024,60,25,9,1229.241100
1024,60,25,10,1218.695354
1024,60,25,11,1221.871155
1024,60,25,12,1390.395413
1024,60,25,13,1217.248989
1024,60,25,14,1214.457213
1024,60,25,15,1217.349283
1024,60,25,16,1221.374165
1024,60,25,17,1398.584281
1024,60,25,18,1210.294405
1024,60,25,19,1217.581002
1024,60,25,20,1220.699364
1024,60,25,21,1393.742967
1024,60,25,22,1387.705324
1024,60,25,23,1216.490173
1024,60,25,24,1255.924626
1024,60,25,25,1245.368511
1024,60,25,26,1229.110191
1024,60,25,27,1242.078443
1024,60,25,28,1227.449015
1024,60,25,29,1249.990079
1024,60,25,30,1383.042783
1024,60,25,31,1232.058673
1024,60,25,32,1385.754207
1024,60,25,33,1225.569651
1024,60,25,34,1404.792487
1024,60,25,35,1219.513696
1024,60,25,36,1225.901508
1024,60,25,37,1228.518713
1024,60,25,38,1225.944186
1024,60,25,39,1220.192617
1024,60,25,40,1227.985635
1024,60,25,41,1230.567615
1024,60,25,42,1221.474681
1024,60,25,43,1213.133345
1024,60,25,44,1390.087931
1024,60,25,45,1214.696711
1024,60,25,46,1388.162509
1024,60,25,47,1403.253212
1024,60,25,48,1224.791631
1024,60,25,49,1393.667991
1024,60,25,50,1215.381857
1024,60,25,51,1226.012646
1024,60,25,52,1406.392284
1024,60,25,53,1227.208558
1024,60,25,54,1223.657809
1024,60,25,55,1225.638038
1024,60,25,56,1224.772187
1024,60,25,57,1219.441209
1024,60,25,58,1223.985836
1024,60,25,59,1405.166052
1024,60,25,60,1391.628522
1024,60,26,1,1409.816761
1024,60,26,2,1225.355297
1024,60,26,3,1215.392608
1024,60,26,4,1227.434870
1024,60,26,5,1220.977270
1024,60,26,6,1225.732098
1024,60,26,7,1215.954900
1024,60,26,8,1225.348789
1024,60,26,9,1218.142947
1024,60,26,10,1212.775136
1024,60,26,11,1223.367987
1024,60,26,12,1389.228358
1024,60,26,13,1225.883024
1024,60,26,14,1410.035324
1024,60,26,15,1226.813155
1024,60,26,16,1405.017165
1024,60,26,17,1215.334094
1024,60,26,18,1217.520338
1024,60,26,19,1404.401761
1024,60,26,20,1388.700855
1024,60,26,21,1229.292978
1024,60,26,22,1223.366406
1024,60,26,23,1218.574265
1024,60,26,24,1223.854518
1024,60,26,25,1220.376008
1024,60,26,26,1216.429641
1024,60,26,27,1212.903141
1024,60,26,28,1228.454211
1024,60,26,29,1225.823193
1024,60,26,30,1218.775382
1024,60,26,31,1214.782322
1024,60,26,32,1218.443671
1024,60,26,33,1221.582049
1024,60,26,34,1213.587900
1024,60,26,35,1217.085902
1024,60,26,36,1219.128135
1024,60,26,37,1222.907883
1024,60,26,38,1210.473473
1024,60,26,39,1392.094686
1024,60,26,40,1214.617262
1024,60,26,41,1215.610275
1024,60,26,42,1220.817056
1024,60,26,43,1217.265926
1024,60,26,44,1214.173537
1024,60,26,45,1207.914058
1024,60,26,46,1213.021500
1024,60,26,47,1213.766342
1024,60,26,48,1210.022234
1024,60,26,49,1215.996080
1024,60,26,50,1229.870934
1024,60,26,51,1215.592080
1024,60,26,52,1219.602211
1024,60,26,53,1386.815839
1024,60,26,54,1220.895543
1024,60,26,55,1218.250396
1024,60,26,56,1219.243773
1024,60,26,57,1221.497618
1024,60,26,58,1215.701180
1024,60,26,59,1208.434124
1024,60,26,60,1232.708250
1024,60,27,1,1210.444321
1024,60,27,2,1405.967790
1024,60,27,3,1214.339522
1024,60,27,4,1396.904152
1024,60,27,5,1210.775432
1024,60,27,6,1225.839397
1024,60,27,7,1391.011460
1024,60,27,8,1221.656239
1024,60,27,9,1214.633792
1024,60,27,10,1220.573726
1024,60,27,11,1215.144229
1024,60,27,12,1217.539918
1024,60,27,13,1216.812650
1024,60,27,14,1220.830815
1024,60,27,15,1389.533167
1024,60,27,16,1390.278792
1024,60,27,17,1221.950587
1024,60,27,18,1220.752897
1024,60,27,19,1244.197443
1024,60,27,20,1228.926788
1024,60,27,21,1222.844384
1024,60,27,22,1231.303287
1024,60,27,23,1390.484956
1024,60,27,24,1223.189838
1024,60,27,25,1222.038139
1024,60,27,26,1221.472398
1024,60,27,27,1393.844831
1024,60,27,28,1222.554463
1024,60,27,29,1217.836920
1024,60,27,30,1222.102865
1024,60,27,31,1387.593113
1024,60,27,32,1218.918272
1024,60,27,33,1386.728021
1024,60,27,34,1400.977428
1024,60,27,35,1222.336593
1024,60,27,36,1397.657310
1024,60,27,37,1402.264589
1024,60,27,38,1223.164348
1024,60,27,39,1216.434247
1024,60,27,40,1218.397708
1024,60,27,41,1400.925633
1024,60,27,42,1222.053040
1024,60,27,43,1382.022136
1024,60,27,44,1367.758089
1024,60,27,45,1215.139914
1024,60,27,46,1388.069006
1024,60,27,47,1218.625316
1024,60,27,48,1382.903708
1024,60,27,49,1408.627959
1024,60,27,50,1401.358096
1024,60,27,51,1330.947123
1024,60,27,52,1397.721538
1024,60,27,53,1383.469791
1024,60,27,54,1382.201445
1024,60,27,55,1220.976787
1024,60,27,56,1222.094885
1024,60,27,57,1389.088373
1024,60,27,58,1219.307328
1024,60,27,59,1222.094953
1024,60,27,60,1218.371384
1024,60,28,1,1218.124624
1024,60,28,2,1223.326148
1024,60,28,3,1219.668685
1024,60,28,4,1222.541010
1024,60,28,5,1399.907130
1024,60,28,6,1223.067717
1024,60,28,7,1214.172898
1024,60,28,8,1223.217505
1024,60,28,9,1219.603025
1024,60,28,10,1232.384230
1024,60,28,11,1215.030118
1024,60,28,12,1221.569221
1024,60,28,13,1221.787768
1024,60,28,14,1403.206137
1024,60,28,15,1401.436651
1024,60,28,16,1220.438619
1024,60,28,17,1226.581810
1024,60,28,18,1224.134277
1024,60,28,19,1222.475132
1024,60,28,20,1217.689450
1024,60,28,21,1222.028373
1024,60,28,22,1224.241538
1024,60,28,23,1412.332437
1024,60,28,24,1225.993352
1024,60,28,25,1217.006983
1024,60,28,26,1226.559493
1024,60,28,27,1410.468084
1024,60,28,28,1386.407506
1024,60,28,29,1217.419120
1024,60,28,30,1229.849303
1024,60,28,31,1219.424850
1024,60,28,32,1386.867674
1024,60,28,33,1402.363766
1024,60,28,34,1218.638750
1024,60,28,35,1220.437636
1024,60,28,36,1222.403837
1024,60,28,37,1230.271596
1024,60,28,38,1389.103270
1024,60,28,39,1217.621883
1024,60,28,40,1401.779156
1024,60,28,41,1220.709248
1024,60,28,42,1216.748464
1024,60,28,43,1220.999722
1024,60,28,44,1221.417730
1024,60,28,45,1391.144753
1024,60,28,46,1224.330353
1024,60,28,47,1216.446209
1024,60,28,48,1388.392196
1024,60,28,49,1390.835001
1024,60,28,50,1406.573072
1024,60,28,51,1225.442919
1024,60,28,52,1227.688352
1024,60,28,53,1217.016022
1024,60,28,54,1226.056999
1024,60,28,55,1225.754851
1024,60,28,56,1388.929355
1024,60,28,57,1220.261934
1024,60,28,58,1227.856751
1024,60,28,59,1388.902133
1024,60,28,60,1386.287923
1024,60,29,1,1224.050202
1024,60,29,2,1396.223870
1024,60,29,3,1228.351358
1024,60,29,4,1404.702008
1024,60,29,5,1394.859445
1024,60,29,6,1405.585216
1024,60,29,7,1225.005681
1024,60,29,8,1219.977419
1024,60,29,9,1221.849875
1024,60,29,10,1229.019901
1024,60,29,11,1386.807802
1024,60,29,12,1388.481220
1024,60,29,13,1409.086287
1024,60,29,14,1220.441958
1024,60,29,15,1218.595934
1024,60,29,16,1211.647989
1024,60,29,17,1226.229048
1024,60,29,18,1212.135523
1024,60,29,19,1214.639252
1024,60,29,20,1404.566822
1024,60,29,21,1394.623544
1024,60,29,22,1212.836090
1024,60,29,23,1413.145636
1024,60,29,24,1211.109278
1024,60,29,25,1223.725993
1024,60,29,26,1408.569313
1024,60,29,27,1213.592179
1024,60,29,28,1220.647820
1024,60,29,29,1398.341058
1024,60,29,30,1403.059094
1024,60,29,31,1219.400716
1024,60,29,32,1387.386956
1024,60,29,33,1219.079224
1024,60,29,34,1218.470136
1024,60,29,35,1215.732375
1024,60,29,36,1390.295530
1024,60,29,37,1406.753960
1024,60,29,38,1405.989371
1024,60,29,39,1403.080309
1024,60,29,40,1220.627568
1024,60,29,41,1229.555968
1024,60,29,42,1211.294789
1024,60,29,43,1220.203178
1024,60,29,44,1391.828383
1024,60,29,45,1393.657364
1024,60,29,46,1217.238888
1024,60,29,47,1212.238614
1024,60,29,48,1212.072417
1024,60,29,49,1214.628808
1024,60,29,50,1388.311166
1024,60,29,51,1405.478390
1024,60,29,52,1214.202955
1024,60,29,53,1395.245286
1024,60,29,54,1402.954071
1024,60,29,55,1217.247388
1024,60,29,56,1218.062581
1024,60,29,57,1415.610346
1024,60,29,58,1390.416383
1024,60,29,59,1407.587820
1024,60,29,60,1222.826225
1024,60,30,1,1389.770518
1024,60,30,2,1403.936707
1024,60,30,3,1389.636510
1024,60,30,4,1218.300645
1024,60,30,5,1400.808607
1024,60,30,6,1386.291044
1024,60,30,7,1402.313826
1024,60,30,8,1230.522613
1024,60,30,9,1391.659696
1024,60,30,10,1410.968744
1024,60,30,11,1226.357806
1024,60,30,12,1218.327884
1024,60,30,13,1406.185392
1024,60,30,14,1216.338933
1024,60,30,15,1210.405738
1024,60,30,16,1212.948804
1024,60,30,17,1396.431577
1024,60,30,18,1389.842672
1024,60,30,19,1217.174182
1024,60,30,20,1222.173548
1024,60,30,21,1390.049060
1024,60,30,22,1402.254088
1024,60,30,23,1408.495622
1024,60,30,24,1220.574703
1024,60,30,25,1225.443695
1024,60,30,26,1220.759910
1024,60,30,27,1410.464271
1024,60,30,28,1390.390125
1024,60,30,29,1212.369358
1024,60,30,30,1407.644812
1024,60,30,31,1219.973142
1024,60,30,32,1407.897989
1024,60,30,33,1388.592200
1024,60,30,34,1387.795638
1024,60,30,35,1227.942653
1024,60,30,36,1388.331373
1024,60,30,37,1222.813377
1024,60,30,38,1218.197987
1024,60,30,39,1411.271650
1024,60,30,40,1223.000429
1024,60,30,41,1210.960142
1024,60,30,42,1401.875832
1024,60,30,43,1209.929840
1024,60,30,44,1212.766700
1024,60,30,45,1217.587346
1024,60,30,46,1402.797792
1024,60,30,47,1214.435877
1024,60,30,48,1378.462055
1024,60,30,49,1211.269448
1024,60,30,50,1221.814011
1024,60,30,51,1226.309081
1024,60,30,52,1215.227617
1024,60,30,53,1213.671070
1024,60,30,54,1217.707629
1024,60,30,55,1218.536580
1024,60,30,56,1210.763638
1024,60,30,57,1217.330374
1024,60,30,58,1217.455472
1024,60,30,59,1388.073082
1024,60,30,60,1373.532861
1024,60,31,1,1223.749015
1024,60,31,2,1216.787156
1024,60,31,3,1219.109699
1024,60,31,4,1218.433873
1024,60,31,5,1217.509683
1024,60,31,6,1212.062787
1024,60,31,7,1222.798146
1024,60,31,8,1214.409189
1024,60,31,9,1213.229514
1024,60,31,10,1225.048997
1024,60,31,11,1213.036118
1024,60,31,12,1223.111606
1024,60,31,13,1213.815968
1024,60,31,14,1386.674202
1024,60,31,15,1208.307240
1024,60,31,16,1213.741811
1024,60,31,17,1380.937969
1024,60,31,18,1215.832743
1024,60,31,19,1213.418604
1024,60,31,20,1381.428002
1024,60,31,21,1377.101195
1024,60,31,22,1210.665803
1024,60,31,23,1217.875459
1024,60,31,24,1384.405640
1024,60,31,25,1209.622105
1024,60,31,26,1217.578078
1024,60,31,27,1379.164819
1024,60,31,28,1226.886022
1024,60,31,29,1215.573955
1024,60,31,30,1211.189581
1024,60,31,31,1377.146374
1024,60,31,32,1385.080923
1024,60,31,33,1216.364369
1024,60,31,34,1212.874002
1024,60,31,35,1214.575712
1024,60,31,36,1218.603993
1024,60,31,37,1218.079139
1024,60,31,38,1218.038968
1024,60,31,39,1213.343694
1024,60,31,40,1225.104960
1024,60,31,41,1221.456994
1024,60,31,42,1212.793424
1024,60,31,43,1214.908317
1024,60,31,44,1215.259979
1024,60,31,45,1216.883758
1024,60,31,46,1381.624179
1024,60,31,47,1208.076901
1024,60,31,48,1212.180486
1024,60,31,49,1211.471210
1024,60,31,50,1395.387140
1024,60,31,51,1213.634228
1024,60,31,52,1217.744188
1024,60,31,53,1253.746394
1024,60,31,54,1393.732079
1024,60,31,55,1213.378902
1024,60,31,56,1220.240909
1024,60,31,57,1384.731821
1024,60,31,58,1378.647628
1024,60,31,59,1393.547423
1024,60,31,60,1222.275197
1024,60,32,1,1214.643273
1024,60,32,2,1379.014847
1024,60,32,3,1389.994796
1024,60,32,4,1395.439977
1024,60,32,5,1216.417260
1024,60,32,6,1212.043384
1024,60,32,7,1378.600771
1024,60,32,8,1222.110831
1024,60,32,9,1392.082958
1024,60,32,10,1392.812837
1024,60,32,11,1209.995354
1024,60,32,12,1392.599321
1024,60,32,13,1380.521728
1024,60,32,14,1211.677163
1024,60,32,15,1219.291897
1024,60,32,16,1214.118718
1024,60,32,17,1391.048726
1024,60,32,18,1226.639581
1024,60,32,19,1385.220225
1024,60,32,20,1216.129618
1024,60,32,21,1392.771375
1024,60,32,22,1219.894861
1024,60,32,23,1219.655467
1024,60,32,24,1221.281386
1024,60,32,25,1216.601017
1024,60,32,26,1388.548715
1024,60,32,27,1393.597275
1024,60,32,28,1390.314939
1024,60,32,29,1391.015309
1024,60,32,30,1377.340885
1024,60,32,31,1395.648301
1024,60,32,32,1216.717151
1024,60,32,33,1215.708467
1024,60,32,34,1391.747939
1024,60,32,35,1397.122714
1024,60,32,36,1393.260709
1024,60,32,37,1237.660242
1024,60,32,38,1219.993456
1024,60,32,39,1224.884925
1024,60,32,40,1396.151569
1024,60,32,41,1234.342438
1024,60,32,42,1222.298799
1024,60,32,43,1235.919538
1024,60,32,44,1211.854144
1024,60,32,45,1216.184362
1024,60,32,46,1243.230200
1024,60,32,47,1218.550060
1024,60,32,48,1391.293454
1024,60,32,49,1209.551486
1024,60,32,50,1397.720950
1024,60,32,51,1244.731581
1024,60,32,52,1215.638139
1024,60,32,53,1218.721184
1024,60,32,54,1379.910467
1024,60,32,55,1246.714385
1024,60,32,56,1214.627836
1024,60,32,57,1218.212042
1024,60,32,58,1221.056875
1024,60,32,59,1216.251098
1024,60,32,60,1241.167675
1024,60,33,1,1222.865133
1024,60,33,2,1212.945327
1024,60,33,3,1408.750240
1024,60,33,4,1210.239944
1024,60,33,5,1214.545686
1024,60,33,6,1221.010797
1024,60,33,7,1217.370583
1024,60,33,8,1222.203563
1024,60,33,9,1218.291929
1024,60,33,10,1400.491818
1024,60,33,11,1222.284112
1024,60,33,12,1215.768525
1024,60,33,13,1244.039947
1024,60,33,14,1221.358995
1024,60,33,15,1215.032131
1024,60,33,16,1216.807527
1024,60,33,17,1222.740942
1024,60,33,18,1211.270493
1024,60,33,19,1397.279094
1024,60,33,20,1405.510822
1024,60,33,21,1239.896295
1024,60,33,22,1218.278644
1024,60,33,23,1213.391857
1024,60,33,24,1226.679550
1024,60,33,25,1241.231481
1024,60,33,26,1217.077030
1024,60,33,27,1212.073060
1024,60,33,28,1218.471520
1024,60,33,29,1210.973354
1024,60,33,30,1239.091829
1024,60,33,31,1222.320624
1024,60,33,32,1221.765875
1024,60,33,33,1241.362862
1024,60,33,34,1212.075507
1024,60,33,35,1218.398854
1024,60,33,36,1220.911338
1024,60,33,37,1212.152042
1024,60,33,38,1214.342888
1024,60,33,39,1241.499485
1024,60,33,40,1215.643203
1024,60,33,41,1221.078348
1024,60,33,42,1217.627746
1024,60,33,43,1241.996798
1024,60,33,44,1220.774445
1024,60,33,45,1218.072972
1024,60,33,46,1216.035370
1024,60,33,47,1404.500257
1024,60,33,48,1222.749126
1024,60,33,49,1399.688788
1024,60,33,50,1216.497221
1024,60,33,51,1213.660355
1024,60,33,52,1217.077803
1024,60,33,53,1210.696931
1024,60,33,54,1212.838601
1024,60,33,55,1400.636656
1024,60,33,56,1215.656938
1024,60,33,57,1249.937820
1024,60,33,58,1211.029291
1024,60,33,59,1213.302884
1024,60,33,60,1220.701806
1024,60,34,1,1221.791353
1024,60,34,2,1242.465529
1024,60,34,3,1239.400179
1024,60,34,4,1214.427792
1024,60,34,5,1221.959047
1024,60,34,6,1216.349578
1024,60,34,7,1397.188124
1024,60,34,8,1401.953495
1024,60,34,9,1212.197871
1024,60,34,10,1212.165290
1024,60,34,11,1217.948410
1024,60,34,12,1218.662378
1024,60,34,13,1225.277243
1024,60,34,14,1237.761456
1024,60,34,15,1238.195912
1024,60,34,16,1217.424191
1024,60,34,17,1212.606619
1024,60,34,18,1219.519294
1024,60,34,19,1242.592888
1024,60,34,20,1212.921536
1024,60,34,21,1399.800867
1024,60,34,22,1213.843080
1024,60,34,23,1212.535360
1024,60,34,24,1241.310694
1024,60,34,25,1219.886989
1024,60,34,26,1233.833748
1024,60,34,27,1216.547271
1024,60,34,28,1396.108375
1024,60,34,29,1221.553201
1024,60,34,30,1212.613647
1024,60,34,31,1231.351859
1024,60,34,32,1395.426634
1024,60,34,33,1214.443116
1024,60,34,34,1218.449373
1024,60,34,35,1213.253334
1024,60,34,36,1215.017455
1024,60,34,37,1220.849947
1024,60,34,38,1394.817478
1024,60,34,39,1227.733723
1024,60,34,40,1212.623900
1024,60,34,41,1216.599190
1024,60,34,42,1216.378825
1024,60,34,43,1208.739310
1024,60,34,44,1396.238017
1024,60,34,45,1220.582687
1024,60,34,46,1217.593042
1024,60,34,47,1214.177295
1024,60,34,48,1217.695219
1024,60,34,49,1210.477887
1024,60,34,50,1225.422373
1024,60,34,51,1215.535079
1024,60,34,52,1210.421242
1024,60,34,53,1218.018765
1024,60,34,54,1215.976758
1024,60,34,55,1211.732138
1024,60,34,56,1408.560575
1024,60,34,57,1218.671509
1024,60,34,58,1236.016013
1024,60,34,59,1216.947918
1024,60,34,60,1217.958460
1024,60,35,1,1211.753291
1024,60,35,2,1222.704456
1024,60,35,3,1214.630412
1024,60,35,4,1237.268621
1024,60,35,5,1211.664618
1024,60,35,6,1212.631996
1024,60,35,7,1242.810390
1024,60,35,8,1220.167563
1024,60,35,9,1215.080842
1024,60,35,10,1247.197033
1024,60,35,11,1243.642982
1024,60,35,12,1211.604861
1024,60,35,13,1211.122914
1024,60,35,14,1226.703350
1024,60,35,15,1220.283932
1024,60,35,16,1402.068782
1024,60,35,17,1214.707397
1024,60,35,18,1220.939491
1024,60,35,19,1404.393570
1024,60,35,20,1219.071146
1024,60,35,21,1211.859546
1024,60,35,22,1213.644375
1024,60,35,23,1405.400342
1024,60,35,24,1241.041273
1024,60,35,25,1402.578478
1024,60,35,26,1223.750366
1024,60,35,27,1215.955230
1024,60,35,28,1211.335157
1024,60,35,29,1218.206023
1024,60,35,30,1218.434253
1024,60,35,31,1220.594627
1024,60,35,32,1245.635568
1024,60,35,33,1401.976400
1024,60,35,34,1243.848658
1024,60,35,35,1214.008572
1024,60,35,36,1220.218552
1024,60,35,37,1210.915471
1024,60,35,38,1216.953159
1024,60,35,39,1228.058230
1024,60,35,40,1245.128554
1024,60,35,41,1216.220183
1024,60,35,42,1220.256640
1024,60,35,43,1212.087264
1024,60,35,44,1242.893924
1024,60,35,45,1209.283532
1024,60,35,46,1216.480890
1024,60,35,47,1214.186802
1024,60,35,48,1401.912384
1024,60,35,49,1223.469728
1024,60,35,50,1209.380017
1024,60,35,51,1218.971983
1024,60,35,52,1224.696168
1024,60,35,53,1209.476693
1024,60,35,54,1215.375452
1024,60,35,55,1219.700624
1024,60,35,56,1216.707814
1024,60,35,57,1216.024150
1024,60,35,58,1208.291437
1024,60,35,59,1215.105354
1024,60,35,60,1223.065068
1024,60,36,1,1211.925252
1024,60,36,2,1244.708918
1024,60,36,3,1382.265741
1024,60,36,4,1218.397906
1024,60,36,5,1216.126771
1024,60,36,6,1227.585279
1024,60,36,7,1241.397080
1024,60,36,8,1226.413176
1024,60,36,9,1209.917382
1024,60,36,10,1213.148273
1024,60,36,11,1222.129732
1024,60,36,12,1226.726409
1024,60,36,13,1215.599424
1024,60,36,14,1224.344100
1024,60,36,15,1224.204951
1024,60,36,16,1219.959137
1024,60,36,17,1217.536928
1024,60,36,18,1214.568377
1024,60,36,19,1223.961748
1024,60,36,20,1217.653807
1024,60,36,21,1221.469490
1024,60,36,22,1216.056587
1024,60,36,23,1214.187287
1024,60,36,24,1224.811022
1024,60,36,25,1216.390563
1024,60,36,26,1214.473055
1024,60,36,27,1217.489382
1024,60,36,28,1217.279077
1024,60,36,29,1217.021676
1024,60,36,30,1215.210261
1024,60,36,31,1221.570095
1024,60,36,32,1222.385852
1024,60,36,33,1216.687870
1024,60,36,34,1225.328323
1024,60,36,35,1217.611888
1024,60,36,36,1223.769212
1024,60,36,37,1219.467179
1024,60,36,38,1220.026468
1024,60,36,39,1216.561304
1024,60,36,40,1224.374563
1024,60,36,41,1220.990724
1024,60,36,42,1216.054576
1024,60,36,43,1214.139097
1024,60,36,44,1214.603767
1024,60,36,45,1221.675156
1024,60,36,46,1216.066452
1024,60,36,47,1215.849042
1024,60,36,48,1231.273624
1024,60,36,49,1240.059377
1024,60,36,50,1388.472651
1024,60,36,51,1212.912559
1024,60,36,52,1213.480710
1024,60,36,53,1218.163197
1024,60,36,54,1222.404399
1024,60,36,55,1212.758727
1024,60,36,56,1221.989925
1024,60,36,57,1434.929414
1024,60,36,58,1224.070994
1024,60,36,59,1217.584561
1024,60,36,60,1392.171250
1024,60,37,1,1213.424441
1024,60,37,2,1213.646875
1024,60,37,3,1244.426538
1024,60,37,4,1218.671454
1024,60,37,5,1216.756349
1024,60,37,6,1219.692442
1024,60,37,7,1225.851586
1024,60,37,8,1219.899795
1024,60,37,9,1232.982323
1024,60,37,10,1227.017383
1024,60,37,11,1223.756291
1024,60,37,12,1222.173839
1024,60,37,13,1229.517466
1024,60,37,14,1228.376262
1024,60,37,15,1229.708340
1024,60,37,16,1219.679407
1024,60,37,17,1226.146780
1024,60,37,18,1227.575197
1024,60,37,19,1217.809164
1024,60,37,20,1218.924776
1024,60,37,21,1223.648049
1024,60,37,22,1228.406551
1024,60,37,23,1225.271390
1024,60,37,24,1237.475348
1024,60,37,25,1300.352501
1024,60,37,26,1240.958812
1024,60,37,27,1209.685306
1024,60,37,28,1208.848232
1024,60,37,29,1212.635987
1024,60,37,30,1221.684242
1024,60,37,31,1213.519263
1024,60,37,32,1214.884804
1024,60,37,33,1217.302823
1024,60,37,34,1211.494947
1024,60,37,35,1226.737651
1024,60,37,36,1215.401614
1024,60,37,37,1214.944520
1024,60,37,38,1214.518379
1024,60,37,39,1218.271032
1024,60,37,40,1214.407214
1024,60,37,41,1209.300908
1024,60,37,42,1217.335957
1024,60,37,43,1217.691743
1024,60,37,44,1213.031977
1024,60,37,45,1213.831815
1024,60,37,46,1237.245432
1024,60,37,47,1213.125836
1024,60,37,48,1232.920466
1024,60,37,49,1212.760125
1024,60,37,50,1207.276813
1024,60,37,51,1211.326189
1024,60,37,52,1215.823928
1024,60,37,53,1212.388418
1024,60,37,54,1210.373070
1024,60,37,55,1237.636233
1024,60,37,56,1209.605031
1024,60,37,57,1215.041534
1024,60,37,58,1216.426684
1024,60,37,59,1210.587976
1024,60,37,60,1216.520410
1024,60,38,1,1236.636877
1024,60,38,2,1215.475685
1024,60,38,3,1214.913662
1024,60,38,4,1238.728011
1024,60,38,5,1214.004411
1024,60,38,6,1206.894703
1024,60,38,7,1212.573550
1024,60,38,8,1213.426115
1024,60,38,9,1214.633230
1024,60,38,10,1210.756402
1024,60,38,11,1214.978241
1024,60,38,12,1214.517963
1024,60,38,13,1215.248687
1024,60,38,14,1216.838846
1024,60,38,15,1221.104313
1024,60,38,16,1240.150059
1024,60,38,17,1220.817782
1024,60,38,18,1222.017862
1024,60,38,19,1212.543720
1024,60,38,20,1220.105960
1024,60,38,21,1215.521387
1024,60,38,22,1216.681550
1024,60,38,23,1215.034556
1024,60,38,24,1214.035480
1024,60,38,25,1219.410560
1024,60,38,26,1236.078818
1024,60,38,27,1212.903287
1024,60,38,28,1217.216795
1024,60,38,29,1219.664304
1024,60,38,30,1216.459507
1024,60,38,31,1221.157988
1024,60,38,32,1211.856335
1024,60,38,33,1215.682083
1024,60,38,34,1230.242272
1024,60,38,35,1221.399327
1024,60,38,36,1229.420528
1024,60,38,37,1392.916578
1024,60,38,38,1231.213783
1024,60,38,39,1220.467423
1024,60,38,40,1225.298901
1024,60,38,41,1233.096665
1024,60,38,42,1382.694791
1024,60,38,43,1218.923112
1024,60,38,44,1229.964433
1024,60,38,45,1227.374943
1024,60,38,46,1385.416824
1024,60,38,47,1239.970704
1024,60,38,48,1386.713832
1024,60,38,49,1220.241496
1024,60,38,50,1226.436603
1024,60,38,51,1224.362798
1024,60,38,52,1388.972971
1024,60,38,53,1387.647101
1024,60,38,54,1217.065667
1024,60,38,55,1225.665010
1024,60,38,56,1390.265481
1024,60,38,57,1233.931116
1024,60,38,58,1386.444816
1024,60,38,59,1390.670301
1024,60,38,60,1297.475074
1024,60,39,1,1391.234798
1024,60,39,2,1385.492061
1024,60,39,3,1219.210016
1024,60,39,4,1389.088320
1024,60,39,5,1222.051262
1024,60,39,6,1384.896506
1024,60,39,7,1221.750035
1024,60,39,8,1388.964473
1024,60,39,9,1216.379473
1024,60,39,10,1388.811964
1024,60,39,11,1216.599172
1024,60,39,12,1393.373658
1024,60,39,13,1218.829638
1024,60,39,14,1387.879861
1024,60,39,15,1389.335907
1024,60,39,16,1217.794131
1024,60,39,17,1222.866394
1024,60,39,18,1403.739156
1024,60,39,19,1401.685170
1024,60,39,20,1406.802875
1024,60,39,21,1388.928220
1024,60,39,22,1217.847003
1024,60,39,23,1389.996190
1024,60,39,24,1222.370703
1024,60,39,25,1396.854844
1024,60,39,26,1403.462901
1024,60,39,27,1214.439305
1024,60,39,28,1230.809700
1024,60,39,29,1390.360365
1024,60,39,30,1385.788365
1024,60,39,31,1225.115617
1024,60,39,32,1218.252011
1024,60,39,33,1406.893229
1024,60,39,34,1216.755568
1024,60,39,35,1225.447785
1024,60,39,36,1225.868223
1024,60,39,37,1287.579731
1024,60,39,38,1227.341625
1024,60,39,39,1225.827713
1024,60,39,40,1219.419940
1024,60,39,41,1224.437330
1024,60,39,42,1297.622002
1024,60,39,43,1416.339014
1024,60,39,44,1389.083978
1024,60,39,45,1228.404024
1024,60,39,46,1226.554099
1024,60,39,47,1388.841422
1024,60,39,48,1221.460199
1024,60,39,49,1405.653303
1024,60,39,50,1214.805110
1024,60,39,51,1220.813794
1024,60,39,52,1230.388586
1024,60,39,53,1227.502029
1024,60,39,54,1228.440034
1024,60,39,55,1403.949694
1024,60,39,56,1226.463827
1024,60,39,57,1389.746289
1024,60,39,58,1398.238377
1024,60,39,59,1212.114868
1024,60,39,60,1216.896657
1024,60,40,1,1386.961903
1024,60,40,2,1226.297703
1024,60,40,3,1229.305586
1024,60,40,4,1396.079901
1024,60,40,5,1260.485036
1024,60,40,6,1407.022871
1024,60,40,7,1393.919776
1024,60,40,8,1406.443711
1024,60,40,9,1212.448868
1024,60,40,10,1215.178641
1024,60,40,11,1390.121095
1024,60,40,12,1216.025211
1024,60,40,13,1387.365606
1024,60,40,14,1383.143666
1024,60,40,15,1389.768371
1024,60,40,16,1224.126890
1024,60,40,17,1381.855988
1024,60,40,18,1405.008778
1024,60,40,19,1396.494073
1024,60,40,20,1219.882924
1024,60,40,21,1348.945108
1024,60,40,22,1221.867655
1024,60,40,23,1283.649310
1024,60,40,24,1230.349445
1024,60,40,25,1224.553179
1024,60,40,26,1387.799122
1024,60,40,27,1228.484491
1024,60,40,28,1294.830866
1024,60,40,29,1232.283687
1024,60,40,30,1232.691096
1024,60,40,31,1410.352667
1024,60,40,32,1230.907070
1024,60,40,33,1226.712498
1024,60,40,34,1225.416691
1024,60,40,35,1251.882504
1024,60,40,36,1229.657905
1024,60,40,37,1220.996947
1024,60,40,38,1385.386510
1024,60,40,39,1221.921791
1024,60,40,40,1359.738564
1024,60,40,41,1225.550804
1024,60,40,42,1218.863784
1024,60,40,43,1405.328143
1024,60,40,44,1216.656290
1024,60,40,45,1219.058180
1024,60,40,46,1221.232170
1024,60,40,47,1231.542672
1024,60,40,48,1224.177437
1024,60,40,49,1222.895678
1024,60,40,50,1231.663119
1024,60,40,51,1229.207204
1024,60,40,52,1226.503086
1024,60,40,53,1397.794851
1024,60,40,54,1223.459103
1024,60,40,55,1224.918424
1024,60,40,56,1225.791455
1024,60,40,57,1221.253328
1024,60,40,58,1215.175617
1024,60,40,59,1215.850037
1024,60,40,60,1219.070313
1024,60,41,1,1222.303932
1024,60,41,2,1219.885873
1024,60,41,3,1213.545390
1024,60,41,4,1225.748613
1024,60,41,5,1222.939271
1024,60,41,6,1225.792075
1024,60,41,7,1212.691986
1024,60,41,8,1222.209600
1024,60,41,9,1211.082108
1024,60,41,10,1221.733876
1024,60,41,11,1225.529760
1024,60,41,12,1216.988695
1024,60,41,13,1224.705499
1024,60,41,14,1227.347771
1024,60,41,15,1224.363986
1024,60,41,16,1215.775085
1024,60,41,17,1225.107360
1024,60,41,18,1225.733203
1024,60,41,19,1214.710791
1024,60,41,20,1388.380225
1024,60,41,21,1226.411601
1024,60,41,22,1379.081074
1024,60,41,23,1327.263630
1024,60,41,24,1226.346795
1024,60,41,25,1381.056816
1024,60,41,26,1224.412416
1024,60,41,27,1216.958172
1024,60,41,28,1386.266929
1024,60,41,29,1226.532964
1024,60,41,30,1229.127051
1024,60,41,31,1226.249442
1024,60,41,32,1224.490165
1024,60,41,33,1229.073104
1024,60,41,34,1449.778749
1024,60,41,35,1232.806239
1024,60,41,36,1218.409948
1024,60,41,37,1239.398614
1024,60,41,38,1238.407869
1024,60,41,39,1221.305695
1024,60,41,40,1231.161018
1024,60,41,41,1233.289420
1024,60,41,42,1220.140362
1024,60,41,43,1384.111223
1024,60,41,44,1282.818273
1024,60,41,45,1217.283714
1024,60,41,46,1231.700353
1024,60,41,47,1230.997974
1024,60,41,48,1228.870818
1024,60,41,49,1384.790732
1024,60,41,50,1385.505008
1024,60,41,51,1243.514070
1024,60,41,52,1218.492063
1024,60,41,53,1215.012718
1024,60,41,54,1228.206289
1024,60,41,55,1227.452450
1024,60,41,56,1211.684094
1024,60,41,57,1247.381433
1024,60,41,58,1225.611386
1024,60,41,59,1229.104710
1024,60,41,60,1216.186609
1024,60,42,1,1226.420154
1024,60,42,2,1225.381976
1024,60,42,3,1243.397126
1024,60,42,4,1227.447990
1024,60,42,5,1217.047747
1024,60,42,6,1385.561585
1024,60,42,7,1228.468088
1024,60,42,8,1225.711814
1024,60,42,9,1246.692604
1024,60,42,10,1221.497638
1024,60,42,11,1208.810416
1024,60,42,12,1213.460579
1024,60,42,13,1223.947912
1024,60,42,14,1239.460153
1024,60,42,15,1388.075712
1024,60,42,16,1217.133303
1024,60,42,17,1230.394930
1024,60,42,18,1227.256438
1024,60,42,19,1227.935712
1024,60,42,20,1215.537716
1024,60,42,21,1229.485289
1024,60,42,22,1228.357868
1024,60,42,23,1226.545835
1024,60,42,24,1217.954606
1024,60,42,25,1396.874323
1024,60,42,26,1219.366852
1024,60,42,27,1226.004874
1024,60,42,28,1218.377444
1024,60,42,29,1223.374926
1024,60,42,30,1230.020325
1024,60,42,31,1216.529497
1024,60,42,32,1227.795322
1024,60,42,33,1228.627116
1024,60,42,34,1225.669949
1024,60,42,35,1215.380633
1024,60,42,36,1226.784159
1024,60,42,37,1214.544659
1024,60,42,38,1228.372359
1024,60,42,39,1224.948688
1024,60,42,40,1225.919804
1024,60,42,41,1235.973821
1024,60,42,42,1243.083251
1024,60,42,43,1224.640993
1024,60,42,44,1212.088711
1024,60,42,45,1242.435104
1024,60,42,46,1227.546795
1024,60,42,47,1226.619580
1024,60,42,48,1214.134792
1024,60,42,49,1229.960597
1024,60,42,50,1227.628496
1024,60,42,51,1218.013574
1024,60,42,52,1213.760062
1024,60,42,53,1215.290885
1024,60,42,54,1403.548507
1024,60,42,55,1227.327975
1024,60,42,56,1212.272901
1024,60,42,57,1210.272271
1024,60,42,58,1244.352436
1024,60,42,59,1238.089301
1024,60,42,60,1231.109081
1024,60,43,1,1231.023005
1024,60,43,2,1227.983700
1024,60,43,3,1224.514812
1024,60,43,4,1226.761249
1024,60,43,5,1213.726685
1024,60,43,6,1227.465777
1024,60,43,7,1227.909711
1024,60,43,8,1228.000778
1024,60,43,9,1241.489951
1024,60,43,10,1225.657801
1024,60,43,11,1247.668763
1024,60,43,12,1220.414732
1024,60,43,13,1225.525866
1024,60,43,14,1226.477202
1024,60,43,15,1224.142232
1024,60,43,16,1228.517710
1024,60,43,17,1224.905040
1024,60,43,18,1231.542418
1024,60,43,19,1391.799016
1024,60,43,20,1226.732186
1024,60,43,21,1220.597062
1024,60,43,22,1225.535592
1024,60,43,23,1248.110449
1024,60,43,24,1217.457242
1024,60,43,25,1212.142261
1024,60,43,26,1214.440990
1024,60,43,27,1218.558020
1024,60,43,28,1230.704825
1024,60,43,29,1217.650584
1024,60,43,30,1229.572824
1024,60,43,31,1243.472132
1024,60,43,32,1221.614747
1024,60,43,33,1217.319993
1024,60,43,34,1216.002599
1024,60,43,35,1247.138348
1024,60,43,36,1219.503713
1024,60,43,37,1385.366291
1024,60,43,38,1384.183397
1024,60,43,39,1217.081323
1024,60,43,40,1226.720822
1024,60,43,41,1228.540518
1024,60,43,42,1228.116725
1024,60,43,43,1247.000796
1024,60,43,44,1233.010128
1024,60,43,45,1230.159024
1024,60,43,46,1221.311285
1024,60,43,47,1217.791762
1024,60,43,48,1228.375309
1024,60,43,49,1217.017085
1024,60,43,50,1223.718021
1024,60,43,51,1246.924626
1024,60,43,52,1235.451158
1024,60,43,53,1218.275487
1024,60,43,54,1241.782113
1024,60,43,55,1211.862795
1024,60,43,56,1234.290943
1024,60,43,57,1377.228852
1024,60,43,58,1213.823761
1024,60,43,59,1215.224075
1024,60,43,60,1393.930144
1024,60,44,1,1225.286939
1024,60,44,2,1213.585782
1024,60,44,3,1223.446930
1024,60,44,4,1231.057503
1024,60,44,5,1223.142071
1024,60,44,6,1241.656131
1024,60,44,7,1223.966665
1024,60,44,8,1407.379428
1024,60,44,9,1229.378162
1024,60,44,10,1456.618674
1024,60,44,11,1375.742082
1024,60,44,12,1227.657842
1024,60,44,13,1381.541975
1024,60,44,14,1377.053866
1024,60,44,15,1378.039100
1024,60,44,16,1219.801572
1024,60,44,17,1220.923527
1024,60,44,18,1218.666705
1024,60,44,19,1240.319397
1024,60,44,20,1393.876201
1024,60,44,21,1238.081234
1024,60,44,22,1370.756123
1024,60,44,23,1390.935788
1024,60,44,24,1242.790016
1024,60,44,25,1223.243150
1024,60,44,26,1228.270834
1024,60,44,27,1223.994904
1024,60,44,28,1220.577276
1024,60,44,29,1228.393061
1024,60,44,30,1241.355462
1024,60,44,31,1227.373279
1024,60,44,32,1216.326735
1024,60,44,33,1389.717236
1024,60,44,34,1376.964750
1024,60,44,35,1385.491578
1024,60,44,36,1228.013816
1024,60,44,37,1226.167678
1024,60,44,38,1210.498835
1024,60,44,39,1211.074154
1024,60,44,40,1231.273975
1024,60,44,41,1230.347345
1024,60,44,42,1223.367421
1024,60,44,43,1224.567479
1024,60,44,44,1228.217488
1024,60,44,45,1214.271417
1024,60,44,46,1227.888169
1024,60,44,47,1225.221471
1024,60,44,48,1230.856531
1024,60,44,49,1218.637353
1024,60,44,50,1216.021793
1024,60,44,51,1226.071967
1024,60,44,52,1228.386542
1024,60,44,53,1216.450737
1024,60,44,54,1231.174260
1024,60,44,55,1223.914930
1024,60,44,56,1216.015820
1024,60,44,57,1211.463130
1024,60,44,58,1230.408031
1024,60,44,59,1391.603040
1024,60,44,60,1230.607072
1024,60,45,1,1213.275570
1024,60,45,2,1227.384753
1024,60,45,3,1225.265962
1024,60,45,4,1213.859809
1024,60,45,5,1228.366950
1024,60,45,6,1235.261039
1024,60,45,7,1241.842368
1024,60,45,8,1220.905241
1024,60,45,9,1221.498664
1024,60,45,10,1240.580942
1024,60,45,11,1240.288100
1024,60,45,12,1215.151965
1024,60,45,13,1212.302505
1024,60,45,14,1234.062374
1024,60,45,15,1212.438120
1024,60,45,16,1392.680340
1024,60,45,17,1213.531419
1024,60,45,18,1222.590382
1024,60,45,19,1394.594851
1024,60,45,20,1393.133528
1024,60,45,21,1230.420073
1024,60,45,22,1220.573561
1024,60,45,23,1214.393485
1024,60,45,24,1226.294250
1024,60,45,25,1220.106828
1024,60,45,26,1224.639520
1024,60,45,27,1224.216136
1024,60,45,28,1221.056269
1024,60,45,29,1399.350038
1024,60,45,30,1224.761460
1024,60,45,31,1222.284589
1024,60,45,32,1225.653471
1024,60,45,33,1232.801774
1024,60,45,34,1216.037769
1024,60,45,35,1346.174281
1024,60,45,36,1228.090874
1024,60,45,37,1232.748164
1024,60,45,38,1229.917380
1024,60,45,39,1216.562950
1024,60,45,40,1223.226848
1024,60,45,41,1223.423277
1024,60,45,42,1216.400881
1024,60,45,43,1213.407562
1024,60,45,44,1220.597055
1024,60,45,45,1224.272664
1024,60,45,46,1219.328414
1024,60,45,47,1219.631824
1024,60,45,48,1226.855627
1024,60,45,49,1210.762429
1024,60,45,50,1230.823581
1024,60,45,51,1497.170937
1024,60,45,52,1224.889230
1024,60,45,53,1395.519629
1024,60,45,54,1218.265600
1024,60,45,55,1212.140576
1024,60,45,56,1227.393938
1024,60,45,57,1228.469623
1024,60,45,58,1233.889976
1024,60,45,59,1215.938306
1024,60,45,60,1227.569576
1024,60,46,1,1230.690069
1024,60,46,2,1217.577000
1024,60,46,3,1215.113960
1024,60,46,4,1214.206236
1024,60,46,5,1215.032157
1024,60,46,6,1225.917171
1024,60,46,7,1214.078338
1024,60,46,8,1390.033923
1024,60,46,9,1223.777739
1024,60,46,10,1217.621412
1024,60,46,11,1236.943615
1024,60,46,12,1222.895870
1024,60,46,13,1239.706773
1024,60,46,14,1245.951121
1024,60,46,15,1242.960465
1024,60,46,16,1225.172820
1024,60,46,17,1211.322715
1024,60,46,18,1219.833369
1024,60,46,19,1215.970424
1024,60,46,20,1237.164633
1024,60,46,21,1223.809689
1024,60,46,22,1239.473934
1024,60,46,23,1220.955847
1024,60,46,24,1227.081263
1024,60,46,25,1218.749224
1024,60,46,26,1213.624421
1024,60,46,27,1213.315913
1024,60,46,28,1232.101841
1024,60,46,29,1229.450990
1024,60,46,30,1397.827422
1024,60,46,31,1244.637199
1024,60,46,32,1241.359382
1024,60,46,33,1210.882125
1024,60,46,34,1211.993214
1024,60,46,35,1216.230794
1024,60,46,36,1224.442056
1024,60,46,37,1211.027627
1024,60,46,38,1238.604545
1024,60,46,39,1228.927142
1024,60,46,40,1213.704704
1024,60,46,41,1213.689748
1024,60,46,42,1225.061452
1024,60,46,43,1243.034953
1024,60,46,44,1241.281073
1024,60,46,45,1224.966414
1024,60,46,46,1239.394064
1024,60,46,47,1217.863798
1024,60,46,48,1237.483980
1024,60,46,49,1215.439479
1024,60,46,50,1226.156127
1024,60,46,51,1244.617045
1024,60,46,52,1228.454329
1024,60,46,53,1240.014024
1024,60,46,54,1215.898337
1024,60,46,55,1221.466613
1024,60,46,56,1216.453162
1024,60,46,57,1239.001963
1024,60,46,58,1214.508032
1024,60,46,59,1219.904567
1024,60,46,60,1224.474976
1024,60,47,1,1222.706139
1024,60,47,2,1241.605061
1024,60,47,3,1225.533202
1024,60,47,4,1247.770694
1024,60,47,5,1225.571018
1024,60,47,6,1218.125241
1024,60,47,7,1237.191963
1024,60,47,8,1224.433845
1024,60,47,9,1243.517811
1024,60,47,10,1244.485690
1024,60,47,11,1222.740133
1024,60,47,12,1218.209550
1024,60,47,13,1218.791933
1024,60,47,14,1218.291873
1024,60,47,15,1225.845992
1024,60,47,16,1217.628416
1024,60,47,17,1226.457907
1024,60,47,18,1239.827203
1024,60,47,19,1237.149318
1024,60,47,20,1222.731313
1024,60,47,21,1227.283466
1024,60,47,22,1210.459591
1024,60,47,23,1236.192233
1024,60,47,24,1225.728092
1024,60,47,25,1216.787172
1024,60,47,26,1239.920180
1024,60,47,27,1231.523843
1024,60,47,28,1209.756826
1024,60,47,29,1235.452181
1024,60,47,30,1225.645478
1024,60,47,31,1237.674228
1024,60,47,32,1224.877217
1024,60,47,33,1232.612927
1024,60,47,34,1227.416219
1024,60,47,35,1390.253338
1024,60,47,36,1229.213409
1024,60,47,37,1230.840170
1024,60,47,38,1229.435518
1024,60,47,39,1234.928565
1024,60,47,40,1214.322484
1024,60,47,41,1243.840057
1024,60,47,42,1228.160436
1024,60,47,43,1216.889035
1024,60,47,44,1215.201171
1024,60,47,45,1243.208782
1024,60,47,46,1215.207261
1024,60,47,47,1212.902468
1024,60,47,48,1379.631203
1024,60,47,49,1218.511531
1024,60,47,50,1212.012322
1024,60,47,51,1213.783505
1024,60,47,52,1385.963601
1024,60,47,53,1246.441856
1024,60,47,54,1220.573249
1024,60,47,55,1234.438198
1024,60,47,56,1227.563416
1024,60,47,57,1227.449138
1024,60,47,58,1225.104472
1024,60,47,59,1229.079531
1024,60,47,60,1215.777684
1024,60,48,1,1210.660362
1024,60,48,2,1217.587953
1024,60,48,3,1236.740199
1024,60,48,4,1208.790174
1024,60,48,5,1213.028552
1024,60,48,6,1215.881089
1024,60,48,7,1235.344761
1024,60,48,8,1213.124266
1024,60,48,9,1212.604124
1024,60,48,10,1223.503615
1024,60,48,11,1225.358852
1024,60,48,12,1216.811920
1024,60,48,13,1226.408419
1024,60,48,14,1229.068383
1024,60,48,15,1216.194667
1024,60,48,16,1209.543160
1024,60,48,17,1222.634179
1024,60,48,18,1224.131442
1024,60,48,19,1225.078280
1024,60,48,20,1218.278712
1024,60,48,21,1224.964587
1024,60,48,22,1218.740534
1024,60,48,23,1219.887510
1024,60,48,24,1409.378492
1024,60,48,25,1208.489895
1024,60,48,26,1214.816783
1024,60,48,27,1225.097678
1024,60,48,28,1218.872571
1024,60,48,29,1227.315155
1024,60,48,30,1222.090092
1024,60,48,31,1393.382029
1024,60,48,32,1225.218170
1024,60,48,33,1223.361682
1024,60,48,34,1408.848127
1024,60,48,35,1229.082425
1024,60,48,36,1220.387717
1024,60,48,37,1230.896646
1024,60,48,38,1227.086997
1024,60,48,39,1222.191478
1024,60,48,40,1220.502890
1024,60,48,41,1389.733577
1024,60,48,42,1221.416473
1024,60,48,43,1224.452777
1024,60,48,44,1218.718761
1024,60,48,45,1220.338458
1024,60,48,46,1221.888544
1024,60,48,47,1237.588261
1024,60,48,48,1422.004542
1024,60,48,49,1221.949166
1024,60,48,50,1224.843929
1024,60,48,51,1216.673898
1024,60,48,52,1222.842505
1024,60,48,53,1213.559844
1024,60,48,54,1219.310527
1024,60,48,55,1226.198176
1024,60,48,56,1221.967221
1024,60,48,57,1212.909342
1024,60,48,58,1222.993195
1024,60,48,59,1217.917013
1024,60,48,60,1222.080523
1024,60,49,1,1220.865227
1024,60,49,2,1224.067465
1024,60,49,3,1391.800827
1024,60,49,4,1220.025387
1024,60,49,5,1209.640082
1024,60,49,6,1220.804911
1024,60,49,7,1225.661474
1024,60,49,8,1223.963433
1024,60,49,9,1220.503361
1024,60,49,10,1237.445424
1024,60,49,11,1212.323743
1024,60,49,12,1226.202079
1024,60,49,13,1213.757773
1024,60,49,14,1228.369060
1024,60,49,15,1223.076912
1024,60,49,16,1241.775730
1024,60,49,17,1225.813633
1024,60,49,18,1215.639413
1024,60,49,19,1218.131885
1024,60,49,20,1220.361339
1024,60,49,21,1220.819489
1024,60,49,22,1216.338295
1024,60,49,23,1227.956829
1024,60,49,24,1223.234549
1024,60,49,25,1390.107578
1024,60,49,26,1220.359185
1024,60,49,27,1391.323611
1024,60,49,28,1220.782882
1024,60,49,29,1228.479793
1024,60,49,30,1393.083036
1024,60,49,31,1222.287865
1024,60,49,32,1225.512310
1024,60,49,33,1211.582672
1024,60,49,34,1225.764136
1024,60,49,35,1223.439571
1024,60,49,36,1224.873662
1024,60,49,37,1225.466118
1024,60,49,38,1219.768867
1024,60,49,39,1222.610979
1024,60,49,40,1225.968386
1024,60,49,41,1224.522063
1024,60,49,42,1226.361211
1024,60,49,43,1221.928372
1024,60,49,44,1235.737652
1024,60,49,45,1216.598194
1024,60,49,46,1212.252521
1024,60,49,47,1226.776799
1024,60,49,48,1216.334299
1024,60,49,49,1224.137752
1024,60,49,50,1222.135085
1024,60,49,51,1221.005985
1024,60,49,52,1223.633001
1024,60,49,53,1396.212395
1024,60,49,54,1211.404480
1024,60,49,55,1221.753156
1024,60,49,56,1218.879278
1024,60,49,57,1227.171892
1024,60,49,58,1215.507660
1024,60,49,59,1383.536240
1024,60,49,60,1222.533632
1024,60,50,1,1224.056837
1024,60,50,2,1212.542716
1024,60,50,3,1222.300008
1024,60,50,4,1219.960148
1024,60,50,5,1397.398736
1024,60,50,6,1222.161017
1024,60,50,7,1222.097829
1024,60,50,8,1225.373022
1024,60,50,9,1224.979789
1024,60,50,10,1224.513711
1024,60,50,11,1213.145104
1024,60,50,12,1218.922478
1024,60,50,13,1225.918959
1024,60,50,14,1388.113971
1024,60,50,15,1222.142253
1024,60,50,16,1225.041987
1024,60,50,17,1228.922427
1024,60,50,18,1225.867813
1024,60,50,19,1392.513023
1024,60,50,20,1223.497002
1024,60,50,21,1230.147815
1024,60,50,22,1216.970158
1024,60,50,23,1229.774164
1024,60,50,24,1227.548543
1024,60,50,25,1226.088593
1024,60,50,26,1229.201692
1024,60,50,27,1218.961560
1024,60,50,28,1227.844648
1024,60,50,29,1229.048493
1024,60,50,30,1226.259174
1024,60,50,31,1224.644960
1024,60,50,32,1224.974101
1024,60,50,33,1220.777198
1024,60,50,34,1227.868497
1024,60,50,35,1224.579497
1024,60,50,36,1223.009886
1024,60,50,37,1386.826174
1024,60,50,38,1221.051713
1024,60,50,39,1221.866181
1024,60,50,40,1225.507696
1024,60,50,41,1221.171995
1024,60,50,42,1224.700981
1024,60,50,43,1221.597243
1024,60,50,44,1384.807747
1024,60,50,45,1213.333029
1024,60,50,46,1218.226127
1024,60,50,47,1223.777351
1024,60,50,48,1224.753750
1024,60,50,49,1224.483274
1024,60,50,50,1222.114590
1024,60,50,51,1222.660313
1024,60,50,52,1226.376964
1024,60,50,53,1215.167302
1024,60,50,54,1218.516166
1024,60,50,55,1212.842715
1024,60,50,56,1224.860143
1024,60,50,57,1219.922685
1024,60,50,58,1222.744645
1024,60,50,59,1228.350578
1024,60,50,60,1212.467999
8192,1,1,1,10511.859756
8192,1,2,1,10315.282158
8192,1,3,1,10198.372916
8192,1,4,1,10153.003379
8192,1,5,1,10240.684821
8192,1,6,1,12082.978077
8192,1,7,1,10235.530049
8192,1,8,1,10247.505514
8192,1,9,1,10200.217830
8192,1,10,1,11843.880417
8192,1,11,1,10311.039370
8192,1,12,1,10225.950488
8192,1,13,1,10113.267693
8192,1,14,1,10249.587312
8192,1,15,1,10139.581289
8192,1,16,1,10251.944383
8192,1,17,1,11189.053732
8192,1,18,1,10248.933181
8192,1,19,1,12054.815014
8192,1,20,1,10224.904786
8192,1,21,1,10326.100125
8192,1,22,1,10481.047591
8192,1,23,1,10399.657284
8192,1,24,1,12082.237267
8192,1,25,1,10287.165820
8192,1,26,1,10269.696842
8192,1,27,1,10200.569502
8192,1,28,1,10410.222337
8192,1,29,1,10292.596667
8192,1,30,1,10176.278157
8192,1,31,1,12062.989152
8192,1,32,1,12035.293798
8192,1,33,1,10225.095099
8192,1,34,1,10269.612506
8192,1,35,1,10257.709170
8192,1,36,1,10278.186795
8192,1,37,1,10196.219133
8192,1,38,1,10240.621310
8192,1,39,1,10197.154879
8192,1,40,1,10252.632764
8192,1,41,1,10214.281190
8192,1,42,1,10455.606070
8192,1,43,1,10325.205047
8192,1,44,1,10334.720147
8192,1,45,1,10362.916845
8192,1,46,1,10362.719784
8192,1,47,1,10156.279543
8192,1,48,1,12011.642125
8192,1,49,1,10276.382367
8192,1,50,1,10237.147089
8192,3,1,1,10162.072494
8192,3,1,2,10296.216042
8192,3,1,3,10235.366763
8192,3,2,1,10256.815584
8192,3,2,2,10182.624726
8192,3,2,3,10286.709297
8192,3,3,1,10264.255156
8192,3,3,2,10140.266843
8192,3,3,3,10176.797248
8192,3,4,1,12101.435172
8192,3,4,2,10291.807563
8192,3,4,3,10291.460550
8192,3,5,1,10288.987737
8192,3,5,2,10160.269271
8192,3,5,3,10262.751605
8192,3,6,1,10267.065295
8192,3,6,2,10252.789159
8192,3,6,3,10325.521657
8192,3,7,1,10386.999244
8192,3,7,2,10327.484053
8192,3,7,3,10341.811304
8192,3,8,1,12034.149645
8192,3,8,2,10180.016916
8192,3,8,3,10153.775400
8192,3,9,1,11154.002620
8192,3,9,2,10164.485826
8192,3,9,3,10256.632949
8192,3,10,1,10308.244893
8192,3,10,2,10231.449941
8192,3,10,3,10224.172740
8192,3,11,1,10379.769681
8192,3,11,2,10242.198766
8192,3,11,3,10291.558173
8192,3,12,1,10367.146026
8192,3,12,2,11814.924712
8192,3,12,3,10312.308238
8192,3,13,1,12182.586471
8192,3,13,2,11858.684270
8192,3,13,3,10287.850345
8192,3,14,1,10315.645414
8192,3,14,2,10321.535432
8192,3,14,3,10345.762455
8192,3,15,1,10402.498038
8192,3,15,2,10321.973255
8192,3,15,3,10170.368686
8192,3,16,1,10263.324301
8192,3,16,2,10270.093973
8192,3,16,3,10244.594710
8192,3,17,1,10268.362328
8192,3,17,2,10218.960571
8192,3,17,3,10264.354316
8192,3,18,1,12123.690193
8192,3,18,2,10254.173684
8192,3,18,3,10217.663670
8192,3,19,1,10155.619547
8192,3,19,2,10248.395426
8192,3,19,3,10250.936624
8192,3,20,1,10303.907117
8192,3,20,2,10247.021705
8192,3,20,3,10293.854277
8192,3,21,1,10149.637593
8192,3,21,2,12014.696931
8192,3,21,3,10272.561319
8192,3,22,1,10260.574776
8192,3,22,2,10335.472883
8192,3,22,3,10293.833461
8192,3,23,1,10319.510079
8192,3,23,2,10283.675118
8192,3,23,3,12017.896761
8192,3,24,1,10238.245638
8192,3,24,2,10187.069779
8192,3,24,3,10234.254059
8192,3,25,1,10242.550534
8192,3,25,2,10278.644769
8192,3,25,3,10183.105056
8192,3,26,1,10235.328107
8192,3,26,2,10254.561634
8192,3,26,3,10287.668620
8192,3,27,1,10263.692963
8192,3,27,2,10198.015725
8192,3,27,3,10295.981185
8192,3,28,1,10263.126219
8192,3,28,2,10221.249504
8192,3,28,3,12098.288821
8192,3,29,1,10261.704082
8192,3,29,2,10258.632135
8192,3,29,3,10371.457025
8192,3,30,1,10341.399666
8192,3,30,2,10342.479000
8192,3,30,3,10349.462594
8192,3,31,1,10295.766344
8192,3,31,2,10321.346511
8192,3,31,3,10206.966452
8192,3,32,1,12102.218963
8192,3,32,2,10247.578616
8192,3,32,3,10246.948050
8192,3,33,1,12127.283276
8192,3,33,2,10227.358215
8192,3,33,3,10283.887526
8192,3,34,1,10332.747430
8192,3,34,2,10260.213499
8192,3,34,3,10232.855945
8192,3,35,1,10230.109784
8192,3,35,2,10260.051498
8192,3,35,3,12062.175186
8192,3,36,1,10266.852771
8192,3,36,2,10292.180782
8192,3,36,3,10215.476861
8192,3,37,1,10208.312186
8192,3,37,2,10275.345481
8192,3,37,3,10284.029731
8192,3,38,1,12134.330712
8192,3,38,2,10324.234852
8192,3,38,3,10348.036341
8192,3,39,1,10417.795220
8192,3,39,2,10275.447855
8192,3,39,3,10157.240328
8192,3,40,1,10290.945723
8192,3,40,2,10255.091980
8192,3,40,3,10335.893563
8192,3,41,1,10247.971433
8192,3,41,2,10328.322050
8192,3,41,3,10351.821711
8192,3,42,1,10267.890414
8192,3,42,2,12131.457202
8192,3,42,3,10284.124929
8192,3,43,1,10319.219926
8192,3,43,2,10227.408080
8192,3,43,3,10319.891012
8192,3,44,1,12054.401546
8192,3,44,2,10312.751411
8192,3,44,3,10405.497133
8192,3,45,1,10307.653457
8192,3,45,2,10327.647901
8192,3,45,3,10237.139458
8192,3,46,1,10361.599460
8192,3,46,2,10395.974892
8192,3,46,3,10376.015468
8192,3,47,1,10308.144761
8192,3,47,2,10338.466127
8192,3,47,3,10231.978824
8192,3,48,1,10325.113977
8192,3,48,2,10266.020850
8192,3,48,3,10304.088868
8192,3,49,1,10209.734239
8192,3,49,2,10245.051481
8192,3,49,3,10301.984808
8192,3,50,1,10240.267344
8192,3,50,2,10418.677744
8192,3,50,3,10330.122743
8192,5,1,1,10181.558263
8192,5,1,2,10351.612442
8192,5,1,3,10229.973768
8192,5,1,4,10173.446583
8192,5,1,5,10203.877687
8192,5,2,1,10295.637377
8192,5,2,2,11383.797834
8192,5,2,3,10234.189960
8192,5,2,4,10370.960125
8192,5,2,5,12078.102341
8192,5,3,1,10298.957426
8192,5,3,2,10301.301064
8192,5,3,3,10276.473705
8192,5,3,4,10211.894152
8192,5,3,5,11368.288299
8192,5,4,1,10290.437191
8192,5,4,2,10260.212221
8192,5,4,3,10329.683673
8192,5,4,4,10240.117594
8192,5,4,5,10254.397748
8192,5,5,1,10276.137261
8192,5,5,2,10293.389075
8192,5,5,3,10328.596606
8192,5,5,4,10279.031339
8192,5,5,5,10250.080994
8192,5,6,1,10217.966203
8192,5,6,2,12138.730007
8192,5,6,3,10241.934481
8192,5,6,4,10259.748953
8192,5,6,5,10294.290945
8192,5,7,1,10231.168776
8192,5,7,2,10223.997434
8192,5,7,3,10324.047887
8192,5,7,4,10265.229271
8192,5,7,5,10321.203200
8192,5,8,1,10331.126480
8192,5,8,2,10399.460824
8192,5,8,3,10255.298886
8192,5,8,4,10301.232338
8192,5,8,5,10265.450047
8192,5,9,1,10242.669333
8192,5,9,2,10323.367270
8192,5,9,3,10325.696731
8192,5,9,4,10310.324434
8192,5,9,5,10240.030689
8192,5,10,1,10251.569397
8192,5,10,2,10297.913917
8192,5,10,3,10215.868102
8192,5,10,4,10299.680482
8192,5,10,5,10464.245686
8192,5,11,1,10277.771912
8192,5,11,2,10234.101051
8192,5,11,3,10312.452553
8192,5,11,4,10286.032925
8192,5,11,5,10200.229447
8192,5,12,1,10258.197642
8192,5,12,2,10315.531872
8192,5,12,3,12072.618653
8192,5,12,4,10311.893963
8192,5,12,5,10307.868021
8192,5,13,1,10299.580220
8192,5,13,2,10285.728335
8192,5,13,3,10255.836226
8192,5,13,4,10389.606515
8192,5,13,5,10173.015081
8192,5,14,1,10312.943653
8192,5,14,2,10394.384457
8192,5,14,3,10222.114314
8192,5,14,4,10230.018138
8192,5,14,5,10242.530629
8192,5,15,1,10350.497364
8192,5,15,2,10230.655877
8192,5,15,3,10273.081677
8192,5,15,4,10208.974435
8192,5,15,5,10276.883521
8192,5,16,1,10271.706714
8192,5,16,2,10258.105066
8192,5,16,3,10280.438170
8192,5,16,4,10219.646449
8192,5,16,5,10304.863858
8192,5,17,1,10286.848164
8192,5,17,2,10404.100434
8192,5,17,3,10420.451719
8192,5,17,4,10394.958362
8192,5,17,5,10385.344920
8192,5,18,1,10297.624251
8192,5,18,2,10197.404864
8192,5,18,3,10281.930560
8192,5,18,4,10270.713128
8192,5,18,5,10252.589704
8192,5,19,1,10183.987243
8192,5,19,2,10239.099276
8192,5,19,3,10311.597428
8192,5,19,4,10769.084444
8192,5,19,5,10834.533994
8192,5,20,1,10247.895411
8192,5,20,2,10269.792112
8192,5,20,3,10213.512511
8192,5,20,4,10267.810846
8192,5,20,5,10208.491268
8192,5,21,1,10453.969186
8192,5,21,2,10264.274005
8192,5,21,3,10370.548878
8192,5,21,4,10408.351624
8192,5,21,5,10194.395194
8192,5,22,1,10224.624004
8192,5,22,2,10510.343352
8192,5,22,3,10495.465210
8192,5,22,4,10498.305867
8192,5,22,5,10290.447373
8192,5,23,1,10204.522204
8192,5,23,2,10211.141019
8192,5,23,3,12208.810736
8192,5,23,4,10203.257394
8192,5,23,5,10206.253823
8192,5,24,1,10277.097701
8192,5,24,2,10238.522207
8192,5,24,3,10245.380124
8192,5,24,4,10889.561201
8192,5,24,5,10227.474753
8192,5,25,1,10242.903416
8192,5,25,2,10373.754061
8192,5,25,3,10198.391393
8192,5,25,4,10385.473632
8192,5,25,5,10243.112067
8192,5,26,1,10310.100145
8192,5,26,2,10211.857775
8192,5,26,3,10307.534754
8192,5,26,4,10319.135942
8192,5,26,5,10304.233483
8192,5,27,1,10501.482031
8192,5,27,2,10350.507303
8192,5,27,3,10339.957946
8192,5,27,4,10238.717458
8192,5,27,5,10215.226233
8192,5,28,1,10236.635942
8192,5,28,2,10269.399102
8192,5,28,3,10228.834466
8192,5,28,4,10225.715970
8192,5,28,5,10392.959737
8192,5,29,1,10421.697296
8192,5,29,2,10323.767586
8192,5,29,3,10434.111647
8192,5,29,4,10219.429626
8192,5,29,5,10194.405598
8192,5,30,1,10227.223295
8192,5,30,2,10356.776942
8192,5,30,3,10419.417544
8192,5,30,4,10326.305641
8192,5,30,5,12136.650305
8192,5,31,1,10205.737284
8192,5,31,2,10304.312763
8192,5,31,3,10261.856542
8192,5,31,4,10435.719911
8192,5,31,5,10394.332160
8192,5,32,1,10379.977912
8192,5,32,2,10293.475851
8192,5,32,3,10185.967192
8192,5,32,4,10309.858021
8192,5,32,5,10302.602613
8192,5,33,1,10980.433305
8192,5,33,2,10938.066588
8192,5,33,3,10245.041002
8192,5,33,4,10256.820170
8192,5,33,5,10299.625303
8192,5,34,1,10240.175514
8192,5,34,2,10195.550010
8192,5,34,3,10196.597934
8192,5,34,4,10282.141439
8192,5,34,5,10556.647597
8192,5,35,1,10336.896190
8192,5,35,2,10446.821134
8192,5,35,3,10345.651684
8192,5,35,4,12129.085468
8192,5,35,5,10310.310893
8192,5,36,1,10276.463963
8192,5,36,2,10346.477930
8192,5,36,3,10387.506636
8192,5,36,4,10429.931260
8192,5,36,5,10463.784318
8192,5,37,1,10224.749755
8192,5,37,2,10277.488432
8192,5,37,3,10298.634692
8192,5,37,4,10310.859969
8192,5,37,5,10266.157434
8192,5,38,1,10313.477730
8192,5,38,2,10224.535175
8192,5,38,3,10222.754533
8192,5,38,4,10270.627080
8192,5,38,5,10360.036338
8192,5,39,1,10332.163006
8192,5,39,2,10294.466836
8192,5,39,3,10238.286507
8192,5,39,4,10343.989894
8192,5,39,5,10246.443614
8192,5,40,1,10215.270596
8192,5,40,2,10261.388796
8192,5,40,3,10311.840809
8192,5,40,4,10266.909629
8192,5,40,5,10248.172229
8192,5,41,1,10279.585446
8192,5,41,2,10306.198754
8192,5,41,3,10353.161179
8192,5,41,4,10445.995420
8192,5,41,5,10373.287409
8192,5,42,1,10338.369464
8192,5,42,2,12039.607384
8192,5,42,3,10257.587226
8192,5,42,4,10372.305782
8192,5,42,5,10352.909365
8192,5,43,1,10301.528802
8192,5,43,2,10410.483055
8192,5,43,3,10331.729538
8192,5,43,4,10245.507734
8192,5,43,5,10242.864452
8192,5,44,1,10296.114570
8192,5,44,2,10344.413926
8192,5,44,3,10264.359859
8192,5,44,4,10335.757525
8192,5,44,5,10303.392618
8192,5,45,1,10294.007108
8192,5,45,2,10299.607920
8192,5,45,3,10317.117609
8192,5,45,4,10250.824054
8192,5,45,5,10311.607809
8192,5,46,1,10353.201712
8192,5,46,2,10341.348328
8192,5,46,3,10355.444316
8192,5,46,4,10241.428424
8192,5,46,5,10196.827960
8192,5,47,1,10184.514090
8192,5,47,2,10327.080676
8192,5,47,3,10236.280266
8192,5,47,4,10418.469855
8192,5,47,5,10265.332111
8192,5,48,1,10276.186466
8192,5,48,2,10313.815565
8192,5,48,3,10224.724824
8192,5,48,4,10286.503428
8192,5,48,5,10331.203408
8192,5,49,1,12129.601745
8192,5,49,2,12097.086953
8192,5,49,3,10322.301725
8192,5,49,4,10289.143990
8192,5,49,5,10346.438426
8192,5,50,1,10314.175283
8192,5,50,2,12150.313686
8192,5,50,3,10304.433061
8192,5,50,4,12100.659028
8192,5,50,5,12074.727087
8192,10,1,1,10417.522087
8192,10,1,2,10391.119757
8192,10,1,3,10286.421413
8192,10,1,4,10316.440715
8192,10,1,5,11305.552454
8192,10,1,6,12071.037058
8192,10,1,7,12131.402869
8192,10,1,8,11005.232151
8192,10,1,9,10215.187424
8192,10,1,10,12088.814499
8192,10,2,1,10295.501602
8192,10,2,2,12080.500003
8192,10,2,3,10843.322988
8192,10,2,4,12075.054948
8192,10,2,5,12065.814844
8192,10,2,6,10982.264669
8192,10,2,7,12068.376056
8192,10,2,8,10262.526918
8192,10,2,9,10270.386831
8192,10,2,10,12030.977871
8192,10,3,1,10451.648579
8192,10,3,2,10798.646076
8192,10,3,3,10552.781183
8192,10,3,4,10521.871767
8192,10,3,5,10339.111894
8192,10,3,6,10330.651939
8192,10,3,7,10414.367184
8192,10,3,8,10289.487071
8192,10,3,9,10317.171268
8192,10,3,10,12159.086105
8192,10,4,1,10319.450838
8192,10,4,2,12146.801359
8192,10,4,3,10363.921317
8192,10,4,4,12132.715076
8192,10,4,5,10348.989800
8192,10,4,6,10261.907001
8192,10,4,7,12258.760108
8192,10,4,8,10298.729094
8192,10,4,9,10279.703517
8192,10,4,10,12383.760159
8192,10,5,1,10396.287528
8192,10,5,2,10388.734510
8192,10,5,3,10221.717776
8192,10,5,4,10300.017620
8192,10,5,5,10354.658518
8192,10,5,6,10346.197877
8192,10,5,7,10303.590617
8192,10,5,8,12091.350095
8192,10,5,9,10379.257369
8192,10,5,10,10276.657508
8192,10,6,1,12263.005021
8192,10,6,2,10409.898147
8192,10,6,3,10308.766122
8192,10,6,4,10308.110542
8192,10,6,5,10341.539666
8192,10,6,6,10320.547122
8192,10,6,7,10286.577102
8192,10,6,8,10298.997757
8192,10,6,9,10297.369126
8192,10,6,10,10391.721322
8192,10,7,1,10296.368643
8192,10,7,2,10353.094006
8192,10,7,3,11163.396910
8192,10,7,4,10306.106789
8192,10,7,5,10414.886349
8192,10,7,6,10417.770638
8192,10,7,7,10422.035427
8192,10,7,8,11687.860891
8192,10,7,9,10525.803469
8192,10,7,10,10529.639708
8192,10,8,1,12042.020720
8192,10,8,2,10438.171409
8192,10,8,3,10421.867784
8192,10,8,4,10307.543783
8192,10,8,5,11383.207252
8192,10,8,6,10290.006586
8192,10,8,7,12164.184620
8192,10,8,8,10267.348689
8192,10,8,9,10400.171261
8192,10,8,10,10331.320632
8192,10,9,1,10312.139063
8192,10,9,2,12144.818417
8192,10,9,3,12081.457035
8192,10,9,4,10291.091347
8192,10,9,5,10296.332414
8192,10,9,6,11146.047693
8192,10,9,7,11710.443282
8192,10,9,8,12077.026279
8192,10,9,9,10270.078696
8192,10,9,10,10409.852251
8192,10,10,1,12118.741046
8192,10,10,2,10378.484268
8192,10,10,3,10369.875870
8192,10,10,4,12036.086152
8192,10,10,5,10281.584223
8192,10,10,6,12078.223103
8192,10,10,7,10289.089316
8192,10,10,8,12106.152752
8192,10,10,9,10285.240183
8192,10,10,10,12119.285321
8192,10,11,1,10312.371667
8192,10,11,2,10280.372597
8192,10,11,3,10432.881856
8192,10,11,4,10220.155949
8192,10,11,5,10271.061605
8192,10,11,6,11286.912254
8192,10,11,7,10311.049367
8192,10,11,8,10403.301934
8192,10,11,9,10426.060712
8192,10,11,10,12069.516601
8192,10,12,1,10436.049520
8192,10,12,2,10447.639839
8192,10,12,3,10412.033049
8192,10,12,4,10461.850629
8192,10,12,5,10399.784208
8192,10,12,6,10380.814803
8192,10,12,7,10314.921270
8192,10,12,8,10290.266995
8192,10,12,9,11600.195384
8192,10,12,10,10435.166244
8192,10,13,1,10246.766297
8192,10,13,2,12163.186293
8192,10,13,3,10385.205290
8192,10,13,4,10357.708453
8192,10,13,5,10219.613238
8192,10,13,6,12015.475937
8192,10,13,7,10279.415351
8192,10,13,8,10361.284544
8192,10,13,9,10337.845975
8192,10,13,10,10272.136198
8192,10,14,1,10347.335221
8192,10,14,2,10275.378082
8192,10,14,3,12118.764558
8192,10,14,4,10344.714371
8192,10,14,5,10243.280411
8192,10,14,6,10356.478157
8192,10,14,7,10365.474824
8192,10,14,8,10339.532573
8192,10,14,9,12183.241833
8192,10,14,10,10394.084569
8192,10,15,1,10313.736196
8192,10,15,2,11362.133727
8192,10,15,3,10198.832016
8192,10,15,4,10266.651035
8192,10,15,5,10251.643027
8192,10,15,6,10244.604750
8192,10,15,7,10279.705124
8192,10,15,8,11264.538921
8192,10,15,9,10196.193072
8192,10,15,10,10200.396110
8192,10,16,1,10343.429790
8192,10,16,2,10215.939743
8192,10,16,3,10333.565776
8192,10,16,4,10364.951600
8192,10,16,5,10221.700886
8192,10,16,6,10323.519217
8192,10,16,7,10325.017762
8192,10,16,8,10271.072410
8192,10,16,9,10320.262761
8192,10,16,10,10311.690839
8192,10,17,1,10359.938095
8192,10,17,2,10370.810938
8192,10,17,3,10433.159403
8192,10,17,4,10438.658347
8192,10,17,5,10342.393632
8192,10,17,6,10201.881376
8192,10,17,7,10307.358487
8192,10,17,8,10330.084210
8192,10,17,9,10356.174121
8192,10,17,10,10341.501556
8192,10,18,1,10284.918574
8192,10,18,2,10318.729006
8192,10,18,3,10325.474287
8192,10,18,4,10346.708105
8192,10,18,5,10234.601743
8192,10,18,6,10504.615676
8192,10,18,7,10355.409656
8192,10,18,8,10275.515350
8192,10,18,9,10367.146138
8192,10,18,10,10343.507738
8192,10,19,1,10338.307958
8192,10,19,2,10307.737773
8192,10,19,3,10237.941226
8192,10,19,4,10339.400041
8192,10,19,5,10315.113526
8192,10,19,6,10340.811795
8192,10,19,7,10355.054516
8192,10,19,8,10359.608181
8192,10,19,9,10383.276564
8192,10,19,10,10265.772971
8192,10,20,1,10304.253776
8192,10,20,2,10486.211002
8192,10,20,3,10297.957173
8192,10,20,4,10234.884580
8192,10,20,5,10240.818027
8192,10,20,6,10250.220381
8192,10,20,7,12169.968425
8192,10,20,8,10326.580399
8192,10,20,9,12104.799398
8192,10,20,10,10447.214333
8192,10,21,1,10249.735289
8192,10,21,2,10326.507164
8192,10,21,3,10326.398532
8192,10,21,4,10298.948670
8192,10,21,5,10240.351337
8192,10,21,6,10238.114393
8192,10,21,7,10401.877349
8192,10,21,8,10209.681947
8192,10,21,9,10285.131667
8192,10,21,10,10336.671469
8192,10,22,1,10407.473614
8192,10,22,2,10431.181015
8192,10,22,3,10328.511106
8192,10,22,4,10215.530816
8192,10,22,5,10541.052776
8192,10,22,6,10677.883973
8192,10,22,7,10319.353000
8192,10,22,8,10208.386827
8192,10,22,9,10356.319609
8192,10,22,10,10361.171730
8192,10,23,1,10219.728998
8192,10,23,2,10329.180268
8192,10,23,3,10306.356908
8192,10,23,4,10202.869194
8192,10,23,5,10360.637072
8192,10,23,6,10282.197857
8192,10,23,7,10333.568353
8192,10,23,8,10306.483771
8192,10,23,9,10219.458781
8192,10,23,10,10327.783762
8192,10,24,1,10334.075251
8192,10,24,2,10234.347033
8192,10,24,3,10243.253351
8192,10,24,4,10339.834546
8192,10,24,5,10373.196427
8192,10,24,6,10337.897467
8192,10,24,7,10260.497665
8192,10,24,8,10329.473451
8192,10,24,9,10216.647016
8192,10,24,10,10199.756009
8192,10,25,1,10208.171089
8192,10,25,2,10316.862942
8192,10,25,3,10342.869698
8192,10,25,4,10242.498123
8192,10,25,5,10284.394252
8192,10,25,6,10215.993363
8192,10,25,7,10312.655357
8192,10,25,8,10322.170947
8192,10,25,9,10249.783370
8192,10,25,10,10238.139493
8192,10,26,1,10302.086277
8192,10,26,2,10205.084785
8192,10,26,3,10311.732388
8192,10,26,4,10256.991378
8192,10,26,5,10250.299172
8192,10,26,6,10215.344563
8192,10,26,7,10237.869575
8192,10,26,8,10329.617039
8192,10,26,9,10319.964129
8192,10,26,10,10376.883234
8192,10,27,1,10251.260657
8192,10,27,2,10268.739306
8192,10,27,3,10273.782646
8192,10,27,4,10197.157480
8192,10,27,5,10259.007595
8192,10,27,6,10633.801010
8192,10,27,7,10251.460188
8192,10,27,8,10267.185181
8192,10,27,9,10212.589296
8192,10,27,10,10238.367394
8192,10,28,1,10307.497352
8192,10,28,2,10237.414053
8192,10,28,3,10315.701708
8192,10,28,4,10345.533879
8192,10,28,5,12137.201022
8192,10,28,6,10349.217832
8192,10,28,7,12131.905511
8192,10,28,8,10226.958648
8192,10,28,9,12130.493577
8192,10,28,10,12146.147416
8192,10,29,1,11437.987360
8192,10,29,2,10440.524638
8192,10,29,3,10454.266156
8192,10,29,4,10440.990196
8192,10,29,5,10376.812725
8192,10,29,6,10347.362228
8192,10,29,7,10324.665722
8192,10,29,8,12163.997423
8192,10,29,9,10334.212715
8192,10,29,10,10336.247701
8192,10,30,1,11047.486255
8192,10,30,2,10379.892795
8192,10,30,3,10338.366717
8192,10,30,4,10343.953998
8192,10,30,5,10334.691492
8192,10,30,6,10333.723152
8192,10,30,7,10330.812702
8192,10,30,8,12152.103241
8192,10,30,9,10266.639949
8192,10,30,10,10329.736152
8192,10,31,1,10318.660600
8192,10,31,2,10333.244381
8192,10,31,3,10607.956519
8192,10,31,4,10264.054208
8192,10,31,5,10396.919641
8192,10,31,6,12089.703043
8192,10,31,7,10704.134418
8192,10,31,8,10311.627004
8192,10,31,9,10261.492094
8192,10,31,10,10294.434261
8192,10,32,1,12117.718954
8192,10,32,2,10272.480174
8192,10,32,3,11350.218605
8192,10,32,4,10882.872110
8192,10,32,5,10286.201989
8192,10,32,6,10339.568184
8192,10,32,7,12199.817967
8192,10,32,8,12180.140695
8192,10,32,9,11998.171236
8192,10,32,10,10388.853129
8192,10,33,1,10282.676771
8192,10,33,2,10278.786624
8192,10,33,3,10352.326163
8192,10,33,4,10346.203910
8192,10,33,5,12096.403814
8192,10,33,6,12106.011280
8192,10,33,7,10356.923618
8192,10,33,8,10353.608157
8192,10,33,9,10351.069388
8192,10,33,10,10327.006175
8192,10,34,1,10347.886865
8192,10,34,2,10286.157939
8192,10,34,3,10351.577473
8192,10,34,4,10282.090111
8192,10,34,5,10282.276648
8192,10,34,6,10230.721155
8192,10,34,7,10295.121885
8192,10,34,8,10277.535237
8192,10,34,9,10338.791539
8192,10,34,10,12129.401701
8192,10,35,1,10318.375888
8192,10,35,2,10249.442781
8192,10,35,3,12033.783958
8192,10,35,4,10280.190310
8192,10,35,5,10333.578719
8192,10,35,6,10216.127281
8192,10,35,7,10375.541152
8192,10,35,8,10360.323578
8192,10,35,9,10397.025346
8192,10,35,10,10335.059714
8192,10,36,1,10318.846622
8192,10,36,2,10360.243972
8192,10,36,3,10433.152893
8192,10,36,4,10439.957213
8192,10,36,5,12052.585491
8192,10,36,6,10300.163323
8192,10,36,7,10358.841306
8192,10,36,8,12063.872818
8192,10,36,9,10325.448708
8192,10,36,10,10229.359552
8192,10,37,1,10299.137284
8192,10,37,2,10391.566678
8192,10,37,3,10332.774956
8192,10,37,4,10316.911358
8192,10,37,5,10377.237153
8192,10,37,6,10297.896454
8192,10,37,7,10270.283479
8192,10,37,8,10239.499226
8192,10,37,9,10265.934832
8192,10,37,10,10239.246591
8192,10,38,1,10315.490444
8192,10,38,2,10391.974528
8192,10,38,3,10295.105574
8192,10,38,4,10341.338247
8192,10,38,5,10266.416043
8192,10,38,6,10293.326431
8192,10,38,7,10376.335996
8192,10,38,8,10325.292660
8192,10,38,9,10240.407631
8192,10,38,10,10357.795105
8192,10,39,1,10321.062523
8192,10,39,2,10268.453638
8192,10,39,3,10266.518402
8192,10,39,4,10229.156077
8192,10,39,5,10255.960446
8192,10,39,6,10273.674041
8192,10,39,7,10261.601361
8192,10,39,8,10251.172658
8192,10,39,9,10213.213463
8192,10,39,10,10197.897509
8192,10,40,1,10234.538821
8192,10,40,2,10264.495796
8192,10,40,3,10222.919402
8192,10,40,4,10236.844332
8192,10,40,5,10266.761757
8192,10,40,6,10196.391241
8192,10,40,7,10237.500557
8192,10,40,8,10323.594281
8192,10,40,9,10319.816034
8192,10,40,10,10392.105787
8192,10,41,1,11212.306426
8192,10,41,2,12005.704299
8192,10,41,3,10253.618757
8192,10,41,4,10259.514438
8192,10,41,5,10222.668913
8192,10,41,6,10325.087253
8192,10,41,7,12104.228706
8192,10,41,8,10635.479764
8192,10,41,9,10246.347721
8192,10,41,10,10293.158230
8192,10,42,1,10285.059304
8192,10,42,2,10430.755231
8192,10,42,3,10282.954831
8192,10,42,4,10441.273089
8192,10,42,5,10266.559447
8192,10,42,6,10292.410317
8192,10,42,7,10376.479100
8192,10,42,8,10230.450201
8192,10,42,9,10299.335059
8192,10,42,10,10202.698877
8192,10,43,1,10296.839071
8192,10,43,2,10305.212680
8192,10,43,3,10251.500004
8192,10,43,4,10383.878524
8192,10,43,5,10401.298925
8192,10,43,6,10347.779272
8192,10,43,7,10263.182171
8192,10,43,8,10281.575059
8192,10,43,9,10346.769983
8192,10,43,10,10266.455585
8192,10,44,1,10250.070832
8192,10,44,2,12223.171918
8192,10,44,3,10270.052316
8192,10,44,4,12150.546952
8192,10,44,5,10352.677178
8192,10,44,6,12173.330341
8192,10,44,7,10219.359930
8192,10,44,8,10233.593373
8192,10,44,9,10291.726264
8192,10,44,10,10283.813885
8192,10,45,1,10295.753005
8192,10,45,2,11317.439187
8192,10,45,3,10401.348192
8192,10,45,4,10336.231104
8192,10,45,5,10288.491523
8192,10,45,6,10379.392961
8192,10,45,7,10400.839487
8192,10,45,8,10351.282873
8192,10,45,9,10476.796834
8192,10,45,10,10439.396269
8192,10,46,1,10267.475177
8192,10,46,2,10364.780963
8192,10,46,3,10256.575168
8192,10,46,4,10206.012535
8192,10,46,5,10349.827855
8192,10,46,6,10273.486084
8192,10,46,7,10254.098915
8192,10,46,8,10274.531818
8192,10,46,9,10277.585621
8192,10,46,10,10220.057060
8192,10,47,1,10281.164939
8192,10,47,2,10207.779661
8192,10,47,3,10353.134520
8192,10,47,4,10299.835304
8192,10,47,5,10281.625851
8192,10,47,6,10377.441240
8192,10,47,7,10290.674707
8192,10,47,8,10232.043007
8192,10,47,9,11070.492623
8192,10,47,10,10420.076579
8192,10,48,1,10337.710907
8192,10,48,2,10421.900641
8192,10,48,3,10536.030413
8192,10,48,4,10420.227932
8192,10,48,5,10359.638580
8192,10,48,6,10336.640805
8192,10,48,7,10331.985634
8192,10,48,8,10320.701754
8192,10,48,9,10441.909814
8192,10,48,10,10344.815424
8192,10,49,1,10233.170998
8192,10,49,2,10414.160117
8192,10,49,3,10363.862543
8192,10,49,4,10360.105940
8192,10,49,5,10308.158840
8192,10,49,6,10216.179343
8192,10,49,7,10344.177398
8192,10,49,8,10243.175787
8192,10,49,9,10403.529442
8192,10,49,10,10382.944446
8192,10,50,1,10282.999646
8192,10,50,2,12334.591314
8192,10,50,3,10452.569026
8192,10,50,4,10276.198512
8192,10,50,5,12113.169601
8192,10,50,6,10521.092165
8192,10,50,7,10334.999746
8192,10,50,8,10329.422085
8192,10,50,9,10261.660556
8192,10,50,10,10242.910718
8192,30,1,1,10243.014511
8192,30,1,2,10349.955319
8192,30,1,3,10253.923349
8192,30,1,4,10397.514028
8192,30,1,5,10344.792128
8192,30,1,6,10293.766297
8192,30,1,7,10317.539283
8192,30,1,8,10305.369992
8192,30,1,9,10332.599565
8192,30,1,10,10265.234180
8192,30,1,11,10314.552289
8192,30,1,12,10255.004415
8192,30,1,13,10321.986450
8192,30,1,14,10335.679509
8192,30,1,15,10289.369332
8192,30,1,16,10277.881390
8192,30,1,17,10236.214611
8192,30,1,18,10293.455603
8192,30,1,19,10300.649453
8192,30,1,20,10395.652861
8192,30,1,21,10379.026417
8192,30,1,22,10366.824548
8192,30,1,23,10325.604423
8192,30,1,24,10209.016553
8192,30,1,25,10275.373019
8192,30,1,26,10334.265244
8192,30,1,27,10262.555843
8192,30,1,28,10237.137412
8192,30,1,29,10342.405753
8192,30,1,30,10302.848143
8192,30,2,1,10356.602033
8192,30,2,2,10220.232370
8192,30,2,3,10272.390641
8192,30,2,4,10216.883692
8192,30,2,5,10281.214677
8192,30,2,6,10249.048344
8192,30,2,7,10241.498166
8192,30,2,8,10246.282229
8192,30,2,9,10250.337109
8192,30,2,10,10295.895805
8192,30,2,11,10265.047271
8192,30,2,12,10356.980151
8192,30,2,13,10269.581677
8192,30,2,14,10357.535913
8192,30,2,15,10385.272702
8192,30,2,16,10384.658429
8192,30,2,17,10236.328633
8192,30,2,18,10241.736998
8192,30,2,19,10305.289753
8192,30,2,20,10270.448301
8192,30,2,21,10213.734340
8192,30,2,22,10207.249642
8192,30,2,23,10274.842279
8192,30,2,24,10287.049056
8192,30,2,25,10340.799209
8192,30,2,26,10254.528199
8192,30,2,27,10250.832692
8192,30,2,28,10262.778632
8192,30,2,29,10231.609855
8192,30,2,30,10329.040768
8192,30,3,1,10319.143921
8192,30,3,2,10258.469660
8192,30,3,3,10474.877135
8192,30,3,4,10265.420713
8192,30,3,5,10341.478508
8192,30,3,6,10288.990231
8192,30,3,7,10239.877376
8192,30,3,8,10366.142722
8192,30,3,9,10323.367792
8192,30,3,10,10376.388811
8192,30,3,11,10301.351651
8192,30,3,12,10303.394468
8192,30,3,13,10335.293619
8192,30,3,14,10238.240164
8192,30,3,15,10323.171919
8192,30,3,16,10326.856936
8192,30,3,17,10338.537083
8192,30,3,18,10236.638040
8192,30,3,19,10291.407794
8192,30,3,20,10349.706309
8192,30,3,21,10274.193928
8192,30,3,22,10223.528807
8192,30,3,23,10353.907734
8192,30,3,24,10215.988231
8192,30,3,25,10292.141383
8192,30,3,26,10578.450129
8192,30,3,27,10247.934135
8192,30,3,28,10634.496484
8192,30,3,29,10311.001042
8192,30,3,30,10228.582707
8192,30,4,1,10347.050026
8192,30,4,2,10397.399686
8192,30,4,3,10409.668140
8192,30,4,4,10392.794950
8192,30,4,5,10266.425947
8192,30,4,6,10343.083944
8192,30,4,7,10302.359186
8192,30,4,8,10246.951779
8192,30,4,9,10259.169870
8192,30,4,10,10376.924456
8192,30,4,11,10255.201756
8192,30,4,12,10331.226004
8192,30,4,13,10373.706600
8192,30,4,14,10388.009492
8192,30,4,15,10316.009685
8192,30,4,16,10274.392125
8192,30,4,17,10372.096427
8192,30,4,18,10315.581165
8192,30,4,19,10323.716843
8192,30,4,20,10338.722283
8192,30,4,21,10298.861019
8192,30,4,22,10251.852701
8192,30,4,23,10331.388688
8192,30,4,24,10317.436808
8192,30,4,25,10317.161255
8192,30,4,26,10445.251722
8192,30,4,27,10438.265621
8192,30,4,28,10416.967286
8192,30,4,29,10289.944528
8192,30,4,30,10305.296207
8192,30,5,1,10317.323557
8192,30,5,2,10297.394478
8192,30,5,3,10296.976360
8192,30,5,4,10347.263641
8192,30,5,5,10282.943735
8192,30,5,6,10893.074867
8192,30,5,7,10367.165662
8192,30,5,8,10297.478067
8192,30,5,9,10277.826885
8192,30,5,10,10364.643889
8192,30,5,11,10350.221871
8192,30,5,12,10287.253727
8192,30,5,13,10294.356093
8192,30,5,14,10394.461719
8192,30,5,15,10294.474685
8192,30,5,16,10311.028342
8192,30,5,17,10400.468761
8192,30,5,18,10420.001657
8192,30,5,19,10369.687979
8192,30,5,20,10409.012235
8192,30,5,21,10294.986582
8192,30,5,22,10401.684401
8192,30,5,23,10397.632856
8192,30,5,24,10306.851596
8192,30,5,25,10304.468565
8192,30,5,26,10338.841598
8192,30,5,27,10330.910302
8192,30,5,28,10291.242950
8192,30,5,29,10335.572128
8192,30,5,30,10340.598104
8192,30,6,1,10279.579524
8192,30,6,2,10275.410836
8192,30,6,3,10288.629559
8192,30,6,4,10290.574559
8192,30,6,5,10246.305960
8192,30,6,6,10300.294770
8192,30,6,7,10279.466338
8192,30,6,8,10282.757068
8192,30,6,9,10312.405220
8192,30,6,10,10290.958551
8192,30,6,11,10272.217970
8192,30,6,12,10305.817216
8192,30,6,13,10389.630425
8192,30,6,14,10377.524775
8192,30,6,15,10356.948830
8192,30,6,16,10350.694599
8192,30,6,17,10359.107594
8192,30,6,18,10329.203102
8192,30,6,19,10253.629108
8192,30,6,20,10324.226620
8192,30,6,21,10299.227357
8192,30,6,22,10260.401866
8192,30,6,23,10279.497535
8192,30,6,24,10378.788023
8192,30,6,25,10334.384687
8192,30,6,26,10297.134954
8192,30,6,27,10254.685940
8192,30,6,28,10222.837946
8192,30,6,29,10339.537758
8192,30,6,30,10207.502295
8192,30,7,1,10361.020958
8192,30,7,2,10316.708580
8192,30,7,3,10346.840369
8192,30,7,4,10311.984412
8192,30,7,5,10308.166253
8192,30,7,6,10355.987292
8192,30,7,7,10324.313127
8192,30,7,8,10374.710426
8192,30,7,9,10405.884675
8192,30,7,10,10348.837859
8192,30,7,11,10409.446781
8192,30,7,12,10287.025001
8192,30,7,13,10339.971572
8192,30,7,14,10328.846448
8192,30,7,15,10291.628148
8192,30,7,16,10327.727085
8192,30,7,17,10328.200884
8192,30,7,18,10294.330262
8192,30,7,19,10359.091036
8192,30,7,20,10319.523362
8192,30,7,21,10326.148736
8192,30,7,22,10316.035824
8192,30,7,23,10347.214174
8192,30,7,24,10318.307753
8192,30,7,25,10290.882208
8192,30,7,26,10303.759805
8192,30,7,27,10353.301122
8192,30,7,28,10322.858715
8192,30,7,29,10316.960672
8192,30,7,30,10251.440725
8192,30,8,1,10350.437264
8192,30,8,2,10352.447915
8192,30,8,3,10425.539639
8192,30,8,4,10455.328324
8192,30,8,5,10430.247370
8192,30,8,6,10263.012948
8192,30,8,7,10332.556286
8192,30,8,8,10314.198992
8192,30,8,9,10321.708312
8192,30,8,10,10229.834932
8192,30,8,11,10331.651244
8192,30,8,12,10243.631420
8192,30,8,13,10266.120536
8192,30,8,14,10327.371004
8192,30,8,15,10338.115927
8192,30,8,16,10338.169779
8192,30,8,17,10318.657811
8192,30,8,18,10300.631649
8192,30,8,19,10324.974059
8192,30,8,20,10329.632562
8192,30,8,21,10310.283290
8192,30,8,22,10320.468962
8192,30,8,23,10307.919423
8192,30,8,24,10349.586416
8192,30,8,25,10321.085429
8192,30,8,26,10367.598360
8192,30,8,27,10441.237086
8192,30,8,28,10400.606346
8192,30,8,29,10396.456931
8192,30,8,30,10248.255695
8192,30,9,1,10259.440726
8192,30,9,2,10246.144469
8192,30,9,3,10250.589319
8192,30,9,4,10355.587248
8192,30,9,5,10288.300158
8192,30,9,6,10288.111232
8192,30,9,7,10333.723642
8192,30,9,8,10253.997972
8192,30,9,9,10343.789884
8192,30,9,10,10259.218721
8192,30,9,11,10306.519048
8192,30,9,12,10268.910131
8192,30,9,13,10252.142957
8192,30,9,14,10281.478256
8192,30,9,15,10318.277324
8192,30,9,16,10325.436139
8192,30,9,17,10261.633994
8192,30,9,18,10296.602856
8192,30,9,19,10288.354773
8192,30,9,20,10249.322210
8192,30,9,21,10293.541758
8192,30,9,22,10397.668485
8192,30,9,23,10378.096166
8192,30,9,24,10292.481870
8192,30,9,25,10254.172256
8192,30,9,26,10328.699496
8192,30,9,27,10337.236926
8192,30,9,28,10258.228802
8192,30,9,29,10233.631778
8192,30,9,30,10271.033750
8192,30,10,1,10305.564460
8192,30,10,2,10301.839921
8192,30,10,3,10221.000143
8192,30,10,4,10276.276614
8192,30,10,5,10239.292462
8192,30,10,6,10368.815898
8192,30,10,7,10269.898867
8192,30,10,8,10358.711533
8192,30,10,9,10275.204174
8192,30,10,10,10286.213442
8192,30,10,11,10300.421335
8192,30,10,12,10239.234703
8192,30,10,13,10260.270684
8192,30,10,14,10272.999984
8192,30,10,15,10379.386920
8192,30,10,16,10319.607313
8192,30,10,17,10369.962327
8192,30,10,18,10261.254726
8192,30,10,19,10263.253354
8192,30,10,20,10330.452446
8192,30,10,21,10244.880399
8192,30,10,22,10312.709030
8192,30,10,23,10345.063144
8192,30,10,24,10249.931481
8192,30,10,25,10351.015628
8192,30,10,26,10351.882906
8192,30,10,27,10329.777574
8192,30,10,28,11743.236952
8192,30,10,29,10329.548999
8192,30,10,30,10346.038139
8192,30,11,1,12191.205118
8192,30,11,2,10239.509064
8192,30,11,3,12155.395478
8192,30,11,4,10348.268142
8192,30,11,5,10238.208970
8192,30,11,6,12174.147600
8192,30,11,7,10270.464490
8192,30,11,8,10309.662326
8192,30,11,9,10292.321979
8192,30,11,10,10351.143427
8192,30,11,11,12160.833908
8192,30,11,12,12153.666865
8192,30,11,13,10217.299070
8192,30,11,14,10277.689044
8192,30,11,15,10268.069502
8192,30,11,16,10379.713248
8192,30,11,17,10313.496363
8192,30,11,18,12157.839475
8192,30,11,19,10299.451258
8192,30,11,20,10365.393082
8192,30,11,21,10338.788966
8192,30,11,22,10343.112730
8192,30,11,23,10334.126390
8192,30,11,24,10340.893005
8192,30,11,25,11845.389609
8192,30,11,26,10351.438770
8192,30,11,27,10278.370479
8192,30,11,28,10436.800445
8192,30,11,29,10340.868459
8192,30,11,30,10352.692533
8192,30,12,1,10322.386260
8192,30,12,2,10416.502477
8192,30,12,3,10479.150352
8192,30,12,4,10456.983936
8192,30,12,5,10308.923648
8192,30,12,6,10295.833923
8192,30,12,7,10277.985492
8192,30,12,8,10342.791562
8192,30,12,9,10259.023942
8192,30,12,10,10332.767481
8192,30,12,11,10311.099295
8192,30,12,12,10278.587436
8192,30,12,13,10318.946418
8192,30,12,14,10307.091271
8192,30,12,15,10309.054544
8192,30,12,16,10227.938970
8192,30,12,17,10318.966395
8192,30,12,18,10295.240111
8192,30,12,19,10326.756110
8192,30,12,20,10360.800260
8192,30,12,21,10289.220550
8192,30,12,22,10285.677335
8192,30,12,23,10316.919799
8192,30,12,24,10353.408508
8192,30,12,25,10356.531265
8192,30,12,26,10411.687346
8192,30,12,27,10442.791059
8192,30,12,28,10369.452239
8192,30,12,29,10369.107843
8192,30,12,30,10323.321007
8192,30,13,1,10309.854435
8192,30,13,2,10301.688182
8192,30,13,3,10287.362277
8192,30,13,4,10326.628713
8192,30,13,5,10361.573993
8192,30,13,6,10312.713334
8192,30,13,7,10276.780381
8192,30,13,8,10334.237458
8192,30,13,9,10294.930860
8192,30,13,10,10306.234984
8192,30,13,11,10353.907777
8192,30,13,12,10208.741590
8192,30,13,13,10350.557091
8192,30,13,14,10349.444506
8192,30,13,15,10256.332483
8192,30,13,16,10325.628184
8192,30,13,17,10317.766013
8192,30,13,18,10258.117509
8192,30,13,19,10375.239715
8192,30,13,20,10389.189725
8192,30,13,21,10384.345248
8192,30,13,22,10447.266538
8192,30,13,23,10350.953408
8192,30,13,24,10249.980982
8192,30,13,25,10273.844824
8192,30,13,26,10300.705556
8192,30,13,27,10345.962581
8192,30,13,28,12213.096625
8192,30,13,29,10273.282185
8192,30,13,30,10305.403007
8192,30,14,1,10273.633458
8192,30,14,2,10324.422757
8192,30,14,3,10300.060288
8192,30,14,4,10272.770774
8192,30,14,5,10325.375239
8192,30,14,6,12187.457676
8192,30,14,7,10226.513876
8192,30,14,8,10468.524867
8192,30,14,9,10377.855903
8192,30,14,10,10227.298525
8192,30,14,11,10346.289805
8192,30,14,12,10350.170229
8192,30,14,13,10385.909675
8192,30,14,14,10435.413646
8192,30,14,15,12087.380595
8192,30,14,16,10399.213191
8192,30,14,17,10246.327857
8192,30,14,18,10345.764107
8192,30,14,19,10330.850746
8192,30,14,20,10329.979946
8192,30,14,21,10272.496087
8192,30,14,22,10360.809198
8192,30,14,23,10222.614352
8192,30,14,24,10384.843661
8192,30,14,25,10369.274651
8192,30,14,26,10321.556242
8192,30,14,27,10226.416724
8192,30,14,28,10344.305450
8192,30,14,29,10233.202278
8192,30,14,30,10338.060783
8192,30,15,1,12105.721387
8192,30,15,2,10359.805222
8192,30,15,3,10348.148357
8192,30,15,4,10325.825356
8192,30,15,5,10314.997561
8192,30,15,6,10352.718888
8192,30,15,7,10383.928549
8192,30,15,8,10341.955798
8192,30,15,9,11047.344345
8192,30,15,10,10476.995160
8192,30,15,11,10339.794488
8192,30,15,12,10376.179814
8192,30,15,13,10434.960536
8192,30,15,14,10256.225656
8192,30,15,15,12175.447620
8192,30,15,16,10258.606227
8192,30,15,17,10371.761498
8192,30,15,18,10444.539293
8192,30,15,19,10391.952193
8192,30,15,20,10446.582236
8192,30,15,21,10348.537951
8192,30,15,22,10378.299817
8192,30,15,23,10434.639293
8192,30,15,24,10394.699846
8192,30,15,25,10281.256314
8192,30,15,26,10287.830638
8192,30,15,27,12115.841803
8192,30,15,28,10344.975470
8192,30,15,29,10965.138676
8192,30,15,30,10367.390412
8192,30,16,1,12103.541880
8192,30,16,2,10376.268272
8192,30,16,3,10489.020545
8192,30,16,4,10373.454560
8192,30,16,5,10390.273579
8192,30,16,6,10324.319218
8192,30,16,7,10341.246557
8192,30,16,8,10366.580698
8192,30,16,9,10393.615918
8192,30,16,10,10382.699388
8192,30,16,11,12112.340344
8192,30,16,12,10337.363847
8192,30,16,13,10533.576097
8192,30,16,14,12113.698292
8192,30,16,15,10502.151158
8192,30,16,16,10370.395162
8192,30,16,17,10262.827838
8192,30,16,18,10377.724051
8192,30,16,19,10391.307828
8192,30,16,20,10383.712984
8192,30,16,21,10401.681063
8192,30,16,22,10374.550986
8192,30,16,23,10490.923109
8192,30,16,24,10371.678041
8192,30,16,25,10455.385168
8192,30,16,26,10534.832325
8192,30,16,27,10561.103755
8192,30,16,28,10461.175092
8192,30,16,29,10445.222954
8192,30,16,30,10443.328073
8192,30,17,1,10234.641157
8192,30,17,2,10387.761924
8192,30,17,3,10360.198830
8192,30,17,4,10392.859748
8192,30,17,5,10375.630711
8192,30,17,6,10282.411510
8192,30,17,7,10258.727532
8192,30,17,8,10405.251873
8192,30,17,9,10380.784652
8192,30,17,10,10359.127837
8192,30,17,11,10367.647921
8192,30,17,12,10414.999161
8192,30,17,13,10485.435010
8192,30,17,14,10360.316807
8192,30,17,15,10322.360785
8192,30,17,16,10422.414094
8192,30,17,17,10310.622654
8192,30,17,18,10271.695037
8192,30,17,19,10468.946163
8192,30,17,20,10608.863994
8192,30,17,21,10492.433179
8192,30,17,22,10339.835062
8192,30,17,23,10330.064032
8192,30,17,24,10336.599090
8192,30,17,25,10339.908122
8192,30,17,26,10355.220366
8192,30,17,27,10237.035961
8192,30,17,28,10378.547891
8192,30,17,29,10357.005621
8192,30,17,30,10341.080261
8192,30,18,1,10367.929415
8192,30,18,2,10355.173072
8192,30,18,3,10357.312393
8192,30,18,4,10346.463515
8192,30,18,5,10353.681733
8192,30,18,6,10371.399902
8192,30,18,7,10499.255931
8192,30,18,8,10262.610502
8192,30,18,9,10379.024767
8192,30,18,10,10392.264732
8192,30,18,11,10459.708043
8192,30,18,12,10379.904838
8192,30,18,13,10459.835530
8192,30,18,14,10520.351296
8192,30,18,15,10464.350832
8192,30,18,16,10343.153548
8192,30,18,17,10230.483954
8192,30,18,18,10385.912102
8192,30,18,19,10318.930117
8192,30,18,20,10373.874243
8192,30,18,21,10440.554932
8192,30,18,22,10329.094862
8192,30,18,23,10343.498472
8192,30,18,24,10471.055280
8192,30,18,25,10261.964580
8192,30,18,26,10350.891324
8192,30,18,27,10272.973878
8192,30,18,28,10279.247843
8192,30,18,29,10423.424216
8192,30,18,30,10331.895130
8192,30,19,1,10265.085351
8192,30,19,2,10299.750114
8192,30,19,3,10339.079107
8192,30,19,4,10243.507598
8192,30,19,5,10264.619936
8192,30,19,6,10256.569584
8192,30,19,7,10348.297608
8192,30,19,8,10383.879448
8192,30,19,9,10364.624645
8192,30,19,10,10371.427236
8192,30,19,11,10274.209313
8192,30,19,12,10350.611288
8192,30,19,13,10314.527878
8192,30,19,14,12174.805451
8192,30,19,15,10226.401797
8192,30,19,16,10302.544336
8192,30,19,17,10282.386611
8192,30,19,18,10379.428708
8192,30,19,19,10440.294218
8192,30,19,20,10334.053558
8192,30,19,21,10384.273194
8192,30,19,22,10360.924478
8192,30,19,23,10333.097867
8192,30,19,24,10252.156166
8192,30,19,25,10402.142007
8192,30,19,26,10284.017504
8192,30,19,27,10372.907377
8192,30,19,28,10295.995661
8192,30,19,29,11339.054957
8192,30,19,30,10365.136702
8192,30,20,1,10433.794824
8192,30,20,2,10457.836189
8192,30,20,3,10380.600085
8192,30,20,4,10272.742452
8192,30,20,5,10313.176924
8192,30,20,6,10259.685467
8192,30,20,7,10313.705781
8192,30,20,8,10323.855904
8192,30,20,9,10314.913805
8192,30,20,10,10359.856736
8192,30,20,11,10353.767329
8192,30,20,12,10358.883808
8192,30,20,13,10337.460480
8192,30,20,14,10280.123208
8192,30,20,15,10287.966447
8192,30,20,16,10277.637107
8192,30,20,17,10346.781501
8192,30,20,18,10305.045457
8192,30,20,19,10298.423313
8192,30,20,20,10255.164304
8192,30,20,21,10339.279707
8192,30,20,22,10368.843105
8192,30,20,23,11179.848185
8192,30,20,24,10342.252155
8192,30,20,25,10400.624764
8192,30,20,26,10424.545992
8192,30,20,27,10364.944208
8192,30,20,28,10319.608117
8192,30,20,29,10285.000097
8192,30,20,30,10332.014856
8192,30,21,1,10297.846925
8192,30,21,2,10302.713085
8192,30,21,3,10291.431665
8192,30,21,4,10315.616613
8192,30,21,5,11511.343688
8192,30,21,6,10295.100733
8192,30,21,7,10316.256086
8192,30,21,8,10268.189275
8192,30,21,9,10282.409373
8192,30,21,10,10368.886130
8192,30,21,11,10242.681621
8192,30,21,12,10424.490129
8192,30,21,13,10296.998056
8192,30,21,14,10269.906224
8192,30,21,15,10396.808114
8192,30,21,16,10387.976534
8192,30,21,17,10265.898550
8192,30,21,18,10346.585147
8192,30,21,19,12090.424670
8192,30,21,20,10483.519193
8192,30,21,21,11756.524929
8192,30,21,22,10260.584804
8192,30,21,23,10247.123553
8192,30,21,24,10433.884645
8192,30,21,25,10429.797231
8192,30,21,26,10451.048086
8192,30,21,27,10437.794210
8192,30,21,28,10275.516647
8192,30,21,29,10502.054992
8192,30,21,30,10259.028605
8192,30,22,1,10386.870526
8192,30,22,2,10361.034739
8192,30,22,3,10348.372057
8192,30,22,4,10317.057660
8192,30,22,5,10268.818269
8192,30,22,6,10259.257385
8192,30,22,7,10276.236288
8192,30,22,8,10375.869183
8192,30,22,9,10345.389174
8192,30,22,10,10279.934159
8192,30,22,11,10348.205577
8192,30,22,12,10411.943483
8192,30,22,13,10361.332846
8192,30,22,14,10444.777969
8192,30,22,15,10318.938994
8192,30,22,16,10353.508734
8192,30,22,17,10301.113146
8192,30,22,18,10361.580402
8192,30,22,19,10264.483424
8192,30,22,20,10315.355312
8192,30,22,21,10369.171472
8192,30,22,22,10336.280706
8192,30,22,23,10280.081519
8192,30,22,24,10339.711429
8192,30,22,25,10315.758675
8192,30,22,26,10320.773529
8192,30,22,27,10377.475550
8192,30,22,28,10347.055343
8192,30,22,29,10293.617121
8192,30,22,30,10366.702647
8192,30,23,1,10361.705446
8192,30,23,2,10347.856256
8192,30,23,3,10336.250991
8192,30,23,4,10291.860501
8192,30,23,5,10371.777990
8192,30,23,6,10377.050639
8192,30,23,7,10366.553253
8192,30,23,8,10392.392841
8192,30,23,9,10461.502089
8192,30,23,10,10264.881439
8192,30,23,11,10337.067046
8192,30,23,12,10284.286877
8192,30,23,13,10350.694533
8192,30,23,14,10312.657781
8192,30,23,15,10271.725201
8192,30,23,16,10378.783017
8192,30,23,17,10278.100070
8192,30,23,18,10325.371877
8192,30,23,19,10298.833510
8192,30,23,20,10317.289856
8192,30,23,21,10306.992356
8192,30,23,22,10379.334598
8192,30,23,23,10321.811848
8192,30,23,24,10364.576771
8192,30,23,25,10651.442614
8192,30,23,26,10262.315527
8192,30,23,27,10326.824709
8192,30,23,28,10343.979566
8192,30,23,29,10253.960902
8192,30,23,30,10389.156820
8192,30,24,1,10470.923427
8192,30,24,2,10330.536174
8192,30,24,3,10477.215335
8192,30,24,4,10252.916628
8192,30,24,5,10365.872649
8192,30,24,6,10320.815973
8192,30,24,7,10340.694278
8192,30,24,8,10265.004990
8192,30,24,9,10345.262767
8192,30,24,10,10236.973503
8192,30,24,11,10369.230014
8192,30,24,12,10302.511015
8192,30,24,13,10276.168464
8192,30,24,14,10397.826548
8192,30,24,15,10255.283514
8192,30,24,16,10478.960051
8192,30,24,17,10394.633362
8192,30,24,18,10314.369872
8192,30,24,19,10318.069212
8192,30,24,20,10345.599764
8192,30,24,21,10374.546508
8192,30,24,22,10346.645459
8192,30,24,23,10370.746160
8192,30,24,24,10309.704222
8192,30,24,25,10392.789427
8192,30,24,26,10365.165609
8192,30,24,27,10438.178392
8192,30,24,28,10340.203384
8192,30,24,29,10330.191361
8192,30,24,30,10327.775916
8192,30,25,1,10346.407791
8192,30,25,2,10340.709819
8192,30,25,3,10345.766353
8192,30,25,4,10343.779945
8192,30,25,5,10282.155710
8192,30,25,6,10372.785652
8192,30,25,7,10315.875874
8192,30,25,8,10344.556955
8192,30,25,9,10250.463558
8192,30,25,10,10280.946409
8192,30,25,11,10238.248720
8192,30,25,12,10342.738927
8192,30,25,13,10334.479051
8192,30,25,14,10354.664125
8192,30,25,15,10286.721021
8192,30,25,16,10334.055017
8192,30,25,17,10248.299023
8192,30,25,18,10426.157063
8192,30,25,19,10333.331254
8192,30,25,20,10354.211297
8192,30,25,21,10411.405966
8192,30,25,22,10560.240496
8192,30,25,23,10340.537098
8192,30,25,24,10331.889097
8192,30,25,25,10324.689929
8192,30,25,26,10348.016775
8192,30,25,27,10250.576010
8192,30,25,28,10360.731243
8192,30,25,29,10238.185540
8192,30,25,30,10355.555426
8192,30,26,1,10342.443466
8192,30,26,2,10361.814522
8192,30,26,3,10366.416776
8192,30,26,4,10334.738553
8192,30,26,5,11757.139692
8192,30,26,6,10410.826394
8192,30,26,7,10279.300640
8192,30,26,8,10371.815308
8192,30,26,9,10288.616728
8192,30,26,10,10220.189710
8192,30,26,11,10249.393980
8192,30,26,12,10430.024569
8192,30,26,13,10365.146921
8192,30,26,14,10370.139319
8192,30,26,15,10456.495807
8192,30,26,16,10254.129780
8192,30,26,17,10232.842594
8192,30,26,18,10346.410973
8192,30,26,19,10242.036971
8192,30,26,20,10245.176660
8192,30,26,21,10239.613361
8192,30,26,22,10405.824726
8192,30,26,23,10444.094105
8192,30,26,24,10366.955046
8192,30,26,25,10252.368389
8192,30,26,26,10302.199755
8192,30,26,27,10346.574070
8192,30,26,28,10263.159990
8192,30,26,29,10351.901622
8192,30,26,30,10224.691036
8192,30,27,1,10991.881591
8192,30,27,2,10306.668358
8192,30,27,3,10269.836138
8192,30,27,4,10377.173192
8192,30,27,5,10274.492487
8192,30,27,6,10279.953585
8192,30,27,7,10430.491389
8192,30,27,8,10351.554882
8192,30,27,9,10430.296389
8192,30,27,10,10279.017596
8192,30,27,11,10362.214930
8192,30,27,12,10331.165850
8192,30,27,13,10214.117443
8192,30,27,14,10290.732637
8192,30,27,15,10307.434509
8192,30,27,16,10367.740469
8192,30,27,17,10298.283659
8192,30,27,18,10346.429691
8192,30,27,19,10287.347048
8192,30,27,20,10349.418267
8192,30,27,21,10287.525602
8192,30,27,22,10250.930852
8192,30,27,23,10345.242176
8192,30,27,24,10239.516411
8192,30,27,25,10236.679669
8192,30,27,26,10254.957505
8192,30,27,27,10335.641704
8192,30,27,28,10309.495810
8192,30,27,29,10290.726219
8192,30,27,30,10311.475995
8192,30,28,1,10309.407621
8192,30,28,2,10399.557533
8192,30,28,3,10326.345153
8192,30,28,4,10353.201838
8192,30,28,5,10211.886881
8192,30,28,6,10222.599375
8192,30,28,7,10319.503284
8192,30,28,8,10232.892469
8192,30,28,9,10315.850392
8192,30,28,10,10218.329106
8192,30,28,11,10237.719115
8192,30,28,12,10228.132299
8192,30,28,13,10296.550660
8192,30,28,14,10210.336728
8192,30,28,15,10256.606487
8192,30,28,16,10371.443354
8192,30,28,17,10294.247291
8192,30,28,18,10319.535644
8192,30,28,19,10233.898843
8192,30,28,20,10336.450179
8192,30,28,21,10269.281420
8192,30,28,22,10244.452642
8192,30,28,23,10330.408572
8192,30,28,24,10283.099267
8192,30,28,25,10319.972093
8192,30,28,26,10325.711664
8192,30,28,27,10336.483280
8192,30,28,28,10297.628412
8192,30,28,29,10264.948841
8192,30,28,30,10207.951006
8192,30,29,1,10356.051862
8192,30,29,2,10365.649389
8192,30,29,3,10265.834056
8192,30,29,4,10221.916436
8192,30,29,5,10318.454332
8192,30,29,6,10277.401775
8192,30,29,7,10250.955153
8192,30,29,8,10843.405294
8192,30,29,9,10229.683305
8192,30,29,10,10480.927376
8192,30,29,11,10442.276470
8192,30,29,12,10245.149519
8192,30,29,13,10445.484634
8192,30,29,14,10431.560047
8192,30,29,15,10288.418209
8192,30,29,16,11449.683715
8192,30,29,17,10233.769025
8192,30,29,18,10240.421812
8192,30,29,19,12098.098588
8192,30,29,20,10402.830026
8192,30,29,21,10349.443068
8192,30,29,22,10303.637657
8192,30,29,23,10228.036278
8192,30,29,24,10289.817264
8192,30,29,25,10231.004094
8192,30,29,26,10384.308344
8192,30,29,27,10320.462846
8192,30,29,28,10302.732990
8192,30,29,29,10255.177490
8192,30,29,30,10303.532431
8192,30,30,1,10349.737257
8192,30,30,2,10297.436559
8192,30,30,3,12126.765642
8192,30,30,4,10289.892783
8192,30,30,5,10284.521513
8192,30,30,6,10289.072391
8192,30,30,7,10315.708619
8192,30,30,8,10329.880739
8192,30,30,9,10344.147374
8192,30,30,10,10277.464486
8192,30,30,11,10263.280665
8192,30,30,12,12094.738644
8192,30,30,13,10458.346331
8192,30,30,14,10431.948347
8192,30,30,15,10392.223965
8192,30,30,16,10251.940693
8192,30,30,17,10411.067938
8192,30,30,18,10315.726981
8192,30,30,19,10304.177068
8192,30,30,20,10283.243786
8192,30,30,21,10286.267520
8192,30,30,22,10241.568967
8192,30,30,23,12161.397509
8192,30,30,24,10289.545902
8192,30,30,25,12124.932152
8192,30,30,26,10248.703091
8192,30,30,27,10282.283060
8192,30,30,28,10328.532772
8192,30,30,29,10310.143626
8192,30,30,30,10358.716563
8192,30,31,1,10326.789889
8192,30,31,2,10233.397532
8192,30,31,3,10267.885008
8192,30,31,4,12180.665277
8192,30,31,5,10301.887833
8192,30,31,6,10314.005253
8192,30,31,7,10479.335127
8192,30,31,8,10424.507525
8192,30,31,9,10430.338482
8192,30,31,10,10272.222859
8192,30,31,11,12079.090027
8192,30,31,12,12093.734229
8192,30,31,13,10224.060460
8192,30,31,14,10375.465692
8192,30,31,15,12096.462933
8192,30,31,16,10939.308966
8192,30,31,17,10366.788932
8192,30,31,18,10302.693734
8192,30,31,19,10433.759081
8192,30,31,20,10434.773571
8192,30,31,21,10262.585992
8192,30,31,22,10286.889845
8192,30,31,23,10311.711993
8192,30,31,24,10205.781224
8192,30,31,25,10265.585184
8192,30,31,26,10369.567796
8192,30,31,27,10307.839005
8192,30,31,28,10286.211324
8192,30,31,29,10934.453806
8192,30,31,30,10374.868695
8192,30,32,1,10388.622931
8192,30,32,2,10459.084938
8192,30,32,3,10315.314512
8192,30,32,4,10301.757215
8192,30,32,5,10456.451347
8192,30,32,6,10278.408629
8192,30,32,7,10385.934901
8192,30,32,8,12125.309393
8192,30,32,9,12163.938479
8192,30,32,10,10349.047810
8192,30,32,11,12113.483231
8192,30,32,12,10310.893611
8192,30,32,13,10323.147918
8192,30,32,14,10316.222096
8192,30,32,15,12193.484837
8192,30,32,16,12094.890083
8192,30,32,17,10302.108493
8192,30,32,18,10328.623628
8192,30,32,19,10304.611183
8192,30,32,20,12129.845816
8192,30,32,21,10355.461904
8192,30,32,22,10233.885291
8192,30,32,23,11166.284584
8192,30,32,24,10410.490335
8192,30,32,25,10332.552272
8192,30,32,26,10364.761539
8192,30,32,27,10236.360019
8192,30,32,28,10278.108779
8192,30,32,29,10470.130422
8192,30,32,30,10350.887888
8192,30,33,1,10359.058142
8192,30,33,2,10294.468601
8192,30,33,3,10390.454066
8192,30,33,4,10219.168017
8192,30,33,5,10284.424000
8192,30,33,6,12136.192218
8192,30,33,7,10314.803455
8192,30,33,8,10299.403818
8192,30,33,9,12162.939830
8192,30,33,10,10302.416475
8192,30,33,11,10256.879822
8192,30,33,12,10294.305955
8192,30,33,13,10227.959002
8192,30,33,14,10294.666853
8192,30,33,15,10494.774703
8192,30,33,16,10355.470868
8192,30,33,17,10426.202809
8192,30,33,18,10407.641845
8192,30,33,19,10476.414235
8192,30,33,20,10287.090914
8192,30,33,21,10289.725726
8192,30,33,22,10283.256885
8192,30,33,23,10322.058259
8192,30,33,24,12492.931995
8192,30,33,25,10380.439379
8192,30,33,26,10304.386393
8192,30,33,27,12356.111702
8192,30,33,28,10289.233758
8192,30,33,29,10276.980940
8192,30,33,30,12394.723785
8192,30,34,1,10290.283141
8192,30,34,2,10549.818356
8192,30,34,3,10455.413047
8192,30,34,4,10234.805206
8192,30,34,5,10252.531379
8192,30,34,6,10212.192855
8192,30,34,7,10241.519266
8192,30,34,8,10250.155698
8192,30,34,9,10322.334305
8192,30,34,10,10331.305776
8192,30,34,11,10381.984107
8192,30,34,12,10322.791958
8192,30,34,13,10516.778663
8192,30,34,14,10330.355570
8192,30,34,15,10334.112246
8192,30,34,16,10311.516016
8192,30,34,17,10376.395816
8192,30,34,18,10351.032253
8192,30,34,19,10333.412567
8192,30,34,20,10300.977176
8192,30,34,21,10541.514210
8192,30,34,22,10370.905150
8192,30,34,23,10304.559964
8192,30,34,24,10924.485714
8192,30,34,25,10290.014269
8192,30,34,26,10275.013912
8192,30,34,27,10320.270402
8192,30,34,28,10328.381822
8192,30,34,29,10325.928409
8192,30,34,30,10327.614029
8192,30,35,1,11593.279358
8192,30,35,2,10335.912037
8192,30,35,3,10292.876284
8192,30,35,4,10416.143746
8192,30,35,5,10363.185156
8192,30,35,6,10442.447046
8192,30,35,7,10777.646593
8192,30,35,8,10225.245819
8192,30,35,9,10342.964491
8192,30,35,10,10274.088832
8192,30,35,11,10313.897320
8192,30,35,12,10268.092255
8192,30,35,13,10325.372263
8192,30,35,14,10264.253160
8192,30,35,15,10332.773096
8192,30,35,16,10260.552764
8192,30,35,17,10318.376375
8192,30,35,18,10345.164951
8192,30,35,19,10365.928132
8192,30,35,20,10342.541921
8192,30,35,21,10251.126057
8192,30,35,22,10339.791729
8192,30,35,23,10323.533060
8192,30,35,24,10299.045376
8192,30,35,25,12017.685484
8192,30,35,26,10249.585324
8192,30,35,27,10297.620244
8192,30,35,28,12107.926507
8192,30,35,29,10333.292241
8192,30,35,30,10452.993325
8192,30,36,1,11798.865936
8192,30,36,2,10422.033824
8192,30,36,3,10351.844349
8192,30,36,4,10253.021885
8192,30,36,5,10355.241800
8192,30,36,6,10343.652821
8192,30,36,7,10256.699997
8192,30,36,8,10372.046044
8192,30,36,9,10261.764728
8192,30,36,10,10321.153546
8192,30,36,11,10236.064733
8192,30,36,12,10346.728228
8192,30,36,13,10302.948256
8192,30,36,14,10239.608770
8192,30,36,15,10266.961956
8192,30,36,16,10350.082159
8192,30,36,17,10342.367887
8192,30,36,18,10310.586987
8192,30,36,19,10327.595320
8192,30,36,20,10261.598722
8192,30,36,21,10268.304680
8192,30,36,22,10435.124523
8192,30,36,23,10496.980403
8192,30,36,24,10756.505083
8192,30,36,25,10243.217361
8192,30,36,26,10261.399567
8192,30,36,27,10239.519677
8192,30,36,28,10334.301847
8192,30,36,29,10367.335266
8192,30,36,30,10398.448955
8192,30,37,1,11068.242851
8192,30,37,2,11445.387984
8192,30,37,3,10234.927038
8192,30,37,4,10301.043740
8192,30,37,5,10356.904892
8192,30,37,6,10217.863504
8192,30,37,7,10352.535781
8192,30,37,8,10357.293053
8192,30,37,9,10341.381492
8192,30,37,10,10337.896730
8192,30,37,11,10299.367472
8192,30,37,12,10310.245479
8192,30,37,13,10361.903542
8192,30,37,14,10346.429568
8192,30,37,15,10336.513378
8192,30,37,16,10434.001297
8192,30,37,17,10392.442329
8192,30,37,18,10392.407407
8192,30,37,19,10250.892468
8192,30,37,20,10291.724957
8192,30,37,21,10344.903495
8192,30,37,22,10252.187688
8192,30,37,23,10291.230783
8192,30,37,24,10371.107927
8192,30,37,25,10281.024542
8192,30,37,26,10314.915657
8192,30,37,27,10285.885002
8192,30,37,28,10284.708821
8192,30,37,29,10322.063044
8192,30,37,30,10289.209652
8192,30,38,1,10315.154062
8192,30,38,2,10259.928459
8192,30,38,3,10294.853009
8192,30,38,4,10386.144351
8192,30,38,5,11006.146837
8192,30,38,6,10246.767718
8192,30,38,7,10279.363719
8192,30,38,8,10315.524208
8192,30,38,9,11990.416732
8192,30,38,10,10359.557491
8192,30,38,11,10333.816573
8192,30,38,12,10396.223137
8192,30,38,13,12180.237051
8192,30,38,14,10294.652334
8192,30,38,15,10255.057997
8192,30,38,16,12168.857592
8192,30,38,17,10302.956655
8192,30,38,18,12242.742793
8192,30,38,19,10291.121928
8192,30,38,20,12207.648385
8192,30,38,21,10353.305142
8192,30,38,22,10226.154429
8192,30,38,23,12250.792930
8192,30,38,24,12263.510767
8192,30,38,25,10247.778421
8192,30,38,26,12221.313769
8192,30,38,27,10331.072930
8192,30,38,28,10295.983584
8192,30,38,29,12112.775513
8192,30,38,30,10254.143785
8192,30,39,1,10359.229211
8192,30,39,2,10400.708039
8192,30,39,3,11747.241211
8192,30,39,4,10365.440243
8192,30,39,5,10457.436260
8192,30,39,6,10354.881850
8192,30,39,7,10360.561725
8192,30,39,8,10406.824858
8192,30,39,9,12083.285732
8192,30,39,10,12247.885619
8192,30,39,11,10355.861557
8192,30,39,12,10398.893341
8192,30,39,13,10389.129752
8192,30,39,14,12149.572906
8192,30,39,15,10360.409560
8192,30,39,16,10362.403063
8192,30,39,17,12149.726140
8192,30,39,18,12240.616753
8192,30,39,19,12263.898565
8192,30,39,20,10389.866539
8192,30,39,21,12169.342996
8192,30,39,22,12248.978958
8192,30,39,23,10409.636114
8192,30,39,24,10405.489689
8192,30,39,25,10446.761917
8192,30,39,26,10470.698654
8192,30,39,27,12103.600062
8192,30,39,28,10392.001283
8192,30,39,29,10424.774344
8192,30,39,30,10330.924155
8192,30,40,1,12207.549866
8192,30,40,2,10376.808363
8192,30,40,3,10431.210725
8192,30,40,4,11762.923415
8192,30,40,5,10384.553046
8192,30,40,6,10388.038698
8192,30,40,7,10445.712460
8192,30,40,8,10374.667707
8192,30,40,9,12129.459585
8192,30,40,10,12145.689243
8192,30,40,11,10417.426497
8192,30,40,12,11297.265595
8192,30,40,13,12236.029191
8192,30,40,14,10348.747771
8192,30,40,15,10310.804950
8192,30,40,16,10375.930290
8192,30,40,17,10425.370352
8192,30,40,18,12263.880058
8192,30,40,19,10548.754819
8192,30,40,20,11944.640146
8192,30,40,21,10376.439896
8192,30,40,22,12235.205628
8192,30,40,23,10345.817585
8192,30,40,24,10237.943900
8192,30,40,25,10368.540739
8192,30,40,26,10243.952673
8192,30,40,27,10352.509559
8192,30,40,28,10308.727488
8192,30,40,29,10268.058799
8192,30,40,30,10307.756047
8192,30,41,1,10260.164673
8192,30,41,2,10287.774572
8192,30,41,3,10293.823474
8192,30,41,4,10293.496026
8192,30,41,5,10295.267536
8192,30,41,6,10273.456294
8192,30,41,7,10320.794621
8192,30,41,8,10318.896745
8192,30,41,9,10267.349317
8192,30,41,10,10319.655561
8192,30,41,11,10323.945549
8192,30,41,12,10380.864186
8192,30,41,13,10437.046999
8192,30,41,14,10405.858267
8192,30,41,15,10289.148971
8192,30,41,16,10421.465798
8192,30,41,17,10244.570822
8192,30,41,18,10350.223169
8192,30,41,19,10311.607607
8192,30,41,20,10318.860831
8192,30,41,21,10285.644272
8192,30,41,22,10255.663914
8192,30,41,23,10293.977574
8192,30,41,24,10330.723588
8192,30,41,25,10290.523706
8192,30,41,26,10290.914862
8192,30,41,27,10314.358615
8192,30,41,28,10351.835026
8192,30,41,29,10280.627176
8192,30,41,30,10257.596465
8192,30,42,1,10312.863381
8192,30,42,2,10356.751772
8192,30,42,3,10360.726800
8192,30,42,4,12134.068584
8192,30,42,5,12134.249326
8192,30,42,6,10442.097169
8192,30,42,7,11941.415374
8192,30,42,8,12053.368290
8192,30,42,9,10335.581844
8192,30,42,10,10264.195633
8192,30,42,11,10353.921746
8192,30,42,12,10382.175611
8192,30,42,13,10392.963272
8192,30,42,14,10387.497483
8192,30,42,15,10403.431628
8192,30,42,16,10415.039348
8192,30,42,17,10342.241496
8192,30,42,18,10248.410492
8192,30,42,19,10327.258010
8192,30,42,20,10357.971710
8192,30,42,21,10307.708723
8192,30,42,22,10323.721760
8192,30,42,23,10309.368697
8192,30,42,24,10383.611569
8192,30,42,25,10383.916804
8192,30,42,26,10314.042319
8192,30,42,27,10326.007287
8192,30,42,28,10279.063400
8192,30,42,29,10403.267517
8192,30,42,30,10380.296104
8192,30,43,1,10379.308505
8192,30,43,2,10375.322031
8192,30,43,3,10316.447179
8192,30,43,4,10351.568304
8192,30,43,5,10326.126343
8192,30,43,6,10282.907814
8192,30,43,7,12511.850588
8192,30,43,8,10291.324602
8192,30,43,9,10403.338020
8192,30,43,10,10377.518201
8192,30,43,11,10318.046278
8192,30,43,12,12507.902383
8192,30,43,13,10313.136466
8192,30,43,14,12496.909007
8192,30,43,15,10421.960444
8192,30,43,16,12398.526546
8192,30,43,17,12542.394213
8192,30,43,18,10281.880086
8192,30,43,19,10282.717538
8192,30,43,20,10240.192836
8192,30,43,21,10339.425953
8192,30,43,22,10377.608002
8192,30,43,23,10490.293326
8192,30,43,24,10396.160954
8192,30,43,25,10385.442177
8192,30,43,26,12332.161880
8192,30,43,27,10428.545269
8192,30,43,28,10249.547068
8192,30,43,29,11775.165360
8192,30,43,30,10269.776438
8192,30,44,1,10369.231861
8192,30,44,2,12120.879036
8192,30,44,3,10398.074298
8192,30,44,4,10247.308972
8192,30,44,5,12110.595440
8192,30,44,6,10255.747991
8192,30,44,7,12129.824106
8192,30,44,8,10230.152540
8192,30,44,9,12120.342050
8192,30,44,10,10235.108387
8192,30,44,11,12120.316682
8192,30,44,12,10390.268980
8192,30,44,13,10234.990350
8192,30,44,14,10287.798985
8192,30,44,15,10303.632915
8192,30,44,16,10384.320638
8192,30,44,17,10341.066137
8192,30,44,18,10280.399835
8192,30,44,19,10248.756747
8192,30,44,20,12085.823923
8192,30,44,21,10283.847256
8192,30,44,22,10255.989790
8192,30,44,23,10247.046952
8192,30,44,24,10379.942128
8192,30,44,25,11494.605402
8192,30,44,26,10342.321986
8192,30,44,27,10229.143382
8192,30,44,28,10336.875417
8192,30,44,29,10217.524077
8192,30,44,30,10311.256892
8192,30,45,1,10723.003965
8192,30,45,2,10219.783477
8192,30,45,3,10271.935611
8192,30,45,4,12093.248460
8192,30,45,5,10229.138204
8192,30,45,6,12123.374951
8192,30,45,7,10310.937946
8192,30,45,8,10254.365265
8192,30,45,9,12139.159256
8192,30,45,10,10409.348477
8192,30,45,11,10359.437783
8192,30,45,12,10244.547057
8192,30,45,13,12073.781451
8192,30,45,14,10235.658842
8192,30,45,15,10234.742676
8192,30,45,16,10278.280365
8192,30,45,17,10257.110773
8192,30,45,18,10390.340212
8192,30,45,19,12154.136289
8192,30,45,20,10233.612248
8192,30,45,21,10247.696891
8192,30,45,22,12122.184120
8192,30,45,23,10265.964277
8192,30,45,24,10403.689312
8192,30,45,25,10263.625495
8192,30,45,26,10255.524676
8192,30,45,27,12125.210406
8192,30,45,28,10311.630339
8192,30,45,29,10262.544170
8192,30,45,30,10407.744462
8192,30,46,1,10238.882114
8192,30,46,2,11808.303589
8192,30,46,3,10347.673595
8192,30,46,4,10425.749773
8192,30,46,5,12111.620313
8192,30,46,6,10380.286520
8192,30,46,7,10258.573705
8192,30,46,8,10430.267659
8192,30,46,9,12166.770127
8192,30,46,10,10346.405108
8192,30,46,11,10238.035496
8192,30,46,12,12127.316507
8192,30,46,13,10504.733424
8192,30,46,14,10338.584386
8192,30,46,15,12134.717198
8192,30,46,16,10299.945848
8192,30,46,17,10266.746863
8192,30,46,18,10430.381106
8192,30,46,19,10237.774936
8192,30,46,20,10464.703679
8192,30,46,21,10263.487948
8192,30,46,22,10223.483261
8192,30,46,23,10299.782320
8192,30,46,24,10500.642880
8192,30,46,25,10336.177768
8192,30,46,26,10458.824079
8192,30,46,27,10487.375853
8192,30,46,28,10364.615255
8192,30,46,29,10245.375066
8192,30,46,30,12066.069294
8192,30,47,1,10235.826739
8192,30,47,2,12091.303109
8192,30,47,3,10371.512245
8192,30,47,4,10420.593294
8192,30,47,5,12070.616730
8192,30,47,6,10422.025071
8192,30,47,7,10386.090430
8192,30,47,8,12114.813721
8192,30,47,9,10253.262005
8192,30,47,10,12108.227989
8192,30,47,11,10228.605122
8192,30,47,12,11310.213658
8192,30,47,13,10417.084079
8192,30,47,14,10366.470586
8192,30,47,15,12142.210345
8192,30,47,16,12133.712572
8192,30,47,17,10293.447842
8192,30,47,18,10434.508529
8192,30,47,19,10581.818311
8192,30,47,20,10514.702321
8192,30,47,21,10512.258856
8192,30,47,22,10462.270954
8192,30,47,23,10298.118556
8192,30,47,24,10456.641917
8192,30,47,25,10362.149758
8192,30,47,26,10353.964670
8192,30,47,27,10356.202943
8192,30,47,28,10382.641238
8192,30,47,29,10388.978387
8192,30,47,30,10390.318924
8192,30,48,1,10360.201393
8192,30,48,2,10355.096857
8192,30,48,3,10343.377466
8192,30,48,4,10363.764972
8192,30,48,5,10294.812966
8192,30,48,6,10402.765435
8192,30,48,7,10240.893510
8192,30,48,8,10368.381139
8192,30,48,9,10831.690342
8192,30,48,10,10382.128155
8192,30,48,11,10371.254446
8192,30,48,12,10476.013541
8192,30,48,13,10449.648858
8192,30,48,14,10535.523981
8192,30,48,15,10291.126975
8192,30,48,16,10358.373332
8192,30,48,17,10351.365395
8192,30,48,18,10340.827574
8192,30,48,19,10391.723715
8192,30,48,20,10393.778943
8192,30,48,21,10281.600950
8192,30,48,22,10381.707811
8192,30,48,23,10360.989595
8192,30,48,24,10723.793192
8192,30,48,25,10234.583867
8192,30,48,26,10352.698589
8192,30,48,27,10302.454272
8192,30,48,28,10241.659879
8192,30,48,29,10388.351961
8192,30,48,30,10198.050598
8192,30,49,1,10279.804094
8192,30,49,2,10358.654770
8192,30,49,3,10293.063890
8192,30,49,4,10284.522653
8192,30,49,5,11265.917478
8192,30,49,6,10473.352188
8192,30,49,7,10443.408855
8192,30,49,8,10465.155755
8192,30,49,9,10405.289279
8192,30,49,10,10332.965277
8192,30,49,11,10300.530411
8192,30,49,12,10333.499840
8192,30,49,13,10339.126133
8192,30,49,14,10342.341737
8192,30,49,15,10444.138904
8192,30,49,16,10366.507651
8192,30,49,17,10355.169969
8192,30,49,18,10299.554669
8192,30,49,19,10268.154773
8192,30,49,20,10307.464054
8192,30,49,21,10361.931388
8192,30,49,22,10362.408020
8192,30,49,23,10326.512957
8192,30,49,24,10366.404336
8192,30,49,25,10364.274282
8192,30,49,26,10260.229094
8192,30,49,27,10399.205889
8192,30,49,28,10364.299234
8192,30,49,29,10424.264456
8192,30,49,30,10424.139703
8192,30,50,1,10484.357811
8192,30,50,2,10291.109249
8192,30,50,3,10384.238985
8192,30,50,4,10418.109299
8192,30,50,5,10352.639082
8192,30,50,6,10328.793495
8192,30,50,7,10350.453846
8192,30,50,8,10364.779620
8192,30,50,9,10353.221660
8192,30,50,10,10300.478939
8192,30,50,11,10370.250860
8192,30,50,12,10310.135935
8192,30,50,13,10346.422090
8192,30,50,14,10351.409082
8192,30,50,15,10328.822577
8192,30,50,16,10347.402750
8192,30,50,17,10367.180872
8192,30,50,18,10352.731323
8192,30,50,19,10290.760332
8192,30,50,20,10347.800599
8192,30,50,21,10329.743057
8192,30,50,22,10368.903801
8192,30,50,23,10369.052320
8192,30,50,24,10409.754876
8192,30,50,25,10460.076304
8192,30,50,26,10497.404136
8192,30,50,27,10337.761859
8192,30,50,28,10259.204472
8192,30,50,29,10376.759577
8192,30,50,30,10293.952987
8192,60,1,1,10265.444411
8192,60,1,2,10346.621132
8192,60,1,3,10355.196326
8192,60,1,4,10390.767239
8192,60,1,5,10311.761123
8192,60,1,6,10340.704548
8192,60,1,7,10361.648066
8192,60,1,8,10338.901824
8192,60,1,9,10337.621942
8192,60,1,10,10321.959630
8192,60,1,11,11692.859758
8192,60,1,12,10266.730059
8192,60,1,13,12209.441139
8192,60,1,14,10360.119356
8192,60,1,15,10357.773107
8192,60,1,16,10367.399373
8192,60,1,17,12117.656155
8192,60,1,18,11176.062336
8192,60,1,19,12106.864275
8192,60,1,20,11500.135995
8192,60,1,21,10216.188791
8192,60,1,22,10258.735523
8192,60,1,23,10269.248045
8192,60,1,24,12048.581585
8192,60,1,25,12139.937138
8192,60,1,26,12063.109548
8192,60,1,27,10301.417280
8192,60,1,28,10410.699243
8192,60,1,29,10535.677430
8192,60,1,30,10510.559551
8192,60,1,31,10414.986061
8192,60,1,32,10544.590359
8192,60,1,33,10483.202366
8192,60,1,34,10414.403647
8192,60,1,35,10408.963347
8192,60,1,36,10322.306205
8192,60,1,37,10283.268615
8192,60,1,38,10417.609018
8192,60,1,39,10298.022734
8192,60,1,40,10285.671196
8192,60,1,41,10431.867979
8192,60,1,42,10268.820973
8192,60,1,43,10352.689681
8192,60,1,44,10337.806686
8192,60,1,45,10481.772979
8192,60,1,46,10248.014715
8192,60,1,47,10338.243930
8192,60,1,48,10332.005462
8192,60,1,49,10327.970324
8192,60,1,50,10356.458124
8192,60,1,51,12122.165526
8192,60,1,52,12152.613161
8192,60,1,53,10247.806539
8192,60,1,54,10250.979110
8192,60,1,55,12130.350876
8192,60,1,56,10386.149215
8192,60,1,57,10248.814603
8192,60,1,58,10407.212570
8192,60,1,59,10268.689951
8192,60,1,60,10276.390678
8192,60,2,1,10293.712968
8192,60,2,2,10233.329556
8192,60,2,3,12137.082069
8192,60,2,4,12160.984487
8192,60,2,5,10389.500516
8192,60,2,6,10353.188117
8192,60,2,7,10318.847689
8192,60,2,8,10251.564827
8192,60,2,9,10248.476580
8192,60,2,10,10214.625209
8192,60,2,11,10366.386635
8192,60,2,12,10243.622644
8192,60,2,13,10286.105861
8192,60,2,14,10248.971132
8192,60,2,15,10263.567486
8192,60,2,16,10313.184825
8192,60,2,17,10282.388654
8192,60,2,18,10362.257559
8192,60,2,19,10271.694179
8192,60,2,20,10359.057788
8192,60,2,21,10380.937363
8192,60,2,22,10305.478797
8192,60,2,23,10309.338053
8192,60,2,24,10308.386818
8192,60,2,25,10353.244770
8192,60,2,26,10315.035452
8192,60,2,27,10294.029384
8192,60,2,28,10415.617454
8192,60,2,29,10489.698249
8192,60,2,30,10453.850108
8192,60,2,31,10388.442784
8192,60,2,32,10307.107726
8192,60,2,33,10299.292902
8192,60,2,34,10280.164481
8192,60,2,35,10390.316663
8192,60,2,36,10354.741726
8192,60,2,37,10358.973260
8192,60,2,38,10348.520323
8192,60,2,39,10369.363743
8192,60,2,40,10275.101069
8192,60,2,41,10382.796887
8192,60,2,42,10305.944313
8192,60,2,43,10281.813541
8192,60,2,44,10349.772893
8192,60,2,45,10459.247041
8192,60,2,46,10427.821130
8192,60,2,47,10318.636143
8192,60,2,48,10443.062248
8192,60,2,49,10354.583274
8192,60,2,50,10351.046985
8192,60,2,51,10361.643859
8192,60,2,52,10382.539371
8192,60,2,53,10428.868650
8192,60,2,54,10538.934817
8192,60,2,55,10452.898970
8192,60,2,56,10340.420646
8192,60,2,57,10299.782349
8192,60,2,58,10370.502714
8192,60,2,59,10313.156221
8192,60,2,60,10284.550631
8192,60,3,1,10368.946477
8192,60,3,2,10287.930602
8192,60,3,3,10450.150810
8192,60,3,4,10294.187877
8192,60,3,5,10325.152145
8192,60,3,6,10327.700186
8192,60,3,7,10344.067328
8192,60,3,8,10343.295466
8192,60,3,9,10289.750826
8192,60,3,10,10336.424786
8192,60,3,11,10328.402612
8192,60,3,12,10307.901902
8192,60,3,13,10311.086023
8192,60,3,14,10358.013518
8192,60,3,15,10309.686235
8192,60,3,16,10346.433625
8192,60,3,17,10383.234521
8192,60,3,18,10476.824093
8192,60,3,19,10408.956078
8192,60,3,20,10316.342919
8192,60,3,21,10438.514366
8192,60,3,22,10283.216449
8192,60,3,23,10350.688413
8192,60,3,24,10355.648079
8192,60,3,25,10331.625882
8192,60,3,26,10350.895705
8192,60,3,27,10477.264719
8192,60,3,28,12169.892894
8192,60,3,29,10318.780582
8192,60,3,30,10345.673168
8192,60,3,31,10336.563088
8192,60,3,32,10377.260433
8192,60,3,33,10388.007580
8192,60,3,34,10327.515256
8192,60,3,35,12176.785673
8192,60,3,36,10432.469314
8192,60,3,37,10289.554437
8192,60,3,38,10296.836059
8192,60,3,39,10345.950171
8192,60,3,40,10337.132240
8192,60,3,41,10432.645518
8192,60,3,42,10413.402445
8192,60,3,43,10442.782736
8192,60,3,44,10330.455161
8192,60,3,45,10335.256858
8192,60,3,46,10297.453333
8192,60,3,47,10451.017062
8192,60,3,48,12073.816012
8192,60,3,49,10349.805271
8192,60,3,50,10318.085954
8192,60,3,51,10314.633504
8192,60,3,52,10278.197597
8192,60,3,53,10345.218656
8192,60,3,54,10377.202045
8192,60,3,55,11055.004341
8192,60,3,56,10339.662211
8192,60,3,57,12164.534196
8192,60,3,58,10280.501546
8192,60,3,59,12165.237724
8192,60,3,60,10302.489762
8192,60,4,1,12160.005819
8192,60,4,2,10294.913112
8192,60,4,3,10371.335264
8192,60,4,4,10443.940017
8192,60,4,5,10477.569872
8192,60,4,6,10475.179971
8192,60,4,7,12125.059060
8192,60,4,8,12136.418036
8192,60,4,9,10325.443644
8192,60,4,10,10303.979670
8192,60,4,11,11352.843098
8192,60,4,12,10384.585412
8192,60,4,13,10463.669641
8192,60,4,14,10328.250824
8192,60,4,15,10340.296870
8192,60,4,16,10483.785327
8192,60,4,17,10286.499703
8192,60,4,18,10439.146575
8192,60,4,19,10453.200796
8192,60,4,20,10485.829551
8192,60,4,21,10328.209167
8192,60,4,22,10286.634768
8192,60,4,23,10348.842216
8192,60,4,24,10325.254805
8192,60,4,25,10301.432210
8192,60,4,26,10295.654599
8192,60,4,27,10349.997044
8192,60,4,28,10409.808737
8192,60,4,29,10388.378670
8192,60,4,30,10363.196069
8192,60,4,31,10265.075272
8192,60,4,32,10483.094894
8192,60,4,33,10327.043534
8192,60,4,34,10324.594467
8192,60,4,35,10380.135793
8192,60,4,36,10316.888073
8192,60,4,37,10343.050660
8192,60,4,38,10250.167619
8192,60,4,39,10289.245577
8192,60,4,40,10264.226669
8192,60,4,41,10261.500271
8192,60,4,42,10360.115169
8192,60,4,43,10306.150379
8192,60,4,44,10309.294495
8192,60,4,45,10290.403268
8192,60,4,46,10301.636891
8192,60,4,47,10260.807473
8192,60,4,48,10290.909761
8192,60,4,49,10338.684386
8192,60,4,50,10294.904620
8192,60,4,51,10347.596777
8192,60,4,52,10395.750320
8192,60,4,53,10584.673246
8192,60,4,54,10444.106911
8192,60,4,55,10343.923864
8192,60,4,56,10317.430549
8192,60,4,57,10257.690079
8192,60,4,58,10315.606991
8192,60,4,59,10254.416636
8192,60,4,60,10267.270839
8192,60,5,1,10297.928194
8192,60,5,2,10373.283720
8192,60,5,3,10343.069349
8192,60,5,4,10254.755928
8192,60,5,5,10382.132454
8192,60,5,6,10244.235670
8192,60,5,7,10330.056764
8192,60,5,8,11495.842309
8192,60,5,9,10329.180825
8192,60,5,10,11829.648353
8192,60,5,11,10368.215539
8192,60,5,12,10337.046980
8192,60,5,13,10367.311933
8192,60,5,14,10409.147573
8192,60,5,15,10369.618929
8192,60,5,16,10399.091744
8192,60,5,17,10426.076333
8192,60,5,18,10447.163548
8192,60,5,19,10360.107643
8192,60,5,20,10344.882300
8192,60,5,21,10300.112729
8192,60,5,22,10282.562054
8192,60,5,23,10364.045057
8192,60,5,24,10279.335122
8192,60,5,25,10322.670912
8192,60,5,26,10232.915325
8192,60,5,27,11789.141199
8192,60,5,28,10383.186848
8192,60,5,29,10350.388534
8192,60,5,30,10285.569343
8192,60,5,31,10340.057521
8192,60,5,32,10349.406915
8192,60,5,33,10301.913218
8192,60,5,34,10375.874567
8192,60,5,35,10306.852935
8192,60,5,36,10327.672505
8192,60,5,37,10376.645507
8192,60,5,38,10330.171282
8192,60,5,39,10356.164913
8192,60,5,40,10403.379950
8192,60,5,41,10405.219853
8192,60,5,42,10408.380211
8192,60,5,43,11753.044528
8192,60,5,44,10285.987821
8192,60,5,45,10306.311189
8192,60,5,46,10279.611810
8192,60,5,47,10340.958076
8192,60,5,48,10371.898032
8192,60,5,49,10368.843946
8192,60,5,50,10372.113121
8192,60,5,51,10368.333956
8192,60,5,52,10310.737867
8192,60,5,53,10308.673237
8192,60,5,54,10361.169166
8192,60,5,55,10343.881836
8192,60,5,56,10313.475368
8192,60,5,57,10394.665965
8192,60,5,58,10352.772730
8192,60,5,59,10337.928238
8192,60,5,60,10294.127032
8192,60,6,1,10262.486126
8192,60,6,2,10376.064901
8192,60,6,3,10365.697600
8192,60,6,4,10420.124977
8192,60,6,5,10416.765274
8192,60,6,6,10474.007802
8192,60,6,7,10351.163587
8192,60,6,8,10374.737856
8192,60,6,9,10335.741158
8192,60,6,10,10285.282408
8192,60,6,11,10343.983410
8192,60,6,12,10347.529496
8192,60,6,13,10340.365237
8192,60,6,14,10347.617171
8192,60,6,15,10352.779436
8192,60,6,16,10299.501887
8192,60,6,17,10349.816806
8192,60,6,18,10370.795924
8192,60,6,19,10337.477155
8192,60,6,20,10296.143380
8192,60,6,21,10322.786317
8192,60,6,22,10456.686924
8192,60,6,23,11841.974665
8192,60,6,24,10326.647249
8192,60,6,25,10310.459681
8192,60,6,26,10298.058070
8192,60,6,27,10333.124756
8192,60,6,28,10327.225698
8192,60,6,29,10461.798435
8192,60,6,30,11295.076813
8192,60,6,31,10214.149343
8192,60,6,32,10301.418850
8192,60,6,33,10284.224326
8192,60,6,34,10290.872083
8192,60,6,35,10286.010379
8192,60,6,36,10321.499921
8192,60,6,37,10292.031695
8192,60,6,38,10235.608206
8192,60,6,39,10369.710957
8192,60,6,40,10325.074433
8192,60,6,41,10305.787013
8192,60,6,42,10307.501001
8192,60,6,43,10314.788629
8192,60,6,44,10255.892810
8192,60,6,45,10255.436292
8192,60,6,46,10290.333672
8192,60,6,47,10356.790026
8192,60,6,48,10252.944819
8192,60,6,49,10319.265546
8192,60,6,50,10274.697911
8192,60,6,51,10291.495814
8192,60,6,52,10389.625430
8192,60,6,53,10596.987389
8192,60,6,54,10541.172003
8192,60,6,55,10275.199373
8192,60,6,56,10307.890601
8192,60,6,57,10227.314809
8192,60,6,58,10298.959823
8192,60,6,59,10236.039787
8192,60,6,60,10436.300726
8192,60,7,1,10304.807528
8192,60,7,2,10366.834372
8192,60,7,3,10228.236091
8192,60,7,4,10299.980647
8192,60,7,5,10447.333333
8192,60,7,6,10461.044004
8192,60,7,7,10445.734078
8192,60,7,8,10299.431160
8192,60,7,9,10314.430455
8192,60,7,10,10237.397909
8192,60,7,11,10259.354969
8192,60,7,12,10266.970288
8192,60,7,13,10319.043413
8192,60,7,14,10299.033190
8192,60,7,15,10387.101934
8192,60,7,16,10346.668203
8192,60,7,17,10347.133315
8192,60,7,18,10373.405905
8192,60,7,19,10335.379635
8192,60,7,20,10312.121402
8192,60,7,21,10343.384294
8192,60,7,22,10312.008330
8192,60,7,23,10309.755853
8192,60,7,24,10274.343309
8192,60,7,25,10487.073644
8192,60,7,26,10250.924391
8192,60,7,27,10344.715554
8192,60,7,28,10595.343582
8192,60,7,29,10311.196577
8192,60,7,30,10257.070181
8192,60,7,31,10305.434809
8192,60,7,32,10348.472075
8192,60,7,33,10329.814324
8192,60,7,34,10244.210958
8192,60,7,35,10337.223046
8192,60,7,36,10324.015309
8192,60,7,37,10312.844916
8192,60,7,38,10370.431687
8192,60,7,39,10356.009717
8192,60,7,40,10339.863459
8192,60,7,41,10383.993680
8192,60,7,42,10382.876724
8192,60,7,43,10297.612314
8192,60,7,44,10298.335541
8192,60,7,45,10229.617935
8192,60,7,46,10291.477441
8192,60,7,47,10290.148072
8192,60,7,48,10302.698129
8192,60,7,49,10284.349859
8192,60,7,50,12134.116939
8192,60,7,51,11225.340572
8192,60,7,52,10238.855235
8192,60,7,53,10245.439536
8192,60,7,54,10685.332102
8192,60,7,55,10250.684034
8192,60,7,56,12106.761781
8192,60,7,57,12183.690239
8192,60,7,58,10297.862947
8192,60,7,59,10341.206601
8192,60,7,60,10335.971065
8192,60,8,1,10243.978845
8192,60,8,2,10346.024787
8192,60,8,3,12117.108149
8192,60,8,4,10426.987129
8192,60,8,5,10428.699241
8192,60,8,6,10335.150962
8192,60,8,7,10260.752248
8192,60,8,8,12194.447844
8192,60,8,9,10289.854684
8192,60,8,10,10246.738781
8192,60,8,11,10328.326438
8192,60,8,12,10338.456560
8192,60,8,13,10320.284866
8192,60,8,14,10365.186947
8192,60,8,15,10307.973309
8192,60,8,16,10348.771002
8192,60,8,17,10321.636076
8192,60,8,18,10292.991829
8192,60,8,19,10364.748088
8192,60,8,20,10327.432122
8192,60,8,21,10312.583085
8192,60,8,22,10294.247894
8192,60,8,23,10308.614288
8192,60,8,24,10372.428393
8192,60,8,25,10315.320739
8192,60,8,26,10281.128386
8192,60,8,27,10316.003969
8192,60,8,28,10358.493263
8192,60,8,29,10333.925879
8192,60,8,30,10395.701489
8192,60,8,31,10306.932733
8192,60,8,32,10214.386315
8192,60,8,33,10318.956296
8192,60,8,34,10240.214462
8192,60,8,35,10393.002257
8192,60,8,36,10296.221427
8192,60,8,37,10375.206463
8192,60,8,38,10326.201656
8192,60,8,39,10353.145434
8192,60,8,40,10397.954449
8192,60,8,41,10296.584290
8192,60,8,42,10306.925532
8192,60,8,43,10301.352459
8192,60,8,44,10345.829723
8192,60,8,45,10281.677255
8192,60,8,46,10307.944425
8192,60,8,47,10302.420930
8192,60,8,48,10299.864481
8192,60,8,49,10422.788808
8192,60,8,50,10452.412938
8192,60,8,51,10375.134823
8192,60,8,52,10338.385960
8192,60,8,53,10433.747147
8192,60,8,54,10255.508601
8192,60,8,55,10231.673293
8192,60,8,56,10320.553307
8192,60,8,57,10750.226826
8192,60,8,58,10668.626114
8192,60,8,59,10253.894215
8192,60,8,60,10349.521333
8192,60,9,1,10270.255824
8192,60,9,2,10326.678936
8192,60,9,3,10269.318158
8192,60,9,4,10245.440607
8192,60,9,5,10241.572110
8192,60,9,6,10356.872652
8192,60,9,7,10360.329317
8192,60,9,8,10231.810588
8192,60,9,9,10323.274301
8192,60,9,10,10367.472858
8192,60,9,11,10298.886943
8192,60,9,12,10350.177716
8192,60,9,13,10330.442756
8192,60,9,14,10484.541154
8192,60,9,15,10389.380632
8192,60,9,16,10321.867647
8192,60,9,17,10410.108120
8192,60,9,18,10383.099304
8192,60,9,19,10261.080612
8192,60,9,20,10223.796479
8192,60,9,21,10226.315369
8192,60,9,22,10278.680287
8192,60,9,23,10392.250840
8192,60,9,24,10290.845385
8192,60,9,25,10259.767141
8192,60,9,26,10239.246875
8192,60,9,27,10446.272348
8192,60,9,28,10236.007735
8192,60,9,29,10296.433539
8192,60,9,30,10479.608709
8192,60,9,31,10512.858475
8192,60,9,32,10330.686210
8192,60,9,33,10337.552949
8192,60,9,34,10463.073936
8192,60,9,35,10318.955927
8192,60,9,36,10291.512056
8192,60,9,37,10239.923851
8192,60,9,38,10310.245012
8192,60,9,39,10374.730818
8192,60,9,40,10351.968073
8192,60,9,41,10573.640715
8192,60,9,42,10368.098762
8192,60,9,43,10244.700520
8192,60,9,44,10439.455463
8192,60,9,45,10391.763228
8192,60,9,46,10247.361105
8192,60,9,47,10363.092778
8192,60,9,48,10319.641616
8192,60,9,49,10248.606685
8192,60,9,50,10443.100286
8192,60,9,51,10299.603810
8192,60,9,52,10466.077363
8192,60,9,53,10288.259917
8192,60,9,54,10323.634787
8192,60,9,55,10297.580555
8192,60,9,56,10447.711424
8192,60,9,57,10356.997899
8192,60,9,58,10308.750521
8192,60,9,59,10221.908376
8192,60,9,60,10285.905090
8192,60,10,1,10319.051687
8192,60,10,2,10331.360872
8192,60,10,3,10415.126104
8192,60,10,4,10688.477280
8192,60,10,5,10459.834898
8192,60,10,6,10470.497269
8192,60,10,7,10205.757050
8192,60,10,8,10447.859043
8192,60,10,9,10202.331512
8192,60,10,10,10475.225875
8192,60,10,11,10297.797024
8192,60,10,12,10364.967712
8192,60,10,13,10290.711001
8192,60,10,14,10302.678299
8192,60,10,15,10335.030428
8192,60,10,16,10316.493925
8192,60,10,17,10235.137462
8192,60,10,18,10881.026268
8192,60,10,19,10330.400219
8192,60,10,20,10374.312315
8192,60,10,21,10286.250850
8192,60,10,22,10337.100364
8192,60,10,23,10257.659283
8192,60,10,24,10357.521966
8192,60,10,25,10265.360476
8192,60,10,26,10457.101950
8192,60,10,27,10389.445604
8192,60,10,28,10359.301326
8192,60,10,29,11068.692292
8192,60,10,30,10278.502792
8192,60,10,31,10263.757169
8192,60,10,32,10278.792638
8192,60,10,33,10201.400340
8192,60,10,34,10296.264226
8192,60,10,35,12269.090835
8192,60,10,36,10314.416605
8192,60,10,37,10239.185202
8192,60,10,38,10311.920239
8192,60,10,39,10293.305176
8192,60,10,40,10299.827626
8192,60,10,41,10244.344011
8192,60,10,42,10277.691557
8192,60,10,43,10339.500473
8192,60,10,44,12182.510505
8192,60,10,45,10246.386857
8192,60,10,46,10325.794165
8192,60,10,47,10306.243633
8192,60,10,48,10280.567586
8192,60,10,49,12149.055273
8192,60,10,50,12130.652526
8192,60,10,51,11835.750628
8192,60,10,52,12068.367576
8192,60,10,53,12105.599689
8192,60,10,54,12126.577466
8192,60,10,55,10289.639307
8192,60,10,56,10292.640265
8192,60,10,57,12142.967710
8192,60,10,58,12176.688683
8192,60,10,59,10245.581958
8192,60,10,60,10322.763736
8192,60,11,1,10327.030020
8192,60,11,2,12015.244040
8192,60,11,3,10220.597177
8192,60,11,4,10426.046919
8192,60,11,5,12119.517084
8192,60,11,6,10303.347809
8192,60,11,7,10360.124986
8192,60,11,8,10232.601401
8192,60,11,9,10302.043331
8192,60,11,10,10355.071300
8192,60,11,11,10240.519073
8192,60,11,12,10358.809755
8192,60,11,13,10391.226788
8192,60,11,14,10460.711711
8192,60,11,15,10546.157157
8192,60,11,16,10391.354874
8192,60,11,17,10364.755926
8192,60,11,18,10249.633739
8192,60,11,19,10320.519876
8192,60,11,20,10276.622375
8192,60,11,21,10326.487599
8192,60,11,22,10322.989340
8192,60,11,23,10399.988352
8192,60,11,24,10337.435675
8192,60,11,25,10256.520488
8192,60,11,26,10422.378712
8192,60,11,27,10323.011873
8192,60,11,28,10218.175987
8192,60,11,29,10291.299619
8192,60,11,30,10223.948177
8192,60,11,31,10245.598779
8192,60,11,32,10298.561359
8192,60,11,33,10342.352222
8192,60,11,34,11453.914466
8192,60,11,35,10254.135951
8192,60,11,36,10315.548818
8192,60,11,37,10490.798703
8192,60,11,38,10336.766220
8192,60,11,39,10421.899663
8192,60,11,40,10643.941785
8192,60,11,41,10229.426533
8192,60,11,42,10285.668635
8192,60,11,43,11814.138792
8192,60,11,44,10296.423886
8192,60,11,45,10458.024648
8192,60,11,46,10434.229655
8192,60,11,47,10326.404058
8192,60,11,48,10334.752602
8192,60,11,49,10353.687578
8192,60,11,50,10468.028964
8192,60,11,51,10321.303392
8192,60,11,52,10312.944911
8192,60,11,53,10431.912426
8192,60,11,54,10315.700831
8192,60,11,55,10291.529527
8192,60,11,56,10361.856066
8192,60,11,57,10290.962437
8192,60,11,58,10277.898450
8192,60,11,59,10335.184665
8192,60,11,60,10315.166938
8192,60,12,1,10420.209159
8192,60,12,2,10463.945910
8192,60,12,3,10434.725650
8192,60,12,4,10390.358135
8192,60,12,5,10307.653464
8192,60,12,6,10278.032182
8192,60,12,7,10320.505114
8192,60,12,8,10328.482916
8192,60,12,9,10312.351717
8192,60,12,10,10333.509604
8192,60,12,11,10381.044075
8192,60,12,12,10276.199628
8192,60,12,13,10345.013754
8192,60,12,14,10309.880673
8192,60,12,15,10275.514674
8192,60,12,16,10300.147941
8192,60,12,17,10291.303070
8192,60,12,18,10231.968885
8192,60,12,19,10329.681892
8192,60,12,20,10356.115303
8192,60,12,21,10314.002318
8192,60,12,22,10304.527371
8192,60,12,23,10347.701898
8192,60,12,24,10374.565682
8192,60,12,25,10348.737133
8192,60,12,26,10591.728326
8192,60,12,27,10418.569261
8192,60,12,28,10796.680222
8192,60,12,29,10416.518132
8192,60,12,30,10327.888732
8192,60,12,31,10363.582255
8192,60,12,32,10270.803368
8192,60,12,33,10308.676127
8192,60,12,34,10389.461598
8192,60,12,35,10354.012421
8192,60,12,36,10286.261528
8192,60,12,37,10330.883441
8192,60,12,38,10267.423104
8192,60,12,39,10327.255271
8192,60,12,40,10289.529379
8192,60,12,41,10357.889301
8192,60,12,42,10381.801041
8192,60,12,43,10327.200518
8192,60,12,44,10278.499900
8192,60,12,45,12118.323563
8192,60,12,46,10320.856206
8192,60,12,47,10379.786814
8192,60,12,48,10370.147098
8192,60,12,49,10332.593919
8192,60,12,50,10399.980842
8192,60,12,51,10450.506483
8192,60,12,52,12081.103506
8192,60,12,53,10469.226422
8192,60,12,54,10462.562693
8192,60,12,55,10263.389258
8192,60,12,56,10442.422165
8192,60,12,57,10293.148137
8192,60,12,58,10328.513520
8192,60,12,59,10467.082670
8192,60,12,60,10312.121712
8192,60,13,1,10484.782458
8192,60,13,2,10323.596709
8192,60,13,3,10388.401375
8192,60,13,4,10308.953662
8192,60,13,5,10403.190672
8192,60,13,6,10250.065292
8192,60,13,7,10245.889186
8192,60,13,8,10263.202098
8192,60,13,9,10310.913288
8192,60,13,10,10277.294735
8192,60,13,11,10283.218651
8192,60,13,12,10435.030360
8192,60,13,13,10440.499674
8192,60,13,14,10373.845976
8192,60,13,15,10376.554136
8192,60,13,16,10273.600600
8192,60,13,17,10232.459537
8192,60,13,18,10290.116438
8192,60,13,19,10341.490067
8192,60,13,20,10283.267750
8192,60,13,21,10362.788814
8192,60,13,22,10232.677410
8192,60,13,23,10334.633210
8192,60,13,24,10358.908057
8192,60,13,25,10374.221117
8192,60,13,26,10257.240447
8192,60,13,27,10383.175051
8192,60,13,28,10277.929809
8192,60,13,29,10390.594595
8192,60,13,30,10236.547364
8192,60,13,31,10292.138581
8192,60,13,32,10236.986393
8192,60,13,33,10466.729215
8192,60,13,34,10353.014864
8192,60,13,35,10286.167310
8192,60,13,36,10456.555324
8192,60,13,37,10335.736339
8192,60,13,38,10388.649544
8192,60,13,39,10422.194591
8192,60,13,40,10434.141872
8192,60,13,41,10342.453110
8192,60,13,42,10229.247234
8192,60,13,43,10237.276453
8192,60,13,44,10232.261336
8192,60,13,45,10267.043068
8192,60,13,46,10215.900777
8192,60,13,47,10321.956185
8192,60,13,48,10244.847766
8192,60,13,49,10276.676975
8192,60,13,50,10310.674078
8192,60,13,51,10237.756397
8192,60,13,52,10337.574159
8192,60,13,53,10307.569697
8192,60,13,54,10297.099353
8192,60,13,55,10281.286581
8192,60,13,56,10324.020783
8192,60,13,57,11791.680525
8192,60,13,58,11323.216973
8192,60,13,59,10233.057547
8192,60,13,60,10258.050635
8192,60,14,1,10362.122657
8192,60,14,2,10321.666865
8192,60,14,3,10584.744261
8192,60,14,4,11179.005980
8192,60,14,5,10888.910578
8192,60,14,6,10280.579703
8192,60,14,7,10336.170020
8192,60,14,8,10318.111738
8192,60,14,9,10435.740867
8192,60,14,10,10305.712709
8192,60,14,11,10384.809904
8192,60,14,12,10416.167088
8192,60,14,13,10327.457647
8192,60,14,14,10346.921178
8192,60,14,15,10429.914643
8192,60,14,16,10354.397296
8192,60,14,17,10396.914410
8192,60,14,18,10329.773318
8192,60,14,19,10467.643342
8192,60,14,20,10315.446988
8192,60,14,21,10379.648795
8192,60,14,22,10299.497431
8192,60,14,23,10291.323210
8192,60,14,24,10224.468360
8192,60,14,25,10407.666363
8192,60,14,26,10406.687363
8192,60,14,27,10472.774184
8192,60,14,28,10379.928489
8192,60,14,29,10478.056855
8192,60,14,30,10337.093523
8192,60,14,31,10240.399074
8192,60,14,32,10434.049814
8192,60,14,33,10320.509497
8192,60,14,34,10206.470907
8192,60,14,35,10234.571367
8192,60,14,36,10393.225967
8192,60,14,37,10326.010927
8192,60,14,38,10396.526952
8192,60,14,39,10317.581677
8192,60,14,40,10215.070143
8192,60,14,41,10301.194384
8192,60,14,42,10361.113596
8192,60,14,43,10342.197995
8192,60,14,44,10236.066496
8192,60,14,45,10344.514285
8192,60,14,46,10243.426263
8192,60,14,47,10300.358750
8192,60,14,48,10286.029012
8192,60,14,49,10383.764626
8192,60,14,50,10415.091959
8192,60,14,51,10345.431439
8192,60,14,52,10366.600894
8192,60,14,53,10220.251721
8192,60,14,54,10301.915733
8192,60,14,55,10367.586200
8192,60,14,56,10341.743744
8192,60,14,57,10346.306997
8192,60,14,58,10243.730804
8192,60,14,59,10317.753431
8192,60,14,60,10351.073659
8192,60,15,1,10270.206413
8192,60,15,2,10390.612187
8192,60,15,3,11131.578295
8192,60,15,4,10266.279509
8192,60,15,5,10339.966522
8192,60,15,6,12256.015165
8192,60,15,7,10342.191094
8192,60,15,8,10237.035569
8192,60,15,9,10291.519170
8192,60,15,10,11460.365194
8192,60,15,11,10369.570212
8192,60,15,12,10455.587094
8192,60,15,13,10354.446483
8192,60,15,14,10425.528580
8192,60,15,15,10548.392232
8192,60,15,16,10358.337616
8192,60,15,17,11620.709190
8192,60,15,18,10286.158856
8192,60,15,19,10252.449438
8192,60,15,20,10271.600396
8192,60,15,21,10309.811104
8192,60,15,22,10271.904366
8192,60,15,23,10314.039677
8192,60,15,24,10289.656763
8192,60,15,25,10293.574586
8192,60,15,26,10260.135823
8192,60,15,27,10256.447501
8192,60,15,28,10293.568225
8192,60,15,29,10293.051950
8192,60,15,30,10345.469885
8192,60,15,31,10337.778700
8192,60,15,32,10311.567950
8192,60,15,33,10295.927073
8192,60,15,34,10250.421329
8192,60,15,35,10234.688992
8192,60,15,36,10318.316697
8192,60,15,37,10324.871983
8192,60,15,38,10352.581489
8192,60,15,39,10319.755945
8192,60,15,40,10331.413307
8192,60,15,41,10246.123215
8192,60,15,42,10241.670994
8192,60,15,43,10243.592665
8192,60,15,44,10328.099512
8192,60,15,45,10274.958328
8192,60,15,46,10247.745389
8192,60,15,47,10251.038110
8192,60,15,48,10237.318907
8192,60,15,49,10357.031462
8192,60,15,50,10235.926297
8192,60,15,51,10269.362919
8192,60,15,52,10313.727621
8192,60,15,53,10363.563703
8192,60,15,54,10394.091923
8192,60,15,55,10351.440281
8192,60,15,56,10260.482747
8192,60,15,57,10369.015618
8192,60,15,58,10267.575901
8192,60,15,59,10298.968992
8192,60,15,60,10262.634344
8192,60,16,1,10279.390672
8192,60,16,2,10329.924968
8192,60,16,3,10377.535817
8192,60,16,4,10404.654334
8192,60,16,5,10239.933856
8192,60,16,6,10415.386678
8192,60,16,7,10221.169965
8192,60,16,8,10376.595944
8192,60,16,9,10251.255899
8192,60,16,10,10231.960406
8192,60,16,11,10355.086066
8192,60,16,12,10274.280893
8192,60,16,13,10321.993784
8192,60,16,14,10318.095264
8192,60,16,15,10265.834041
8192,60,16,16,10343.345971
8192,60,16,17,10321.500752
8192,60,16,18,10236.384024
8192,60,16,19,10266.800666
8192,60,16,20,12262.332887
8192,60,16,21,10279.073730
8192,60,16,22,10377.099636
8192,60,16,23,10355.111823
8192,60,16,24,10288.128273
8192,60,16,25,12242.722406
8192,60,16,26,10413.169303
8192,60,16,27,10412.774534
8192,60,16,28,10323.461004
8192,60,16,29,10370.270129
8192,60,16,30,10259.141130
8192,60,16,31,12201.848628
8192,60,16,32,12245.462196
8192,60,16,33,10251.345688
8192,60,16,34,10319.844370
8192,60,16,35,10320.933513
8192,60,16,36,12219.414454
8192,60,16,37,12219.894507
8192,60,16,38,10379.746477
8192,60,16,39,12232.858405
8192,60,16,40,10297.028181
8192,60,16,41,10357.094558
8192,60,16,42,10263.797939
8192,60,16,43,10331.538976
8192,60,16,44,10315.025723
8192,60,16,45,10254.448575
8192,60,16,46,10374.099301
8192,60,16,47,12245.872553
8192,60,16,48,10324.247184
8192,60,16,49,10442.566577
8192,60,16,50,12205.043790
8192,60,16,51,12198.230568
8192,60,16,52,10291.085445
8192,60,16,53,10540.480814
8192,60,16,54,10353.178270
8192,60,16,55,10340.682884
8192,60,16,56,12316.161525
8192,60,16,57,10450.721920
8192,60,16,58,10442.855552
8192,60,16,59,12210.053249
8192,60,16,60,10462.322861
8192,60,17,1,10419.961980
8192,60,17,2,12256.029278
8192,60,17,3,12164.959090
8192,60,17,4,10363.867516
8192,60,17,5,10331.280020
8192,60,17,6,10271.602038
8192,60,17,7,10260.888995
8192,60,17,8,10221.602121
8192,60,17,9,10313.070733
8192,60,17,10,10351.938821
8192,60,17,11,10265.609948
8192,60,17,12,10365.074511
8192,60,17,13,10421.328665
8192,60,17,14,10326.720638
8192,60,17,15,10300.994567
8192,60,17,16,10331.780455
8192,60,17,17,10255.538596
8192,60,17,18,10306.597462
8192,60,17,19,10244.596901
8192,60,17,20,10217.350604
8192,60,17,21,10373.754675
8192,60,17,22,10252.002723
8192,60,17,23,10338.235046
8192,60,17,24,10256.990737
8192,60,17,25,10340.565636
8192,60,17,26,12160.884315
8192,60,17,27,10424.851171
8192,60,17,28,10263.313677
8192,60,17,29,10371.024940
8192,60,17,30,12120.925197
8192,60,17,31,10366.000496
8192,60,17,32,10386.092518
8192,60,17,33,10384.747989
8192,60,17,34,10402.994449
8192,60,17,35,10447.683725
8192,60,17,36,10267.593386
8192,60,17,37,10316.966781
8192,60,17,38,10290.860407
8192,60,17,39,10292.696513
8192,60,17,40,12035.058782
8192,60,17,41,12066.047958
8192,60,17,42,10284.039715
8192,60,17,43,12134.967577
8192,60,17,44,12126.290775
8192,60,17,45,12116.204569
8192,60,17,46,12131.079111
8192,60,17,47,12160.750597
8192,60,17,48,10217.018906
8192,60,17,49,10273.293980
8192,60,17,50,10247.225401
8192,60,17,51,10309.898210
8192,60,17,52,10224.945082
8192,60,17,53,10233.780904
8192,60,17,54,10224.808645
8192,60,17,55,10363.976663
8192,60,17,56,10254.513035
8192,60,17,57,10255.544064
8192,60,17,58,10288.877230
8192,60,17,59,10338.465247
8192,60,17,60,10349.334124
8192,60,18,1,10441.981448
8192,60,18,2,10268.776196
8192,60,18,3,10234.144732
8192,60,18,4,10329.289075
8192,60,18,5,10206.093427
8192,60,18,6,10240.574595
8192,60,18,7,10303.481045
8192,60,18,8,12187.865004
8192,60,18,9,10336.997561
8192,60,18,10,12119.315785
8192,60,18,11,10249.550825
8192,60,18,12,10320.605686
8192,60,18,13,12120.168703
8192,60,18,14,10342.311091
8192,60,18,15,10245.117580
8192,60,18,16,10309.417663
8192,60,18,17,10343.115292
8192,60,18,18,10562.990039
8192,60,18,19,10366.489139
8192,60,18,20,10254.894862
8192,60,18,21,10386.059587
8192,60,18,22,10349.412383
8192,60,18,23,12113.581586
8192,60,18,24,12132.924591
8192,60,18,25,12100.415430
8192,60,18,26,10253.273135
8192,60,18,27,10257.842188
8192,60,18,28,10311.443851
8192,60,18,29,12166.778635
8192,60,18,30,10367.370694
8192,60,18,31,12163.617842
8192,60,18,32,11282.903307
8192,60,18,33,10293.420756
8192,60,18,34,10273.927307
8192,60,18,35,12169.192215
8192,60,18,36,11656.348963
8192,60,18,37,10257.193738
8192,60,18,38,10295.444657
8192,60,18,39,11814.632698
8192,60,18,40,10471.061240
8192,60,18,41,10314.333521
8192,60,18,42,10241.357413
8192,60,18,43,10338.794366
8192,60,18,44,10316.586723
8192,60,18,45,11657.007330
8192,60,18,46,10428.874711
8192,60,18,47,10442.652531
8192,60,18,48,10416.812695
8192,60,18,49,10227.567979
8192,60,18,50,10327.520322
8192,60,18,51,10368.290432
8192,60,18,52,10332.671737
8192,60,18,53,10318.413431
8192,60,18,54,10339.676149
8192,60,18,55,10479.210079
8192,60,18,56,10324.187515
8192,60,18,57,10235.121568
8192,60,18,58,10320.673109
8192,60,18,59,10295.018074
8192,60,18,60,10321.030550
8192,60,19,1,10356.228730
8192,60,19,2,10222.398668
8192,60,19,3,10472.250155
8192,60,19,4,10305.564649
8192,60,19,5,10226.678172
8192,60,19,6,10324.466077
8192,60,19,7,10317.542270
8192,60,19,8,10473.969132
8192,60,19,9,10398.090559
8192,60,19,10,10369.228487
8192,60,19,11,10401.812630
8192,60,19,12,10473.008940
8192,60,19,13,10293.517984
8192,60,19,14,10272.348697
8192,60,19,15,10252.718565
8192,60,19,16,10324.957447
8192,60,19,17,10246.363473
8192,60,19,18,10323.284052
8192,60,19,19,10277.172833
8192,60,19,20,10223.020201
8192,60,19,21,10345.153094
8192,60,19,22,10453.088872
8192,60,19,23,10225.292323
8192,60,19,24,10293.108622
8192,60,19,25,10465.248446
8192,60,19,26,10235.768207
8192,60,19,27,10431.312643
8192,60,19,28,10307.006194
8192,60,19,29,10209.894762
8192,60,19,30,10320.556242
8192,60,19,31,10298.199748
8192,60,19,32,10258.487792
8192,60,19,33,10554.073498
8192,60,19,34,10345.946318
8192,60,19,35,10425.878069
8192,60,19,36,10257.367699
8192,60,19,37,10290.327813
8192,60,19,38,10995.677981
8192,60,19,39,10217.127507
8192,60,19,40,10268.349174
8192,60,19,41,10242.470356
8192,60,19,42,10369.331522
8192,60,19,43,10245.335661
8192,60,19,44,10388.447018
8192,60,19,45,10246.928812
8192,60,19,46,10357.681623
8192,60,19,47,10225.601503
8192,60,19,48,10277.925567
8192,60,19,49,10218.003271
8192,60,19,50,10243.569817
8192,60,19,51,10338.406567
8192,60,19,52,10389.274709
8192,60,19,53,10287.821367
8192,60,19,54,10238.988433
8192,60,19,55,10304.550724
8192,60,19,56,10297.517593
8192,60,19,57,10388.282806
8192,60,19,58,10492.310179
8192,60,19,59,10427.456144
8192,60,19,60,10264.014732
8192,60,20,1,10240.339507
8192,60,20,2,10297.218018
8192,60,20,3,10271.363967
8192,60,20,4,10643.633114
8192,60,20,5,10240.609477
8192,60,20,6,12213.273793
8192,60,20,7,10329.135713
8192,60,20,8,10377.200614
8192,60,20,9,10396.176732
8192,60,20,10,10390.300440
8192,60,20,11,10406.025336
8192,60,20,12,10395.463014
8192,60,20,13,11479.232309
8192,60,20,14,10416.110811
8192,60,20,15,10338.696937
8192,60,20,16,10353.735044
8192,60,20,17,10343.172316
8192,60,20,18,11270.897813
8192,60,20,19,10353.402310
8192,60,20,20,10340.897315
8192,60,20,21,10364.913833
8192,60,20,22,10318.527504
8192,60,20,23,10314.859764
8192,60,20,24,10325.724485
8192,60,20,25,10330.708398
8192,60,20,26,10344.567713
8192,60,20,27,10317.296944
8192,60,20,28,10361.463492
8192,60,20,29,10396.991448
8192,60,20,30,10268.654705
8192,60,20,31,10327.557798
8192,60,20,32,10969.415719
8192,60,20,33,12226.817490
8192,60,20,34,12219.135954
8192,60,20,35,10322.255925
8192,60,20,36,12208.883613
8192,60,20,37,10369.599095
8192,60,20,38,11886.101098
8192,60,20,39,10246.396201
8192,60,20,40,10271.851949
8192,60,20,41,10316.767957
8192,60,20,42,10269.466061
8192,60,20,43,10343.407706
8192,60,20,44,10316.028007
8192,60,20,45,10405.872654
8192,60,20,46,10667.048118
8192,60,20,47,11165.005290
8192,60,20,48,10363.662562
8192,60,20,49,12117.454053
8192,60,20,50,12156.450297
8192,60,20,51,10355.498995
8192,60,20,52,10294.969564
8192,60,20,53,10347.081606
8192,60,20,54,10331.560738
8192,60,20,55,10274.490865
8192,60,20,56,10364.780353
8192,60,20,57,10268.583713
8192,60,20,58,10346.920763
8192,60,20,59,10296.920854
8192,60,20,60,11292.851770
8192,60,21,1,10342.165309
8192,60,21,2,10304.814478
8192,60,21,3,10338.993209
8192,60,21,4,10225.833418
8192,60,21,5,10383.316499
8192,60,21,6,10283.645755
8192,60,21,7,12113.951095
8192,60,21,8,10386.267577
8192,60,21,9,10576.077846
8192,60,21,10,10403.391717
8192,60,21,11,10352.978506
8192,60,21,12,10480.074884
8192,60,21,13,10261.490795
8192,60,21,14,10306.608268
8192,60,21,15,10339.317498
8192,60,21,16,12166.876034
8192,60,21,17,10261.317447
8192,60,21,18,10340.083631
8192,60,21,19,10385.452307
8192,60,21,20,10326.554194
8192,60,21,21,10344.963925
8192,60,21,22,10372.656224
8192,60,21,23,10335.166329
8192,60,21,24,10255.858592
8192,60,21,25,10229.002829
8192,60,21,26,10285.868704
8192,60,21,27,10286.050219
8192,60,21,28,10344.102571
8192,60,21,29,10296.238857
8192,60,21,30,10350.172154
8192,60,21,31,10281.528520
8192,60,21,32,10419.579898
8192,60,21,33,10346.416826
8192,60,21,34,10392.707450
8192,60,21,35,10373.348202
8192,60,21,36,12090.797914
8192,60,21,37,10343.640907
8192,60,21,38,10285.095748
8192,60,21,39,10346.740446
8192,60,21,40,10301.855594
8192,60,21,41,10312.688314
8192,60,21,42,10251.328415
8192,60,21,43,10372.769544
8192,60,21,44,10262.153727
8192,60,21,45,10222.232778
8192,60,21,46,10360.722538
8192,60,21,47,10331.300347
8192,60,21,48,10359.816311
8192,60,21,49,10306.667714
8192,60,21,50,10285.418537
8192,60,21,51,10301.374175
8192,60,21,52,10284.957638
8192,60,21,53,10358.170379
8192,60,21,54,10302.694189
8192,60,21,55,10328.118689
8192,60,21,56,12091.377907
8192,60,21,57,10574.746504
8192,60,21,58,10537.962041
8192,60,21,59,10322.268537
8192,60,21,60,10275.583672
8192,60,22,1,10291.554073
8192,60,22,2,10215.154788
8192,60,22,3,10350.308108
8192,60,22,4,10296.159148
8192,60,22,5,10236.319564
8192,60,22,6,10325.439186
8192,60,22,7,10284.305512
8192,60,22,8,10245.190130
8192,60,22,9,10341.801279
8192,60,22,10,10456.689921
8192,60,22,11,10293.155191
8192,60,22,12,10282.707053
8192,60,22,13,10365.229640
8192,60,22,14,10309.779814
8192,60,22,15,10357.327545
8192,60,22,16,10332.684842
8192,60,22,17,10354.866778
8192,60,22,18,10293.064521
8192,60,22,19,10311.575547
8192,60,22,20,10387.921697
8192,60,22,21,10378.590838
8192,60,22,22,10404.982878
8192,60,22,23,10371.898607
8192,60,22,24,10251.277363
8192,60,22,25,10457.298958
8192,60,22,26,10268.937588
8192,60,22,27,10329.613187
8192,60,22,28,10302.995824
8192,60,22,29,10401.333273
8192,60,22,30,10264.830262
8192,60,22,31,10356.588476
8192,60,22,32,10320.219116
8192,60,22,33,10285.507573
8192,60,22,34,10251.207321
8192,60,22,35,10271.614610
8192,60,22,36,10229.630718
8192,60,22,37,10351.262508
8192,60,22,38,10300.064636
8192,60,22,39,10281.918605
8192,60,22,40,10352.566907
8192,60,22,41,10371.956592
8192,60,22,42,10306.683414
8192,60,22,43,10369.231892
8192,60,22,44,10397.614785
8192,60,22,45,10416.382474
8192,60,22,46,10398.310415
8192,60,22,47,10545.638475
8192,60,22,48,10473.429629
8192,60,22,49,10783.034345
8192,60,22,50,10277.681569
8192,60,22,51,10347.069185
8192,60,22,52,10465.410726
8192,60,22,53,10340.149344
8192,60,22,54,10349.433018
8192,60,22,55,10355.479825
8192,60,22,56,10293.495017
8192,60,22,57,10453.327966
8192,60,22,58,10446.962948
8192,60,22,59,10350.169403
8192,60,22,60,10380.658549
8192,60,23,1,10299.619658
8192,60,23,2,10353.318739
8192,60,23,3,10464.572625
8192,60,23,4,10640.417990
8192,60,23,5,10474.442168
8192,60,23,6,10400.552479
8192,60,23,7,10409.020061
8192,60,23,8,10406.951138
8192,60,23,9,10422.799790
8192,60,23,10,10597.853091
8192,60,23,11,10284.344623
8192,60,23,12,10367.383872
8192,60,23,13,10302.872780
8192,60,23,14,10265.658458
8192,60,23,15,10290.248033
8192,60,23,16,10354.186987
8192,60,23,17,10498.285247
8192,60,23,18,10327.105934
8192,60,23,19,10328.468862
8192,60,23,20,10342.840102
8192,60,23,21,10386.131035
8192,60,23,22,10247.723888
8192,60,23,23,10290.599050
8192,60,23,24,10293.026344
8192,60,23,25,10317.405182
8192,60,23,26,10477.336691
8192,60,23,27,10328.242127
8192,60,23,28,10478.006159
8192,60,23,29,10309.230470
8192,60,23,30,10313.665001
8192,60,23,31,10389.689414
8192,60,23,32,10342.560665
8192,60,23,33,10462.705846
8192,60,23,34,10399.240235
8192,60,23,35,10486.076324
8192,60,23,36,10274.398660
8192,60,23,37,10359.125321
8192,60,23,38,10355.134389
8192,60,23,39,10412.468865
8192,60,23,40,10304.068803
8192,60,23,41,10294.868634
8192,60,23,42,10330.763387
8192,60,23,43,10301.564155
8192,60,23,44,10319.315327
8192,60,23,45,10249.200648
8192,60,23,46,10402.267259
8192,60,23,47,10534.410888
8192,60,23,48,12185.177069
8192,60,23,49,10382.093919
8192,60,23,50,10287.275469
8192,60,23,51,10303.202662
8192,60,23,52,12273.661671
8192,60,23,53,10297.574867
8192,60,23,54,10337.480421
8192,60,23,55,10398.813563
8192,60,23,56,10389.336334
8192,60,23,57,10408.271697
8192,60,23,58,10446.455287
8192,60,23,59,10458.753025
8192,60,23,60,10473.310452
8192,60,24,1,10286.085982
8192,60,24,2,10275.540941
8192,60,24,3,10256.389474
8192,60,24,4,10310.512400
8192,60,24,5,10284.834974
8192,60,24,6,10461.760819
8192,60,24,7,10463.811793
8192,60,24,8,10358.834113
8192,60,24,9,10300.971593
8192,60,24,10,10299.555312
8192,60,24,11,10278.886766
8192,60,24,12,12236.311938
8192,60,24,13,10319.439469
8192,60,24,14,10324.501756
8192,60,24,15,10281.248041
8192,60,24,16,10314.296843
8192,60,24,17,10232.515771
8192,60,24,18,10300.361781
8192,60,24,19,10275.233445
8192,60,24,20,10367.180991
8192,60,24,21,10417.289621
8192,60,24,22,10453.074711
8192,60,24,23,10329.813062
8192,60,24,24,12110.852588
8192,60,24,25,10353.867590
8192,60,24,26,12097.075987
8192,60,24,27,10350.932605
8192,60,24,28,11817.655591
8192,60,24,29,10290.732828
8192,60,24,30,10349.550557
8192,60,24,31,10301.789993
8192,60,24,32,10340.472157
8192,60,24,33,10251.165081
8192,60,24,34,10369.753118
8192,60,24,35,10360.698808
8192,60,24,36,12271.490971
8192,60,24,37,10340.536508
8192,60,24,38,10259.475209
8192,60,24,39,12216.308777
8192,60,24,40,10361.588882
8192,60,24,41,10358.228770
8192,60,24,42,10361.431701
8192,60,24,43,12235.108368
8192,60,24,44,10449.078536
8192,60,24,45,10478.638588
8192,60,24,46,10386.554063
8192,60,24,47,10644.490175
8192,60,24,48,10353.279913
8192,60,24,49,10319.731875
8192,60,24,50,10310.456087
8192,60,24,51,10451.259721
8192,60,24,52,10292.943388
8192,60,24,53,10417.964797
8192,60,24,54,10353.785365
8192,60,24,55,10381.861331
8192,60,24,56,10489.530444
8192,60,24,57,10349.812254
8192,60,24,58,10310.288452
8192,60,24,59,10442.414658
8192,60,24,60,10425.143981
8192,60,25,1,10281.977698
8192,60,25,2,10459.433008
8192,60,25,3,10412.785885
8192,60,25,4,10314.863352
8192,60,25,5,10304.337965
8192,60,25,6,10426.717070
8192,60,25,7,10442.744073
8192,60,25,8,10563.249569
8192,60,25,9,10440.204287
8192,60,25,10,10298.612402
8192,60,25,11,10407.840929
8192,60,25,12,10486.133545
8192,60,25,13,10363.599104
8192,60,25,14,10391.154744
8192,60,25,15,10479.782395
8192,60,25,16,10274.782757
8192,60,25,17,10283.756995
8192,60,25,18,10416.085584
8192,60,25,19,10389.739286
8192,60,25,20,10375.934884
8192,60,25,21,10435.673647
8192,60,25,22,10325.590245
8192,60,25,23,10464.060868
8192,60,25,24,10250.856029
8192,60,25,25,10258.811640
8192,60,25,26,10344.519762
8192,60,25,27,10256.678487
8192,60,25,28,10250.099842
8192,60,25,29,10525.325795
8192,60,25,30,10516.833920
8192,60,25,31,10324.597003
8192,60,25,32,10444.870078
8192,60,25,33,10395.167662
8192,60,25,34,10257.845516
8192,60,25,35,10301.669420
8192,60,25,36,10233.123814
8192,60,25,37,10272.608277
8192,60,25,38,10363.345275
8192,60,25,39,10235.097312
8192,60,25,40,10450.690044
8192,60,25,41,10315.300976
8192,60,25,42,10283.968243
8192,60,25,43,10274.307224
8192,60,25,44,10275.268078
8192,60,25,45,10275.178256
8192,60,25,46,10437.985342
8192,60,25,47,10449.023577
8192,60,25,48,10265.931495
8192,60,25,49,10315.521360
8192,60,25,50,10399.269923
8192,60,25,51,10403.078865
8192,60,25,52,10318.189019
8192,60,25,53,10369.841557
8192,60,25,54,10339.338803
8192,60,25,55,10556.971028
8192,60,25,56,10538.819789
8192,60,25,57,10409.135143
8192,60,25,58,10396.168034
8192,60,25,59,10241.671534
8192,60,25,60,10330.559408
8192,60,26,1,10376.625466
8192,60,26,2,10375.477208
8192,60,26,3,10372.208274
8192,60,26,4,10293.313653
8192,60,26,5,10238.250763
8192,60,26,6,10286.143601
8192,60,26,7,10298.025331
8192,60,26,8,10352.471330
8192,60,26,9,10303.016128
8192,60,26,10,10551.782274
8192,60,26,11,10571.982663
8192,60,26,12,10343.578801
8192,60,26,13,10440.946515
8192,60,26,14,10361.024148
8192,60,26,15,10460.486135
8192,60,26,16,10364.689281
8192,60,26,17,10468.114196
8192,60,26,18,10518.476176
8192,60,26,19,10894.527453
8192,60,26,20,10456.840308
8192,60,26,21,10432.379157
8192,60,26,22,10338.792850
8192,60,26,23,10456.540025
8192,60,26,24,10316.332930
8192,60,26,25,10454.673732
8192,60,26,26,10335.804348
8192,60,26,27,10349.381522
8192,60,26,28,10450.933710
8192,60,26,29,10294.370394
8192,60,26,30,10339.532716
8192,60,26,31,10280.075224
8192,60,26,32,10344.528511
8192,60,26,33,10303.423995
8192,60,26,34,10265.684077
8192,60,26,35,10258.196288
8192,60,26,36,10335.366253
8192,60,26,37,10469.968113
8192,60,26,38,10348.332355
8192,60,26,39,10330.655235
8192,60,26,40,10270.151088
8192,60,26,41,10501.613337
8192,60,26,42,10345.663277
8192,60,26,43,10386.016906
8192,60,26,44,10437.208929
8192,60,26,45,10335.511917
8192,60,26,46,10335.014691
8192,60,26,47,10325.332157
8192,60,26,48,10310.188125
8192,60,26,49,10453.336076
8192,60,26,50,10337.226499
8192,60,26,51,10247.912109
8192,60,26,52,10289.566879
8192,60,26,53,10302.452967
8192,60,26,54,10415.090247
8192,60,26,55,10286.410763
8192,60,26,56,10283.961810
8192,60,26,57,10419.323837
8192,60,26,58,10450.265988
8192,60,26,59,10430.879002
8192,60,26,60,10469.581712
8192,60,27,1,10325.052199
8192,60,27,2,10378.820499
8192,60,27,3,10304.071670
8192,60,27,4,10371.328525
8192,60,27,5,10393.850348
8192,60,27,6,10324.023438
8192,60,27,7,10433.960567
8192,60,27,8,10540.359988
8192,60,27,9,10438.707616
8192,60,27,10,10299.561568
8192,60,27,11,10284.590305
8192,60,27,12,10463.635777
8192,60,27,13,10301.193457
8192,60,27,14,10297.776354
8192,60,27,15,10325.748705
8192,60,27,16,10378.137223
8192,60,27,17,10278.017728
8192,60,27,18,10475.975453
8192,60,27,19,10439.766008
8192,60,27,20,10314.040035
8192,60,27,21,10363.803801
8192,60,27,22,10458.668952
8192,60,27,23,10318.181238
8192,60,27,24,10227.735652
8192,60,27,25,10277.927408
8192,60,27,26,10194.514479
8192,60,27,27,10298.880856
8192,60,27,28,10255.742811
8192,60,27,29,10528.155928
8192,60,27,30,10349.554552
8192,60,27,31,10379.353277
8192,60,27,32,10608.342526
8192,60,27,33,10386.095681
8192,60,27,34,10313.322028
8192,60,27,35,10321.142659
8192,60,27,36,10300.274256
8192,60,27,37,10243.044214
8192,60,27,38,10435.346620
8192,60,27,39,10323.976358
8192,60,27,40,10344.311674
8192,60,27,41,10334.812979
8192,60,27,42,10358.508610
8192,60,27,43,10307.606037
8192,60,27,44,10331.378458
8192,60,27,45,10391.016179
8192,60,27,46,10410.068212
8192,60,27,47,10345.442118
8192,60,27,48,10395.789809
8192,60,27,49,10552.223066
8192,60,27,50,12140.269487
8192,60,27,51,10401.838933
8192,60,27,52,10386.201704
8192,60,27,53,10427.965522
8192,60,27,54,12172.191456
8192,60,27,55,10422.506414
8192,60,27,56,12131.983807
8192,60,27,57,10362.219211
8192,60,27,58,10351.715309
8192,60,27,59,10505.169038
8192,60,27,60,10440.291822
8192,60,28,1,12150.163557
8192,60,28,2,10459.537070
8192,60,28,3,11669.355764
8192,60,28,4,10337.246191
8192,60,28,5,10378.197067
8192,60,28,6,10275.379509
8192,60,28,7,10322.325987
8192,60,28,8,10321.993068
8192,60,28,9,10348.657337
8192,60,28,10,10270.023745
8192,60,28,11,10344.394213
8192,60,28,12,10304.592421
8192,60,28,13,10333.856988
8192,60,28,14,10293.780935
8192,60,28,15,10350.863309
8192,60,28,16,10341.611559
8192,60,28,17,10312.250557
8192,60,28,18,10411.488656
8192,60,28,19,10317.882069
8192,60,28,20,10316.022287
8192,60,28,21,10286.742212
8192,60,28,22,10414.057560
8192,60,28,23,10354.244909
8192,60,28,24,10273.437548
8192,60,28,25,10332.122316
8192,60,28,26,10341.225845
8192,60,28,27,10339.703067
8192,60,28,28,10262.411043
8192,60,28,29,10333.437283
8192,60,28,30,10268.240425
8192,60,28,31,10317.659118
8192,60,28,32,10308.735321
8192,60,28,33,10324.127655
8192,60,28,34,10316.484136
8192,60,28,35,10316.955751
8192,60,28,36,10327.609760
8192,60,28,37,10252.563645
8192,60,28,38,10294.337455
8192,60,28,39,10353.090167
8192,60,28,40,10372.020312
8192,60,28,41,10368.932038
8192,60,28,42,10385.160102
8192,60,28,43,10548.709862
8192,60,28,44,10499.683841
8192,60,28,45,10329.064153
8192,60,28,46,10319.193777
8192,60,28,47,10311.858697
8192,60,28,48,10233.751167
8192,60,28,49,10403.372321
8192,60,28,50,10336.965487
8192,60,28,51,10329.858807
8192,60,28,52,10279.208015
8192,60,28,53,10245.288419
8192,60,28,54,10304.910287
8192,60,28,55,10362.850589
8192,60,28,56,10292.041515
8192,60,28,57,10308.086798
8192,60,28,58,11388.943849
8192,60,28,59,10341.812389
8192,60,28,60,10318.179288
8192,60,29,1,10396.750406
8192,60,29,2,10812.225145
8192,60,29,3,10286.385997
8192,60,29,4,12121.987903
8192,60,29,5,10387.051794
8192,60,29,6,10459.199790
8192,60,29,7,10437.192838
8192,60,29,8,11624.931981
8192,60,29,9,10305.774453
8192,60,29,10,10268.660175
8192,60,29,11,10311.644960
8192,60,29,12,10306.321873
8192,60,29,13,12220.162052
8192,60,29,14,10314.880817
8192,60,29,15,10464.047566
8192,60,29,16,10430.143150
8192,60,29,17,11827.221198
8192,60,29,18,10344.518590
8192,60,29,19,10346.304614
8192,60,29,20,10466.195436
8192,60,29,21,10309.320677
8192,60,29,22,10296.492849
8192,60,29,23,10294.337106
8192,60,29,24,10371.248673
8192,60,29,25,10248.594572
8192,60,29,26,10314.824401
8192,60,29,27,10371.447749
8192,60,29,28,10331.875503
8192,60,29,29,10306.715369
8192,60,29,30,10470.911186
8192,60,29,31,10435.093467
8192,60,29,32,10402.668425
8192,60,29,33,10331.267274
8192,60,29,34,10298.055907
8192,60,29,35,10439.082863
8192,60,29,36,10301.608549
8192,60,29,37,10358.780741
8192,60,29,38,10340.540947
8192,60,29,39,10241.628546
8192,60,29,40,10312.893263
8192,60,29,41,10244.835483
8192,60,29,42,10274.043142
8192,60,29,43,10353.196936
8192,60,29,44,10313.147558
8192,60,29,45,10434.867170
8192,60,29,46,10238.695249
8192,60,29,47,10301.783213
8192,60,29,48,10513.190478
8192,60,29,49,10269.768472
8192,60,29,50,10316.924705
8192,60,29,51,10443.895292
8192,60,29,52,10319.280149
8192,60,29,53,10309.711741
8192,60,29,54,10579.271922
8192,60,29,55,10455.883856
8192,60,29,56,10416.416173
8192,60,29,57,10313.534100
8192,60,29,58,10316.583751
8192,60,29,59,10299.280089
8192,60,29,60,10493.363024
8192,60,30,1,10301.117590
8192,60,30,2,10309.212493
8192,60,30,3,10268.376425
8192,60,30,4,10333.802182
8192,60,30,5,10271.796087
8192,60,30,6,10316.698028
8192,60,30,7,10369.042201
8192,60,30,8,10334.271247
8192,60,30,9,10277.776077
8192,60,30,10,10374.208394
8192,60,30,11,10330.057440
8192,60,30,12,10363.592043
8192,60,30,13,10372.154904
8192,60,30,14,10311.429267
8192,60,30,15,10314.509527
8192,60,30,16,10338.891633
8192,60,30,17,10502.017335
8192,60,30,18,10415.935635
8192,60,30,19,10496.607912
8192,60,30,20,10413.091131
8192,60,30,21,10392.639520
8192,60,30,22,10324.034562
8192,60,30,23,10365.939218
8192,60,30,24,10341.886587
8192,60,30,25,10370.764502
8192,60,30,26,10342.996166
8192,60,30,27,10329.770044
8192,60,30,28,10342.192507
8192,60,30,29,10304.845899
8192,60,30,30,10325.842881
8192,60,30,31,10315.647247
8192,60,30,32,10307.417394
8192,60,30,33,12254.611295
8192,60,30,34,10366.538753
8192,60,30,35,10404.165577
8192,60,30,36,12267.277106
8192,60,30,37,10305.743201
8192,60,30,38,10293.419701
8192,60,30,39,12320.661017
8192,60,30,40,10338.981966
8192,60,30,41,10322.715993
8192,60,30,42,12222.341590
8192,60,30,43,10433.468671
8192,60,30,44,10316.519377
8192,60,30,45,12236.129097
8192,60,30,46,10379.647364
8192,60,30,47,10261.681148
8192,60,30,48,10376.304299
8192,60,30,49,10372.221415
8192,60,30,50,10299.555269
8192,60,30,51,10401.592446
8192,60,30,52,10301.285958
8192,60,30,53,10329.432970
8192,60,30,54,10304.609233
8192,60,30,55,10308.760314
8192,60,30,56,10345.875101
8192,60,30,57,10328.875971
8192,60,30,58,10345.192404
8192,60,30,59,10357.297833
8192,60,30,60,10359.226903
8192,60,31,1,10319.489466
8192,60,31,2,10324.988372
8192,60,31,3,10371.719141
8192,60,31,4,10317.343167
8192,60,31,5,10412.917077
8192,60,31,6,10353.350619
8192,60,31,7,10348.010429
8192,60,31,8,10313.877134
8192,60,31,9,10354.394332
8192,60,31,10,10355.648176
8192,60,31,11,10282.783605
8192,60,31,12,10231.695094
8192,60,31,13,10307.131030
8192,60,31,14,10279.644684
8192,60,31,15,10299.861552
8192,60,31,16,10502.392019
8192,60,31,17,10338.514823
8192,60,31,18,10234.759346
8192,60,31,19,10300.041617
8192,60,31,20,10240.575161
8192,60,31,21,10246.350572
8192,60,31,22,10509.779745
8192,60,31,23,10264.110846
8192,60,31,24,10232.220431
8192,60,31,25,10389.112962
8192,60,31,26,10353.417755
8192,60,31,27,10440.640333
8192,60,31,28,10339.637895
8192,60,31,29,10355.657220
8192,60,31,30,10433.234234
8192,60,31,31,10428.211283
8192,60,31,32,10266.684327
8192,60,31,33,10307.875163
8192,60,31,34,10345.133657
8192,60,31,35,10297.072970
8192,60,31,36,10316.899312
8192,60,31,37,10249.720209
8192,60,31,38,10235.063834
8192,60,31,39,10387.714636
8192,60,31,40,10266.108575
8192,60,31,41,10302.784874
8192,60,31,42,10314.223041
8192,60,31,43,10332.312764
8192,60,31,44,10333.001245
8192,60,31,45,10256.692311
8192,60,31,46,10325.537219
8192,60,31,47,10296.369839
8192,60,31,48,10336.628056
8192,60,31,49,10241.901036
8192,60,31,50,10391.727798
8192,60,31,51,10358.580042
8192,60,31,52,10294.056537
8192,60,31,53,10477.195295
8192,60,31,54,10445.711327
8192,60,31,55,10363.255824
8192,60,31,56,10272.214534
8192,60,31,57,10307.018964
8192,60,31,58,10285.877758
8192,60,31,59,10354.752238
8192,60,31,60,10269.310119
8192,60,32,1,10306.848184
8192,60,32,2,10341.894457
8192,60,32,3,10320.745698
8192,60,32,4,10323.078340
8192,60,32,5,10314.036040
8192,60,32,6,10371.607733
8192,60,32,7,10312.812828
8192,60,32,8,10391.663302
8192,60,32,9,10254.519723
8192,60,32,10,10501.756228
8192,60,32,11,10319.870177
8192,60,32,12,10311.217488
8192,60,32,13,10410.018114
8192,60,32,14,10372.249059
8192,60,32,15,11547.551155
8192,60,32,16,10349.840298
8192,60,32,17,10462.460281
8192,60,32,18,10447.795280
8192,60,32,19,10418.475807
8192,60,32,20,10456.691153
8192,60,32,21,10291.856919
8192,60,32,22,10507.575110
8192,60,32,23,10324.451967
8192,60,32,24,11624.022971
8192,60,32,25,10349.531812
8192,60,32,26,12237.944545
8192,60,32,27,10409.812733
8192,60,32,28,10510.985684
8192,60,32,29,11773.429974
8192,60,32,30,10372.930495
8192,60,32,31,10272.086341
8192,60,32,32,10320.864085
8192,60,32,33,10378.812747
8192,60,32,34,10326.204428
8192,60,32,35,10297.041438
8192,60,32,36,10505.705400
8192,60,32,37,10467.809135
8192,60,32,38,10357.576742
8192,60,32,39,10511.761784
8192,60,32,40,10527.183057
8192,60,32,41,10328.854704
8192,60,32,42,10347.832895
8192,60,32,43,10398.189820
8192,60,32,44,10277.177571
8192,60,32,45,10423.565954
8192,60,32,46,10439.293151
8192,60,32,47,10357.282796
8192,60,32,48,10332.813571
8192,60,32,49,10460.528588
8192,60,32,50,10390.234254
8192,60,32,51,10484.732691
8192,60,32,52,10427.371470
8192,60,32,53,10282.736207
8192,60,32,54,10290.777871
8192,60,32,55,10394.221508
8192,60,32,56,10462.900856
8192,60,32,57,10330.963819
8192,60,32,58,10499.209210
8192,60,32,59,11381.427763
8192,60,32,60,10291.536808
8192,60,33,1,10311.840318
8192,60,33,2,10314.519730
8192,60,33,3,11976.130090
8192,60,33,4,10405.021140
8192,60,33,5,10442.998089
8192,60,33,6,12139.962068
8192,60,33,7,10248.332735
8192,60,33,8,10247.239688
8192,60,33,9,10371.920607
8192,60,33,10,10295.333988
8192,60,33,11,10325.741058
8192,60,33,12,10356.404234
8192,60,33,13,10260.964635
8192,60,33,14,10290.264151
8192,60,33,15,10320.359508
8192,60,33,16,11139.935233
8192,60,33,17,10379.382983
8192,60,33,18,10320.536269
8192,60,33,19,10331.496197
8192,60,33,20,10318.714843
8192,60,33,21,10256.878605
8192,60,33,22,10401.048732
8192,60,33,23,10306.182007
8192,60,33,24,10310.530372
8192,60,33,25,10345.992591
8192,60,33,26,10334.519371
8192,60,33,27,10357.511143
8192,60,33,28,10399.828397
8192,60,33,29,10381.754112
8192,60,33,30,10472.478456
8192,60,33,31,10369.683547
8192,60,33,32,10253.718824
8192,60,33,33,10319.136304
8192,60,33,34,10350.650131
8192,60,33,35,11955.793337
8192,60,33,36,10377.826260
8192,60,33,37,10335.504413
8192,60,33,38,10312.667870
8192,60,33,39,11324.284692
8192,60,33,40,10307.167229
8192,60,33,41,11059.664619
8192,60,33,42,12197.070877
8192,60,33,43,10373.513582
8192,60,33,44,10242.305382
8192,60,33,45,12260.511180
8192,60,33,46,11890.961236
8192,60,33,47,10376.582410
8192,60,33,48,12032.359843
8192,60,33,49,10473.091809
8192,60,33,50,10335.539884
8192,60,33,51,10395.102803
8192,60,33,52,12085.981997
8192,60,33,53,10464.961329
8192,60,33,54,10418.375582
8192,60,33,55,10916.863276
8192,60,33,56,10339.215179
8192,60,33,57,10243.685255
8192,60,33,58,10326.226909
8192,60,33,59,10323.069493
8192,60,33,60,10258.657626
8192,60,34,1,10372.802544
8192,60,34,2,10340.994616
8192,60,34,3,10354.688704
8192,60,34,4,10339.583109
8192,60,34,5,10340.303023
8192,60,34,6,10352.536139
8192,60,34,7,10344.922190
8192,60,34,8,10346.617736
8192,60,34,9,10298.220954
8192,60,34,10,10304.046215
8192,60,34,11,10339.510323
8192,60,34,12,10337.057783
8192,60,34,13,10446.366107
8192,60,34,14,10359.815900
8192,60,34,15,10309.894469
8192,60,34,16,10414.261066
8192,60,34,17,10612.388628
8192,60,34,18,10403.349165
8192,60,34,19,10446.049936
8192,60,34,20,10321.727223
8192,60,34,21,10321.225475
8192,60,34,22,10300.652831
8192,60,34,23,10313.344489
8192,60,34,24,10457.949087
8192,60,34,25,10505.438258
8192,60,34,26,10316.519521
8192,60,34,27,10287.937722
8192,60,34,28,10269.309312
8192,60,34,29,10478.080678
8192,60,34,30,10260.252582
8192,60,34,31,10315.832347
8192,60,34,32,10279.771283
8192,60,34,33,10461.679001
8192,60,34,34,10305.601067
8192,60,34,35,10366.072174
8192,60,34,36,10375.213212
8192,60,34,37,12204.212749
8192,60,34,38,10379.521170
8192,60,34,39,10355.995036
8192,60,34,40,10519.950028
8192,60,34,41,10542.240541
8192,60,34,42,10359.363154
8192,60,34,43,11552.028968
8192,60,34,44,10359.980709
8192,60,34,45,10385.590403
8192,60,34,46,10318.537786
8192,60,34,47,10444.792302
8192,60,34,48,10389.341634
8192,60,34,49,10415.464992
8192,60,34,50,10320.163344
8192,60,34,51,10352.677778
8192,60,34,52,10258.157390
8192,60,34,53,10336.532109
8192,60,34,54,10365.489715
8192,60,34,55,10349.418855
8192,60,34,56,10329.016727
8192,60,34,57,10418.468734
8192,60,34,58,10392.368257
8192,60,34,59,10374.404894
8192,60,34,60,10503.355327
8192,60,35,1,10476.533027
8192,60,35,2,10483.112606
8192,60,35,3,10350.780566
8192,60,35,4,10499.744261
8192,60,35,5,12126.749310
8192,60,35,6,10474.079323
8192,60,35,7,10345.141945
8192,60,35,8,10373.933004
8192,60,35,9,10348.939753
8192,60,35,10,10460.398886
8192,60,35,11,10458.799458
8192,60,35,12,10255.493801
8192,60,35,13,10340.689561
8192,60,35,14,10300.189504
8192,60,35,15,10345.996299
8192,60,35,16,10297.324247
8192,60,35,17,10340.639275
8192,60,35,18,10351.891257
8192,60,35,19,10308.612416
8192,60,35,20,10353.847104
8192,60,35,21,10340.958543
8192,60,35,22,10266.919641
8192,60,35,23,10316.487830
8192,60,35,24,10315.017867
8192,60,35,25,10381.008921
8192,60,35,26,10390.369034
8192,60,35,27,10434.861945
8192,60,35,28,10459.571001
8192,60,35,29,10384.285440
8192,60,35,30,10404.619619
8192,60,35,31,10278.303897
8192,60,35,32,10305.545475
8192,60,35,33,10294.274723
8192,60,35,34,10335.153259
8192,60,35,35,10361.648956
8192,60,35,36,10346.507759
8192,60,35,37,10335.464691
8192,60,35,38,10322.458204
8192,60,35,39,10340.993350
8192,60,35,40,10313.231133
8192,60,35,41,10307.624564
8192,60,35,42,10324.619680
8192,60,35,43,10376.658279
8192,60,35,44,10347.534346
8192,60,35,45,10332.369531
8192,60,35,46,10334.367816
8192,60,35,47,10331.065424
8192,60,35,48,10302.331042
8192,60,35,49,10361.803355
8192,60,35,50,10346.362867
8192,60,35,51,10427.807707
8192,60,35,52,10447.020411
8192,60,35,53,10458.537922
8192,60,35,54,10323.706256
8192,60,35,55,10273.293560
8192,60,35,56,10330.010663
8192,60,35,57,10303.998327
8192,60,35,58,10339.176695
8192,60,35,59,10316.823044
8192,60,35,60,10369.676726
8192,60,36,1,10321.085103
8192,60,36,2,10325.367696
8192,60,36,3,10329.791423
8192,60,36,4,10329.885107
8192,60,36,5,10357.619548
8192,60,36,6,10346.033961
8192,60,36,7,11966.606090
8192,60,36,8,10333.773196
8192,60,36,9,10311.155801
8192,60,36,10,12262.890761
8192,60,36,11,10333.683018
8192,60,36,12,10288.094617
8192,60,36,13,12282.440152
8192,60,36,14,10348.153698
8192,60,36,15,10416.407469
8192,60,36,16,10405.098383
8192,60,36,17,10382.987159
8192,60,36,18,10320.198405
8192,60,36,19,12373.164062
8192,60,36,20,10298.293912
8192,60,36,21,11838.132677
8192,60,36,22,10280.188186
8192,60,36,23,10281.597771
8192,60,36,24,10334.824253
8192,60,36,25,10340.626059
8192,60,36,26,10287.948983
8192,60,36,27,10347.911639
8192,60,36,28,10239.705729
8192,60,36,29,10326.444885
8192,60,36,30,10362.647106
8192,60,36,31,10313.376423
8192,60,36,32,10281.143625
8192,60,36,33,11896.075954
8192,60,36,34,10283.957652
8192,60,36,35,10342.827793
8192,60,36,36,10320.027695
8192,60,36,37,10328.672038
8192,60,36,38,10401.195942
8192,60,36,39,10420.444608
8192,60,36,40,10346.410133
8192,60,36,41,10335.431206
8192,60,36,42,10375.832269
8192,60,36,43,10267.561484
8192,60,36,44,10310.375289
8192,60,36,45,10363.339083
8192,60,36,46,10351.396101
8192,60,36,47,10351.580021
8192,60,36,48,10303.055821
8192,60,36,49,10325.091997
8192,60,36,50,10364.579540
8192,60,36,51,10339.840767
8192,60,36,52,10337.430010
8192,60,36,53,10369.129943
8192,60,36,54,10329.296838
8192,60,36,55,10340.216632
8192,60,36,56,10325.673515
8192,60,36,57,10348.344826
8192,60,36,58,10345.913011
8192,60,36,59,10362.670483
8192,60,36,60,10335.784966
8192,60,37,1,10351.679214
8192,60,37,2,10458.225502
8192,60,37,3,10461.847688
8192,60,37,4,10409.555063
8192,60,37,5,10341.733752
8192,60,37,6,10326.267592
8192,60,37,7,10361.117025
8192,60,37,8,10344.725792
8192,60,37,9,10333.193725
8192,60,37,10,10359.130841
8192,60,37,11,10333.419714
8192,60,37,12,10335.631347
8192,60,37,13,10312.454320
8192,60,37,14,10342.929768
8192,60,37,15,10352.324462
8192,60,37,16,10335.587727
8192,60,37,17,10953.251724
8192,60,37,18,10343.218319
8192,60,37,19,10267.676680
8192,60,37,20,10355.423106
8192,60,37,21,10339.267619
8192,60,37,22,10268.008433
8192,60,37,23,10289.035180
8192,60,37,24,10291.796380
8192,60,37,25,10400.703850
8192,60,37,26,10411.261746
8192,60,37,27,10416.462509
8192,60,37,28,10424.841953
8192,60,37,29,10311.067166
8192,60,37,30,10346.281673
8192,60,37,31,10340.849806
8192,60,37,32,10491.545874
8192,60,37,33,10282.722613
8192,60,37,34,10301.715744
8192,60,37,35,10311.375254
8192,60,37,36,10291.657854
8192,60,37,37,10284.390083
8192,60,37,38,10288.101106
8192,60,37,39,10296.948087
8192,60,37,40,10341.453410
8192,60,37,41,10266.648712
8192,60,37,42,12177.175675
8192,60,37,43,10381.177817
8192,60,37,44,10260.016055
8192,60,37,45,10320.679749
8192,60,37,46,10490.076690
8192,60,37,47,10330.874057
8192,60,37,48,10309.975951
8192,60,37,49,10356.551773
8192,60,37,50,10387.901915
8192,60,37,51,10414.382338
8192,60,37,52,10379.196591
8192,60,37,53,10277.568484
8192,60,37,54,10362.164931
8192,60,37,55,10349.764899
8192,60,37,56,10335.121243
8192,60,37,57,10537.173916
8192,60,37,58,10577.787880
8192,60,37,59,10354.108053
8192,60,37,60,10275.104582
8192,60,38,1,10353.142939
8192,60,38,2,10876.278061
8192,60,38,3,10237.109641
8192,60,38,4,12082.793805
8192,60,38,5,10469.861909
8192,60,38,6,10367.022741
8192,60,38,7,10257.518631
8192,60,38,8,10259.517265
8192,60,38,9,10329.533437
8192,60,38,10,12074.301168
8192,60,38,11,10288.066564
8192,60,38,12,10331.236045
8192,60,38,13,12119.364148
8192,60,38,14,10433.891158
8192,60,38,15,10814.113071
8192,60,38,16,10436.503059
8192,60,38,17,10339.021554
8192,60,38,18,10491.857376
8192,60,38,19,10311.097535
8192,60,38,20,10498.187040
8192,60,38,21,10488.530373
8192,60,38,22,10323.162866
8192,60,38,23,10369.086744
8192,60,38,24,12134.125649
8192,60,38,25,12141.657406
8192,60,38,26,12096.941704
8192,60,38,27,11699.891698
8192,60,38,28,10334.372606
8192,60,38,29,12117.939104
8192,60,38,30,10305.946352
8192,60,38,31,10274.822343
8192,60,38,32,10334.753281
8192,60,38,33,12111.957773
8192,60,38,34,12224.487786
8192,60,38,35,10354.550311
8192,60,38,36,10347.325314
8192,60,38,37,10465.153091
8192,60,38,38,10471.718585
8192,60,38,39,10295.527617
8192,60,38,40,10387.808987
8192,60,38,41,10308.354968
8192,60,38,42,10421.220923
8192,60,38,43,10289.443420
8192,60,38,44,10351.139302
8192,60,38,45,10472.875018
8192,60,38,46,10323.968661
8192,60,38,47,10445.527716
8192,60,38,48,10567.159081
8192,60,38,49,10315.891372
8192,60,38,50,10332.835485
8192,60,38,51,10333.245914
8192,60,38,52,10309.920102
8192,60,38,53,10304.471360
8192,60,38,54,10334.693544
8192,60,38,55,10258.139924
8192,60,38,56,10372.565433
8192,60,38,57,10329.467837
8192,60,38,58,12051.645334
8192,60,38,59,10328.111803
8192,60,38,60,10415.723903
8192,60,39,1,10440.891968
8192,60,39,2,10611.450407
8192,60,39,3,12096.757502
8192,60,39,4,10300.554928
8192,60,39,5,10332.795973
8192,60,39,6,10292.006167
8192,60,39,7,10316.013528
8192,60,39,8,10313.847528
8192,60,39,9,10318.336118
8192,60,39,10,12232.619374
8192,60,39,11,12184.743648
8192,60,39,12,10383.437620
8192,60,39,13,12200.515178
8192,60,39,14,10360.151319
8192,60,39,15,10737.505712
8192,60,39,16,12239.574234
8192,60,39,17,12184.650204
8192,60,39,18,12165.792593
8192,60,39,19,10380.350942
8192,60,39,20,10327.175704
8192,60,39,21,12169.853924
8192,60,39,22,10437.681258
8192,60,39,23,12127.353242
8192,60,39,24,12167.043417
8192,60,39,25,10454.194015
8192,60,39,26,10331.300876
8192,60,39,27,10281.291558
8192,60,39,28,10281.284222
8192,60,39,29,10292.883077
8192,60,39,30,10363.730238
8192,60,39,31,10350.561488
8192,60,39,32,10331.140123
8192,60,39,33,10453.315917
8192,60,39,34,10241.503132
8192,60,39,35,10327.594992
8192,60,39,36,10331.167087
8192,60,39,37,10312.816097
8192,60,39,38,10245.992046
8192,60,39,39,10303.133419
8192,60,39,40,10249.832579
8192,60,39,41,10253.849428
8192,60,39,42,10235.607842
8192,60,39,43,10328.687009
8192,60,39,44,10356.371855
8192,60,39,45,10323.090143
8192,60,39,46,10383.144065
8192,60,39,47,10424.380994
8192,60,39,48,10476.122725
8192,60,39,49,10412.835240
8192,60,39,50,11433.956643
8192,60,39,51,10302.052988
8192,60,39,52,10236.811726
8192,60,39,53,10245.545349
8192,60,39,54,10459.453334
8192,60,39,55,10308.732047
8192,60,39,56,10307.860002
8192,60,39,57,10355.657592
8192,60,39,58,10392.153206
8192,60,39,59,10344.062760
8192,60,39,60,10320.847377
8192,60,40,1,10504.079065
8192,60,40,2,10374.626317
8192,60,40,3,10378.846279
8192,60,40,4,10284.566994
8192,60,40,5,10302.894770
8192,60,40,6,10419.300732
8192,60,40,7,12209.967031
8192,60,40,8,10353.199627
8192,60,40,9,10292.973846
8192,60,40,10,10349.555857
8192,60,40,11,10438.409026
8192,60,40,12,10418.023453
8192,60,40,13,10348.554184
8192,60,40,14,12082.302714
8192,60,40,15,10324.995231
8192,60,40,16,12066.836558
8192,60,40,17,12165.758666
8192,60,40,18,10264.904376
8192,60,40,19,12139.728149
8192,60,40,20,10308.708839
8192,60,40,21,12134.244848
8192,60,40,22,10286.275624
8192,60,40,23,10291.355424
8192,60,40,24,12137.161962
8192,60,40,25,11198.222733
8192,60,40,26,10374.560186
8192,60,40,27,10295.902045
8192,60,40,28,10310.874410
8192,60,40,29,10289.743545
8192,60,40,30,10296.275275
8192,60,40,31,10298.319900
8192,60,40,32,10360.096811
8192,60,40,33,12161.480245
8192,60,40,34,10443.028356
8192,60,40,35,10417.823125
8192,60,40,36,12092.311916
8192,60,40,37,10297.196774
8192,60,40,38,10326.532097
8192,60,40,39,10303.765204
8192,60,40,40,10293.333488
8192,60,40,41,10493.419309
8192,60,40,42,10285.868655
8192,60,40,43,10267.243467
8192,60,40,44,12133.738284
8192,60,40,45,10293.295288
8192,60,40,46,11002.718817
8192,60,40,47,10332.657277
8192,60,40,48,10283.727404
8192,60,40,49,10301.471259
8192,60,40,50,10285.860953
8192,60,40,51,12125.070095
8192,60,40,52,10350.104477
8192,60,40,53,11585.850217
8192,60,40,54,10308.599321
8192,60,40,55,12072.024474
8192,60,40,56,12103.068720
8192,60,40,57,10369.580092
8192,60,40,58,10424.799356
8192,60,40,59,10354.392427
8192,60,40,60,12025.681993
8192,60,41,1,12018.433828
8192,60,41,2,12057.419831
8192,60,41,3,10260.067782
8192,60,41,4,10253.182702
8192,60,41,5,10436.260970
8192,60,41,6,10330.988950
8192,60,41,7,10477.611153
8192,60,41,8,10292.070719
8192,60,41,9,10320.465453
8192,60,41,10,11860.567245
8192,60,41,11,10309.180223
8192,60,41,12,10308.341443
8192,60,41,13,10296.086698
8192,60,41,14,10313.872512
8192,60,41,15,10324.714682
8192,60,41,16,10294.117974
8192,60,41,17,10264.807130
8192,60,41,18,10469.381149
8192,60,41,19,10328.783421
8192,60,41,20,10434.492751
8192,60,41,21,10410.533753
8192,60,41,22,10429.127122
8192,60,41,23,10340.068730
8192,60,41,24,10308.282108
8192,60,41,25,10256.868265
8192,60,41,26,10379.438851
8192,60,41,27,10425.024233
8192,60,41,28,10461.776434
8192,60,41,29,10464.202149
8192,60,41,30,10434.990120
8192,60,41,31,10446.801275
8192,60,41,32,10308.140404
8192,60,41,33,10422.178695
8192,60,41,34,10283.970108
8192,60,41,35,10293.655822
8192,60,41,36,10239.588805
8192,60,41,37,10233.990293
8192,60,41,38,10275.775410
8192,60,41,39,10273.807365
8192,60,41,40,10246.112154
8192,60,41,41,10282.052757
8192,60,41,42,10233.921281
8192,60,41,43,10309.809009
8192,60,41,44,10328.557768
8192,60,41,45,10410.671815
8192,60,41,46,10351.392085
8192,60,41,47,10315.582455
8192,60,41,48,10326.634684
8192,60,41,49,10296.319580
8192,60,41,50,12163.603741
8192,60,41,51,10357.381464
8192,60,41,52,10366.875391
8192,60,41,53,12206.596084
8192,60,41,54,10351.971994
8192,60,41,55,10362.265530
8192,60,41,56,10365.879205
8192,60,41,57,10280.809100
8192,60,41,58,10309.124886
8192,60,41,59,10293.443245
8192,60,41,60,10700.309766
8192,60,42,1,12097.169218
8192,60,42,2,10349.115164
8192,60,42,3,10279.920483
8192,60,42,4,10356.636520
8192,60,42,5,10260.622414
8192,60,42,6,10266.485157
8192,60,42,7,12262.653921
8192,60,42,8,10421.301006
8192,60,42,9,12226.251549
8192,60,42,10,10333.188830
8192,60,42,11,10283.017468
8192,60,42,12,12162.084239
8192,60,42,13,10315.484563
8192,60,42,14,10295.917847
8192,60,42,15,10279.921403
8192,60,42,16,10279.754214
8192,60,42,17,10346.338643
8192,60,42,18,10315.471077
8192,60,42,19,10848.400890
8192,60,42,20,10322.532674
8192,60,42,21,10354.251928
8192,60,42,22,12374.154913
8192,60,42,23,10376.753795
8192,60,42,24,10363.275571
8192,60,42,25,12244.763992
8192,60,42,26,10396.500414
8192,60,42,27,10372.035593
8192,60,42,28,10355.424467
8192,60,42,29,10396.749931
8192,60,42,30,10398.925955
8192,60,42,31,10841.891016
8192,60,42,32,10401.320125
8192,60,42,33,10361.666640
8192,60,42,34,10449.284870
8192,60,42,35,12268.198106
8192,60,42,36,10278.001471
8192,60,42,37,10501.468791
8192,60,42,38,10339.856326
8192,60,42,39,10289.932203
8192,60,42,40,11255.399971
8192,60,42,41,10415.091760
8192,60,42,42,10270.827307
8192,60,42,43,10294.268092
8192,60,42,44,10519.291112
8192,60,42,45,10289.801131
8192,60,42,46,10362.719274
8192,60,42,47,10293.807572
8192,60,42,48,10317.734679
8192,60,42,49,10324.092561
8192,60,42,50,10307.693444
8192,60,42,51,10296.399484
8192,60,42,52,10293.585748
8192,60,42,53,10324.363482
8192,60,42,54,10344.458764
8192,60,42,55,10426.051319
8192,60,42,56,10414.850172
8192,60,42,57,10407.708449
8192,60,42,58,10282.836623
8192,60,42,59,10282.604331
8192,60,42,60,10299.533368
8192,60,43,1,10396.103388
8192,60,43,2,10326.589116
8192,60,43,3,10351.321999
8192,60,43,4,10396.180235
8192,60,43,5,10272.522063
8192,60,43,6,10317.908854
8192,60,43,7,10366.486172
8192,60,43,8,10364.225455
8192,60,43,9,10276.460150
8192,60,43,10,10341.053200
8192,60,43,11,12170.684925
8192,60,43,12,10312.582321
8192,60,43,13,10334.327242
8192,60,43,14,10352.342455
8192,60,43,15,10352.065397
8192,60,43,16,11341.995535
8192,60,43,17,12152.891065
8192,60,43,18,12138.471110
8192,60,43,19,10434.071688
8192,60,43,20,10768.641169
8192,60,43,21,10458.638550
8192,60,43,22,10321.698102
8192,60,43,23,10313.605782
8192,60,43,24,10304.218623
8192,60,43,25,12142.183858
8192,60,43,26,10395.402438
8192,60,43,27,10336.123365
8192,60,43,28,10357.741987
8192,60,43,29,10303.500591
8192,60,43,30,11635.476970
8192,60,43,31,10398.868982
8192,60,43,32,10401.056325
8192,60,43,33,10354.052178
8192,60,43,34,10385.039159
8192,60,43,35,10360.861471
8192,60,43,36,10364.551851
8192,60,43,37,10369.879355
8192,60,43,38,10381.706779
8192,60,43,39,10358.346180
8192,60,43,40,11567.949733
8192,60,43,41,10397.320366
8192,60,43,42,10428.416918
8192,60,43,43,10459.579465
8192,60,43,44,12151.349185
8192,60,43,45,12152.918080
8192,60,43,46,10361.295766
8192,60,43,47,12065.856546
8192,60,43,48,12178.353956
8192,60,43,49,10420.596708
8192,60,43,50,12173.133914
8192,60,43,51,10343.972570
8192,60,43,52,10322.619611
8192,60,43,53,10339.438057
8192,60,43,54,10382.195793
8192,60,43,55,11209.739553
8192,60,43,56,10336.329988
8192,60,43,57,12102.561529
8192,60,43,58,10456.070082
8192,60,43,59,10380.510544
8192,60,43,60,10455.507328
8192,60,44,1,10257.248440
8192,60,44,2,10370.833246
8192,60,44,3,10369.803506
8192,60,44,4,10430.222897
8192,60,44,5,12172.030430
8192,60,44,6,10534.347789
8192,60,44,7,10408.160207
8192,60,44,8,10337.705285
8192,60,44,9,10270.401001
8192,60,44,10,10307.293168
8192,60,44,11,10313.207387
8192,60,44,12,10337.036088
8192,60,44,13,10355.976181
8192,60,44,14,10291.714283
8192,60,44,15,10317.901769
8192,60,44,16,10336.859352
8192,60,44,17,10348.873694
8192,60,44,18,10357.691866
8192,60,44,19,10328.890013
8192,60,44,20,10396.359821
8192,60,44,21,10346.337491
8192,60,44,22,12174.546853
8192,60,44,23,10308.970923
8192,60,44,24,10347.097228
8192,60,44,25,10352.538057
8192,60,44,26,10360.478238
8192,60,44,27,10388.388409
8192,60,44,28,10366.908477
8192,60,44,29,10475.671663
8192,60,44,30,10455.701998
8192,60,44,31,10440.950281
8192,60,44,32,10368.007550
8192,60,44,33,10359.023583
8192,60,44,34,10252.182459
8192,60,44,35,10499.461569
8192,60,44,36,10387.076147
8192,60,44,37,10562.193356
8192,60,44,38,10336.047581
8192,60,44,39,10401.005469
8192,60,44,40,10340.216689
8192,60,44,41,10368.940929
8192,60,44,42,10702.290028
8192,60,44,43,10348.358076
8192,60,44,44,10276.976399
8192,60,44,45,10302.051433
8192,60,44,46,10346.331461
8192,60,44,47,10299.678406
8192,60,44,48,10348.000879
8192,60,44,49,10312.911034
8192,60,44,50,10436.322924
8192,60,44,51,10259.365719
8192,60,44,52,10349.189284
8192,60,44,53,10435.776243
8192,60,44,54,10440.441186
8192,60,44,55,10354.269668
8192,60,44,56,10299.346439
8192,60,44,57,10292.849450
8192,60,44,58,10251.032731
8192,60,44,59,10296.643355
8192,60,44,60,10307.318934
8192,60,45,1,10274.883532
8192,60,45,2,10340.447601
8192,60,45,3,10290.658462
8192,60,45,4,10325.750344
8192,60,45,5,10435.588890
8192,60,45,6,10618.816351
8192,60,45,7,10307.150423
8192,60,45,8,10293.034790
8192,60,45,9,10307.377079
8192,60,45,10,10299.087447
8192,60,45,11,10255.446671
8192,60,45,12,10323.499446
8192,60,45,13,10233.922779
8192,60,45,14,10487.163652
8192,60,45,15,10306.755861
8192,60,45,16,10368.313429
8192,60,45,17,10501.107353
8192,60,45,18,10459.242632
8192,60,45,19,10365.400984
8192,60,45,20,10294.823870
8192,60,45,21,10269.601508
8192,60,45,22,10220.721025
8192,60,45,23,12223.217836
8192,60,45,24,10308.004693
8192,60,45,25,10269.431142
8192,60,45,26,10307.449661
8192,60,45,27,10295.531072
8192,60,45,28,11611.418709
8192,60,45,29,10348.838251
8192,60,45,30,10803.411939
8192,60,45,31,12397.127780
8192,60,45,32,10340.144406
8192,60,45,33,10246.273791
8192,60,45,34,10288.156912
8192,60,45,35,10317.934980
8192,60,45,36,10391.716111
8192,60,45,37,10292.522260
8192,60,45,38,10344.690642
8192,60,45,39,10335.335870
8192,60,45,40,10448.433972
8192,60,45,41,10572.733179
8192,60,45,42,10434.274577
8192,60,45,43,10494.030573
8192,60,45,44,10360.817258
8192,60,45,45,10376.591694
8192,60,45,46,10340.553657
8192,60,45,47,10340.401529
8192,60,45,48,10414.140323
8192,60,45,49,10382.155437
8192,60,45,50,10327.266818
8192,60,45,51,10332.996558
8192,60,45,52,10345.820310
8192,60,45,53,10369.175782
8192,60,45,54,10500.974510
8192,60,45,55,10351.032590
8192,60,45,56,12319.414359
8192,60,45,57,10411.422984
8192,60,45,58,10374.137409
8192,60,45,59,12173.784354
8192,60,45,60,12128.304655
8192,60,46,1,10362.033989
8192,60,46,2,11622.870831
8192,60,46,3,10341.293518
8192,60,46,4,10385.208219
8192,60,46,5,10596.470881
8192,60,46,6,10354.942383
8192,60,46,7,10295.736368
8192,60,46,8,10317.134784
8192,60,46,9,10249.259964
8192,60,46,10,10580.808593
8192,60,46,11,10484.955147
8192,60,46,12,12206.014321
8192,60,46,13,10360.261450
8192,60,46,14,10448.886980
8192,60,46,15,10400.400243
8192,60,46,16,10321.692007
8192,60,46,17,10324.363685
8192,60,46,18,10451.654282
8192,60,46,19,10306.247901
8192,60,46,20,10365.362645
8192,60,46,21,10365.024438
8192,60,46,22,10341.585499
8192,60,46,23,10402.288763
8192,60,46,24,10351.019589
8192,60,46,25,10397.395698
8192,60,46,26,10429.098638
8192,60,46,27,10430.015106
8192,60,46,28,10449.221094
8192,60,46,29,10508.168235
8192,60,46,30,10393.901177
8192,60,46,31,10333.203029
8192,60,46,32,10359.275464
8192,60,46,33,10341.352268
8192,60,46,34,10346.805980
8192,60,46,35,10397.282844
8192,60,46,36,10347.499716
8192,60,46,37,10354.849149
8192,60,46,38,10458.713320
8192,60,46,39,10347.552639
8192,60,46,40,10355.533323
8192,60,46,41,10470.715583
8192,60,46,42,12139.062706
8192,60,46,43,10381.539552
8192,60,46,44,10368.101365
8192,60,46,45,10414.197766
8192,60,46,46,10343.173152
8192,60,46,47,10397.847282
8192,60,46,48,10399.566564
8192,60,46,49,10338.801522
8192,60,46,50,10380.861178
8192,60,46,51,10395.606168
8192,60,46,52,10528.297800
8192,60,46,53,10475.139937
8192,60,46,54,10370.461987
8192,60,46,55,10358.951336
8192,60,46,56,10354.634891
8192,60,46,57,10307.351320
8192,60,46,58,10347.241846
8192,60,46,59,10489.367969
8192,60,46,60,10467.067470
8192,60,47,1,10380.277920
8192,60,47,2,10381.705204
8192,60,47,3,10374.073284
8192,60,47,4,10380.070715
8192,60,47,5,10365.456950
8192,60,47,6,10377.192815
8192,60,47,7,10366.631110
8192,60,47,8,10398.990504
8192,60,47,9,10465.100502
8192,60,47,10,10497.120673
8192,60,47,11,10623.894564
8192,60,47,12,10356.106469
8192,60,47,13,10443.333184
8192,60,47,14,10380.112582
8192,60,47,15,10463.117279
8192,60,47,16,10503.433411
8192,60,47,17,10554.761365
8192,60,47,18,10487.454200
8192,60,47,19,10353.259870
8192,60,47,20,10357.890219
8192,60,47,21,10361.775995
8192,60,47,22,10446.015017
8192,60,47,23,10484.534014
8192,60,47,24,12248.043534
8192,60,47,25,10369.337571
8192,60,47,26,10505.381290
8192,60,47,27,10460.104865
8192,60,47,28,10289.433440
8192,60,47,29,10464.624160
8192,60,47,30,10460.899364
8192,60,47,31,12243.126175
8192,60,47,32,10492.867594
8192,60,47,33,10293.256010
8192,60,47,34,10279.979852
8192,60,47,35,10371.957436
8192,60,47,36,10319.127564
8192,60,47,37,10378.533161
8192,60,47,38,10413.444312
8192,60,47,39,12182.568774
8192,60,47,40,10458.080958
8192,60,47,41,10551.918866
8192,60,47,42,10626.705313
8192,60,47,43,10355.823135
8192,60,47,44,10335.637058
8192,60,47,45,10338.982175
8192,60,47,46,11733.026132
8192,60,47,47,10355.192330
8192,60,47,48,10348.032211
8192,60,47,49,10375.506241
8192,60,47,50,12101.210412
8192,60,47,51,10366.683313
8192,60,47,52,10388.709055
8192,60,47,53,10380.704462
8192,60,47,54,10242.544608
8192,60,47,55,10310.446873
8192,60,47,56,10269.212147
8192,60,47,57,11989.958639
8192,60,47,58,10288.109288
8192,60,47,59,10336.249745
8192,60,47,60,10263.515485
8192,60,48,1,10292.777844
8192,60,48,2,10359.596260
8192,60,48,3,10444.328459
8192,60,48,4,10394.864078
8192,60,48,5,10309.136218
8192,60,48,6,10247.673133
8192,60,48,7,10295.705351
8192,60,48,8,10246.425491
8192,60,48,9,10287.789896
8192,60,48,10,10261.897294
8192,60,48,11,10293.359327
8192,60,48,12,10379.640548
8192,60,48,13,10466.479260
8192,60,48,14,10304.415757
8192,60,48,15,12298.122596
8192,60,48,16,10300.912085
8192,60,48,17,10267.037091
8192,60,48,18,10286.552266
8192,60,48,19,10250.010250
8192,60,48,20,10287.777288
8192,60,48,21,10318.621213
8192,60,48,22,10288.143029
8192,60,48,23,10281.425041
8192,60,48,24,10237.567210
8192,60,48,25,10321.903301
8192,60,48,26,10348.652924
8192,60,48,27,10403.996586
8192,60,48,28,10379.178730
8192,60,48,29,12226.079349
8192,60,48,30,10304.422427
8192,60,48,31,10287.538620
8192,60,48,32,10814.510717
8192,60,48,33,12472.364081
8192,60,48,34,10302.741912
8192,60,48,35,10355.721165
8192,60,48,36,10288.412627
8192,60,48,37,10265.024730
8192,60,48,38,10290.858043
8192,60,48,39,10282.269555
8192,60,48,40,10272.616967
8192,60,48,41,10467.886904
8192,60,48,42,10288.943215
8192,60,48,43,10295.110739
8192,60,48,44,10246.638136
8192,60,48,45,10303.431644
8192,60,48,46,10357.082179
8192,60,48,47,12159.432132
8192,60,48,48,10356.083313
8192,60,48,49,10366.827444
8192,60,48,50,10372.978664
8192,60,48,51,10348.289972
8192,60,48,52,12160.186705
8192,60,48,53,10294.204415
8192,60,48,54,10411.976533
8192,60,48,55,10279.506391
8192,60,48,56,10297.794102
8192,60,48,57,10410.398622
8192,60,48,58,10415.350344
8192,60,48,59,10428.530501
8192,60,48,60,10419.621329
8192,60,49,1,10319.980918
8192,60,49,2,10324.864588
8192,60,49,3,10330.309289
8192,60,49,4,10482.717907
8192,60,49,5,10412.513073
8192,60,49,6,10344.314023
8192,60,49,7,10325.418907
8192,60,49,8,12408.212331
8192,60,49,9,12506.910550
8192,60,49,10,10382.949163
8192,60,49,11,10350.861374
8192,60,49,12,10324.802881
8192,60,49,13,10639.798863
8192,60,49,14,10549.411457
8192,60,49,15,10421.513546
8192,60,49,16,10325.341418
8192,60,49,17,10376.215858
8192,60,49,18,10302.173932
8192,60,49,19,10303.468287
8192,60,49,20,10318.015200
8192,60,49,21,12248.711396
8192,60,49,22,10438.090186
8192,60,49,23,10357.616577
8192,60,49,24,10411.457930
8192,60,49,25,10298.271474
8192,60,49,26,10307.898809
8192,60,49,27,10305.933617
8192,60,49,28,10311.594869
8192,60,49,29,10318.993670
8192,60,49,30,10439.424870
8192,60,49,31,10451.641592
8192,60,49,32,10831.210361
8192,60,49,33,10294.804614
8192,60,49,34,10396.561836
8192,60,49,35,10343.057989
8192,60,49,36,10352.004201
8192,60,49,37,10387.485769
8192,60,49,38,10429.327350
8192,60,49,39,10440.040832
8192,60,49,40,10390.177921
8192,60,49,41,10324.303569
8192,60,49,42,10330.042393
8192,60,49,43,10387.151061
8192,60,49,44,10388.497875
8192,60,49,45,10275.138705
8192,60,49,46,10323.775420
8192,60,49,47,10389.520900
8192,60,49,48,10410.141169
8192,60,49,49,10323.693262
8192,60,49,50,10321.275171
8192,60,49,51,10400.926378
8192,60,49,52,12093.245369
8192,60,49,53,10406.297865
8192,60,49,54,10307.565648
8192,60,49,55,12126.488019
8192,60,49,56,12150.552715
8192,60,49,57,10408.597716
8192,60,49,58,10391.608569
8192,60,49,59,10332.235453
8192,60,49,60,10397.937847
8192,60,50,1,10381.714360
8192,60,50,2,10425.484779
8192,60,50,3,10359.931198
8192,60,50,4,10290.763054
8192,60,50,5,10393.379268
8192,60,50,6,11220.320251
8192,60,50,7,10365.145245
8192,60,50,8,10370.774449
8192,60,50,9,10305.939652
8192,60,50,10,12112.542921
8192,60,50,11,10326.317994
8192,60,50,12,10361.387131
8192,60,50,13,10485.452268
8192,60,50,14,12105.261219
8192,60,50,15,10402.076876
8192,60,50,16,10347.438363
8192,60,50,17,10315.719085
8192,60,50,18,10532.754494
8192,60,50,19,10440.203952
8192,60,50,20,10482.493648
8192,60,50,21,10362.605601
8192,60,50,22,10504.344475
8192,60,50,23,10367.308480
8192,60,50,24,10469.063243
8192,60,50,25,10381.923810
8192,60,50,26,12117.300915
8192,60,50,27,12101.619594
8192,60,50,28,10309.994630
8192,60,50,29,10245.371165
8192,60,50,30,10384.904229
8192,60,50,31,10407.913390
8192,60,50,32,10261.142553
8192,60,50,33,10302.249611
8192,60,50,34,10344.925465
8192,60,50,35,10369.047440
8192,60,50,36,10359.625709
8192,60,50,37,10366.406068
8192,60,50,38,10358.279788
8192,60,50,39,10265.856659
8192,60,50,40,10374.190467
8192,60,50,41,10410.022486
8192,60,50,42,10213.970793
8192,60,50,43,10275.590697
8192,60,50,44,10333.510253
8192,60,50,45,10246.666254
8192,60,50,46,10353.004301
8192,60,50,47,10282.648488
8192,60,50,48,10398.701936
8192,60,50,49,10382.381733
8192,60,50,50,10458.345381
8192,60,50,51,10244.313016
8192,60,50,52,10232.702377
8192,60,50,53,10245.830938
8192,60,50,54,10247.243394
8192,60,50,55,10408.118605
8192,60,50,56,10354.685502
8192,60,50,57,10227.844759
8192,60,50,58,10366.173148
8192,60,50,59,10287.472853
8192,60,50,60,10354.552754
